cla32,0,919,56.5
cla32,0,902,49.4
cla32,0,902,49.4
cla32,0,950,57
cla32,0.32768,897,49.4
cla32,0.32768,907,56.5
cla32,84.54144,878,52.3
cla32,84.54144,878,50
cla32,85.1968,878,46.2
cla32,168.7552,886,50.8
cla32,169.73824,876,51.1
cla32,255.06238,857,45
cla32,270.6608,855,44.8
cla32,1032.56245,808,38.7
cla32,1406.09075,755,42.1
cla32,1866.00459,825,44
cla32,5453.25056,869,46.8
cla32,5464.04189,859,44.6
cla32,5486.60959,854,44.6
cla32,5592.73466,737,40.9
cla32,5764.28105,847,44.6
cla32,5776.56248,810,44.3
cla32,5836.4821,833,44.4
cla32,6099.87902,772,41.8
cla32,6546.34319,772,39.5
cla32,6572.07599,827,44.1
cla32,9004.87071,762,45.6
cla32,10345.14061,744,41
cla32,10507.95133,714,42
cla32,10737.41824,891,49.8
cla32,10737.41824,891,50.6
cla32,10738.0736,884,49.4
cla32,10738.72896,880,50.8
cla32,10813.57517,863,46.9
cla32,10821.95968,891,50.2
cla32,10822.28736,880,48.7
cla32,10822.28736,867,46.8
cla32,10953.954,854,44.6
cla32,11171.55428,732,41.1
cla32,11209.21561,861,37.9
cla32,11237.48942,812,44.3
cla32,11550.69683,803,39.3
cla32,11707.51488,820,47.3
cla32,11741.27305,810,46.6
cla32,11807.58016,862,46.3
cla32,11832.67328,859,46.3
cla32,12226.56767,834,44.2
cla32,12378.5152,776,38.4
cla32,12844.44664,747,39.5
cla32,13061.86618,776,38.4
cla32,13070.74783,725,40
cla32,14617.57178,777,39.5
cla32,14827.11309,677,39.1
cla32,16110.85156,857,46.5
cla32,16516.12305,828,44.3
cla32,16615.93333,791,42
cla32,17670.69788,720,40.6
cla32,17963.72322,766,39.5
cla32,18175.12544,766,39.9
cla32,18559.71433,786,43.9
cla32,18931.44,720,40
cla32,18971.21213,671,39.5
cla32,19097.32318,765,45.6
cla32,19693.12249,805,46.4
cla32,21474.83648,912,56.5
cla32,21474.83648,912,56.5
cla32,21475.16416,889,53.7
cla32,21475.16416,866,46.8
cla32,21475.16416,902,49.4
cla32,21476.1472,903,56.5
cla32,21476.80256,892,57.1
cla32,21634.84507,670,39
cla32,22008.26977,832,40.4
cla32,22396.07016,662,39.5
cla32,22809.2256,760,39.5
cla32,22951.26569,755,42.1
cla32,23225.78432,822,47.3
cla32,23331.22091,672,39.5
cla32,23822.48299,732,39.5
cla32,24374.2725,758,45.6
cla32,24578.16093,787,42.6
cla32,26909.2096,829,46.3
cla32,27264.92257,726,40
cla32,27321.68249,825,39
cla32,27442.41669,852,37.9
cla32,27675.96036,667,39.5
cla32,28283.33213,672,39.5
cla32,28563.64285,760,39.5
cla32,28904.14571,673,37.9
cla32,28984.93829,677,38.3
cla32,29001.2464,706,40
cla32,29123.49446,716,38.3
cla32,29163.06523,780,42.5
cla32,29226.32146,773,40.9
cla32,29438.56983,669,39.5
cla32,29663.94365,754,45.6
cla32,29733.49484,715,38.2
cla32,30778.62533,635,37.2
cla32,32212.25472,895,49.8
cla32,32212.91008,881,49.4
cla32,32213.56544,881,48.1
cla32,32289.27175,708,42.1
cla32,32353.74111,868,48.1
cla32,32470.428,873,48.1
cla32,33572.95337,681,39.1
cla32,33628.53346,795,43.4
cla32,33838.80824,844,44.5
cla32,33879.86202,781,40.1
cla32,34092.15004,849,45
cla32,34393.06287,838,43.7
cla32,34977.80224,850,46.3
cla32,35468.37488,783,39.5
cla32,36415.30131,725,40
cla32,36548.24061,636,39.5
cla32,37630.36224,633,37.2
cla32,37667.06764,871,51.1
cla32,37967.48663,820,44.3
cla32,38117.16404,787,41.8
cla32,38750.90029,629,37.2
cla32,38902.7894,862,38.4
cla32,38918.46449,765,39.9
cla32,39473.15917,730,38.7
cla32,39546.87504,766,39.5
cla32,39576.57769,715,38.2
cla32,39921.99004,672,37.9
cla32,41705.14426,624,37.2
cla32,41820.68183,675,39.1
cla32,42950.00064,877,51.1
cla32,42950.00064,869,51.1
cla32,42950.98368,885,50
cla32,43034.54208,883,50
cla32,43384.7577,807,44.3
cla32,43507.4145,777,41.6
cla32,43542.14708,848,37.9
cla32,44560.10961,770,36.9
cla32,44785.59527,741,39.5
cla32,46161.64371,530,39.5
cla32,47119.87838,622,37.2
cla32,48318.70976,877,51.1
cla32,48403.17438,868,46
cla32,48405.46494,863,51.1
cla32,48758.76254,801,43.9
cla32,48814.63759,861,42.7
cla32,48836.08262,846,37.5
cla32,49198.68626,818,43.2
cla32,49540.90378,683,39.1
cla32,49861.44719,755,42.1
cla32,50254.32785,726,38.5
cla32,50336.20147,770,40.5
cla32,51271.38812,654,39.1
cla32,51518.39316,695,40.4
cla32,51521.46133,689,40.1
cla32,53213.86481,749,42.5
cla32,53497.35479,667,40.9
cla32,53687.41888,890,49.4
cla32,53771.55718,875,48.1
cla32,55298.21623,815,47.3
cla32,56111.41002,781,40.1
cla32,56305.48865,799,43.3
cla32,56815.13001,575,39.5
cla32,57647.42175,719,40
cla32,58859.43612,702,42.1
cla32,59057.11104,877,51.1
cla32,59067.63836,567,39.5
cla32,60525.81337,793,42.5
cla32,60554.43069,556,39.5
cla32,60715.67071,706,42.4
cla32,60794.66951,792,42.5
cla32,61013.23731,685,41.9
cla32,62958.82669,765,39.5
cla32,64425.82016,881,50
cla32,64543.19694,859,47.3
cla32,65071.93835,840,40.4
cla32,65569.3423,641,39.5
cla32,65703.04735,822,39
cla32,69419.67151,678,39.5
cla32,71726.76136,706,40
cla32,75161.92768,897,49.4
cla32,75163.2384,880,50
cla32,75555.7497,812,44.3
cla32,75656.94265,831,44.4
cla32,76409.03849,628,39.5
cla32,78444.11343,740,39.5
cla32,81451.41997,566,39.5
cla32,82564.27194,713,39.7
cla32,85676.96653,704,42.1
cla32,86108.72904,571,39.5
cla32,90184.15536,556,39.5
cla32,91564.77984,673,42.4
cla32,94154.33212,662,39.1
cla32,101759.9213,529,39.5
cla32,128909.0927,864,42
cla32,148645.2333,618,37.2
cla32,184088.2843,525,39.5
cla32,207892.2491,613,37.2
cla32,264489.7999,655,42.1
cla32,265761.3423,646,42.1
cla32,269035.9888,582,41.9
cla32,270199.5933,615,36.5
cla32,270217.6965,621,36.5
cla32,270280.3386,654,42.1
cla32,271145.1697,591,44.2
cla32,275923.6333,582,41.9
cla32,276645.1603,639,38.5
cla32,282993.2515,625,37.9
cla32,291980.8364,632,37.9
cla32,293476.9163,614,37.9
cla32,301321.1343,654,42.1
cla32,302573.0476,646,42.1
cla32,303764.9454,647,42.1
cla32,306826.6691,559,35.2
cla32,314811.8144,555,34.4
cla32,321754.6344,524,37.2
cla32,323450.5025,519,37.2
cla32,325930.5545,524,37.2
cla32,330081.6384,540,34.4
cla32,335112.0766,520,37.2
cla32,335208.9359,520,34.4
cla32,335710.0717,633,37.9
cla32,336523.1552,545,34.4
cla32,340531.0196,640,37.9
cla32,345630.5561,619,37.9
cla32,347114.2378,620,37.9
cla32,348430.8088,505,37.2
cla32,362437.8327,559,35.2
cla32,363809.641,506,37.2
cla32,376746.1256,541,34.4
cla32,387403.4063,546,34.4
cla32,395613.77,513,37.2
cla32,406946.9372,512,37.2
cla32,620340.2063,606,38.3
cla32,638006.1122,572,37.3
cla32,642433.1225,572,37.3
cla32,645028.7323,586,38.5
cla32,645564.8566,589,37.3
cla32,646885.9584,572,37.3
cla32,657529.2896,600,37.7
cla32,673979.9296,572,37.3
cla32,706641.0355,509,38
cla32,709067.9097,516,34.4
cla32,723311.5324,607,38.3
cla32,727866.9649,508,38
cla32,765867.5984,509,34.4
cla32,810329.1262,461,34.4
cla32,822039.6737,462,34.4
cla32,839131.9363,462,34.4
cla32,868188.0445,472,34.4
cla32,1187303.82,501,37.2
cla32,1220832.28,492,36
cla32,1229348.88,498,36.8
cla32,1280109.085,474,37.1
cla32,1292800.782,502,38
cla32,1308377.99,465,36.5
cla32,1321104.994,459,36.5
cla32,1352591.801,458,36.5
cla32,1361563.072,485,36
cla32,1533191.668,458,41.2
cla32,2792425.018,442,37.5
cla32,2801825.95,452,36.5
cla32,2885429.853,450,41.2
cla32,2900321.962,450,41.2
cla32,2906565.81,451,41.2
cla32,2952675.445,432,42
cla32,2953287.961,431,42
cla32,2979191.075,435,41.2
cla32,3009446.227,401,38
cla32,3027522.979,392,38
cla32,3054179.691,391,38
cla32,3060537.66,420,41.3
cla32,3065932.455,387,38
cla32,3066036.004,407,38.1
cla32,3284848.186,605,41.6
cla32,3383869.773,577,35.9
cla32,3398122.92,347,39.8
cla32,3398283.553,602,36.4
cla32,3402526.465,549,35.9
cla32,3439395.811,318,39.4
cla32,3466719.878,319,39.4
cla32,3471696.516,380,37.6
cla32,3481419.461,374,34.7
cla32,3483534.377,317,39.8
cla32,3484356.879,531,35.9
cla32,3512564.123,371,34.3
cla32,3518192.413,330,39.8
cla32,3570219.325,338,39.8
cla32,3581683.782,323,39.8
cla32,3799529.661,309,39.4
cla32,3818808.412,436,35.3
cla32,3850557.516,466,35.4
cla32,3863246.762,527,35.9
cla32,3866644.998,418,34.8
cla32,3878797.101,527,35.9
cla32,3885172.76,514,35.9
cla32,3892557.771,298,39.3
cla32,3912525.625,291,39.3
cla32,3927880.681,407,34.8
cla32,3932854.332,304,39.4
cla32,3934157.927,290,39.3
cla32,3960667.138,439,35.4
cla32,3962723.034,438,35.3
cla32,3982820.282,395,34.8
cla32,3985920.82,305,39.4
cla32,3992099.394,411,34.8
cla32,4006419.621,394,34.8
cla32,4081801.225,289,39.3
cla32,4107871.887,285,39.3
cla32,4128782.624,284,39.3
cla32,4135326.173,508,35.9
cla32,4174974.276,503,35.9
cla32,4250116.854,491,35.9
cla32,4473698.643,488,35.9
cla32,4512494.328,479,35.8
cla32,4534626.568,479,35.8
cla32,4728367.294,473,35.8
cla32,4987594.661,389,34.8
cla32,4996033.436,384,33.4
cla32,5040119.206,379,33.4
cla32,5065409.984,364,33.3
cla32,7277613.617,356,35.4
cla32,7951560.679,432,36.6
cla32,7981715.951,384,38.4
cla32,7985110.829,434,37.7
cla32,8002516.274,433,37.7
cla32,8007937.426,405,37
cla32,8028906.484,413,37.2
cla32,8051902.009,410,37
cla32,8068965.429,382,38.4
cla32,10074149.36,354,35.4
cla32,10546330.98,333,35.3
cla32,10594766.57,344,35.6
cla32,10696597.74,344,35.6
cla32,10697539.39,344,35.6
cla32,10763121.81,341,35.6
cla32,10941553.95,346,35.7
cla32,11178947.5,351,35.7
cla32,11247990.25,467,35.8
cla32,11461337.56,457,35.4
cla32,11574617.41,452,35.4
cla32,11574808.07,460,35.4
cla32,11630911.91,446,34.9
cla32,11638223.16,456,35.4
cla32,11652257.83,366,35.6
cla32,11653940.74,446,34.9
cla32,11655374.64,366,35.6
cla32,11663857.31,364,35.6
cla32,11699365.47,383,35.6
cla32,11719056.93,412,39.1
cla32,11755901.91,369,35.6
cla32,11820657.73,359,35.6
cla32,11886050.59,449,34.9
cla32,11982037.19,290,32.4
cla32,11997605.01,329,36
cla32,12031919.58,283,33.2
cla32,12062782.42,295,32.7
cla32,12118934.26,290,33
cla32,12134857.19,300,34.4
cla32,12140863.98,285,32.4
cla32,12142732.96,283,33.2
cla32,12227904.87,300,34.4
cla32,12348825.02,280,33.2
cla32,12598840.81,279,33.2
cla32,12619948.04,279,33.2
cla32,13098137.9,359,38.3
cla32,13224895.99,357,38.3
cla32,13768382.26,352,38.3
cla32,14640599.37,349,36
cla32,14727862.33,349,36
cla32,14764217.02,331,32
cla32,14833693.6,350,35.3
cla32,18993536.17,323,34.1
cla32,18995868.86,305,33.3
cla32,19028710,305,33.3
cla32,21147912.23,204,32.2
cla32,21575762.55,219,32.3
cla32,21672254.52,218,32.3
cla32,22089450.48,167,31.4
cla32,22183168.28,164,31
cla32,22190660.35,158,30.6
cla32,22363410.66,324,35.4
cla32,22456687.53,173,31.8
cla32,22457736.06,190,31.8
cla32,22465563.54,344,38.3
cla32,22493170.86,335,37.3
cla32,22545077.19,227,32.7
cla32,22578438.61,344,38.3
cla32,22618503.96,346,38.3
cla32,22660131.15,193,31.8
cla32,22671205.93,198,32.2
cla32,22827035.16,304,36.2
cla32,22845320.67,152,30.6
cla32,22856330.45,304,35.4
cla32,22883304.83,294,36.5
cla32,22923968.72,177,31.8
cla32,22924771.46,303,35.4
cla32,22963895.45,183,31.8
cla32,22972011.79,308,35.4
cla32,22995981.92,237,34.1
cla32,22998375.19,171,31.8
cla32,23014205.52,317,35.4
cla32,23034171.56,262,36.7
cla32,23053183.02,221,31.9
cla32,23084764.91,228,32.2
cla32,23104688.77,226,32.7
cla32,23106135.24,296,36.5
cla32,23165836.58,297,36.5
cla32,23207896.43,247,36.7
cla32,23232919.97,247,36.7
cla32,23435778.41,274,37.2
cla32,23521832.76,261,37.5
cla32,23535821.02,264,36.7
cla32,23560392.4,142,27.4
cla32,23583903.33,147,27.8
cla32,23614514.2,217,32.9
cla32,24061997.88,212,32.5
cla32,24340995.07,277,37.3
cla32,24713939.05,215,32.9
cla32,24829093.67,282,38.1
cla32,24893068.86,289,36.5
cla32,25035276.27,291,36.5
cla32,25241496.43,216,33.3
cla32,26682250.42,137,23.9
cla32,27975207.68,298,33.3
cla32,28201189.55,299,33.3
cla32,28686509.77,271,33.1
cla32,28738779.24,296,31.6
cla32,28947457.52,295,31.6
cla32,29013759.25,288,32.1
cla32,29036771.45,288,32.1
cla32,29093707.1,288,32.1
cla32,29215010.8,287,32.1
cla32,29550669.24,235,30.9
cla32,29565393.4,241,30.9
cla32,29782200.46,130,24.6
cla32,31230265.2,257,30.6
cla32,31656968.94,274,33.1
cla32,31748287.78,285,32.1
cla32,32467057.41,168,26.9
cla32,33167799.58,255,31.9
cla32,33297833.5,266,33.1
cla32,33338304.69,242,30.9
cla32,33351294.28,255,31.9
cla32,33584882.46,266,30.6
cla32,33852504.55,247,33.8
cla32,34565621.09,121,25.7
cla32,34624234.54,121,25.7
cla32,34703608.35,121,25.7
cla32,36235955.11,170,28.5
cla32,36518270,199,29.9
cla32,37015734.26,166,26.7
cla32,37183695.79,171,28.5
cla32,37277485.4,194,28
cla32,37471288.31,156,26.7
cla32,37552008.91,189,28.5
cla32,37641586.5,162,26.7
cla32,37654543.13,198,29.9
cla32,37850551.33,137,25.3
cla32,37961273.92,135,25.3
cla32,38036798.29,212,30.9
cla32,38143203.49,215,30.9
cla32,38227393.79,148,24.9
cla32,38368880,223,30.9
cla32,38380335.29,217,30.9
cla32,38488737.8,142,25.3
cla32,38494387.52,212,30.9
cla32,38525807.64,223,30.9
cla32,38545787.3,144,24.9
cla32,38592919.49,232,30.9
ksa32,0,1108,27
ksa32,0,1120,27
ksa32,0,1114,27
ksa32,0,1100,27
ksa32,5.24288,1066,26.3
ksa32,36.70016,1032,25.7
ksa32,50.07976,1017,24.4
ksa32,57.67168,1042,23.6
ksa32,61.60384,1100,27.7
ksa32,62.91456,1036,23.2
ksa32,83.88608,1033,23.2
ksa32,85.32029,942,25.1
ksa32,96.99328,1031,25.7
ksa32,110.35092,1023,24
ksa32,129.49734,975,26.3
ksa32,178.25792,1034,23.2
ksa32,335.54432,1095,26.6
ksa32,346.03008,1032,25.7
ksa32,349.96224,1034,25.7
ksa32,362.71062,989,25.6
ksa32,381.50642,980,25.3
ksa32,393.216,1067,26.3
ksa32,414.42383,983,24.9
ksa32,422.22339,995,24.9
ksa32,524.288,1036,23.2
ksa32,525.59872,1033,23.2
ksa32,671.08864,1072,26.7
ksa32,671.08864,1091,26.6
ksa32,671.08864,1081,27
ksa32,672.39936,1083,26.6
ksa32,676.33152,1036,23.2
ksa32,692.06016,1051,26.3
ksa32,703.85664,1036,23.2
ksa32,713.03168,1067,26.6
ksa32,778.56768,1062,26.3
ksa32,838.8608,1090,26.6
ksa32,883.42528,1036,23.2
ksa32,889.79864,945,25.1
ksa32,938.47552,1047,29.3
ksa32,993.57424,895,25.4
ksa32,1098.38336,1073,26.7
ksa32,1104.04846,891,25.4
ksa32,1254.49581,904,25.4
ksa32,1342.17728,1076,26.7
ksa32,1342.17728,1111,26.6
ksa32,1342.17728,1093,27
ksa32,1342.17728,1117,26.6
ksa32,1342.17728,1103,26.6
ksa32,1343.488,1088,27
ksa32,1363.1488,1085,28.7
ksa32,1385.31559,999,24.9
ksa32,1437.85984,1029,24
ksa32,1447.03488,1036,23.2
ksa32,1450.16855,921,25.4
ksa32,1677.7216,1074,28.7
ksa32,1688.20736,1036,23.2
ksa32,1862.53312,1062,26.4
ksa32,1873.01888,1036,23.2
ksa32,1965.58121,901,25.9
ksa32,2013.26592,1092,26.7
ksa32,2051.70778,955,23.3
ksa32,2139.48845,890,24
ksa32,2225.6747,895,22
ksa32,2444.50682,928,25.4
ksa32,2460.01008,936,25.1
ksa32,2470.26258,949,23.7
ksa32,2852.12672,1046,29.3
ksa32,2932.52915,902,25.4
ksa32,2964.84864,1061,25.6
ksa32,3026.45248,1036,23.2
ksa32,3103.78496,1102,28.7
ksa32,3190.29248,1045,25.6
ksa32,3207.25582,988,24.9
ksa32,3228.82865,924,25.4
ksa32,3295.43486,953,25.3
ksa32,3355.4432,1108,27
ksa32,3355.4432,1085,26.7
ksa32,3424.64993,989,25.3
ksa32,3569.99649,898,25.4
ksa32,3806.32484,947,27.3
ksa32,4026.53184,1097,26.6
ksa32,4195.61472,1074,26.6
ksa32,4362.07616,1103,26.6
ksa32,4372.56192,1084,27
ksa32,4487.90528,1072,31.1
ksa32,4537.71264,1068,26.8
ksa32,4540.25178,894,22.9
ksa32,4556.06272,1033,23.2
ksa32,4637.78018,906,25.4
ksa32,4666.60359,904,21.9
ksa32,4697.62048,1093,27
ksa32,4739.56352,1084,26.6
ksa32,4741.91592,986,25.3
ksa32,4843.0008,873,25.4
ksa32,5371.33056,1036,23.2
ksa32,5381.81632,1032,24
ksa32,5384.43776,1047,29.3
ksa32,5431.00003,895,25.8
ksa32,5497.15968,1036,23.2
ksa32,5505.024,1047,29.3
ksa32,5536.48128,1051,25.6
ksa32,5704.25344,1095,28.7
ksa32,5705.56416,1033,23.2
ksa32,5794.30907,882,25.3
ksa32,5817.22568,974,26.3
ksa32,5987.36896,1036,23.2
ksa32,6137.05966,924,22.1
ksa32,6144.65536,1083,31.1
ksa32,6657.68324,908,25.4
ksa32,6746.27584,1036,23.2
ksa32,6799.61492,893,25.3
ksa32,6800.01536,1036,23.2
ksa32,6840.82565,898,25.8
ksa32,7056.91648,1060,26.3
ksa32,7214.20288,1034,23.2
ksa32,7637.37663,917,25.4
ksa32,8178.8928,1036,23.2
ksa32,8234.12053,818,25.5
ksa32,8241.80736,1066,26.3
ksa32,8347.42735,813,25.5
ksa32,8458.08477,958,25.3
ksa32,8866.44499,994,22.9
ksa32,8981.76389,848,26.5
ksa32,9208.81517,877,25.1
ksa32,9418.95997,998,23.1
ksa32,9678.48991,887,25.4
ksa32,11020.38732,907,22
ksa32,11065.63264,808,25.4
ksa32,11193.88896,1003,24
ksa32,11320.33766,823,25.5
ksa32,11619.31749,806,25.4
ksa32,11771.77135,1026,23.3
ksa32,12048.55181,934,25.1
ksa32,12103.18848,1036,23.2
ksa32,12188.21443,808,25.5
ksa32,12362.88988,861,27.2
ksa32,12566.86994,963,25.3
ksa32,12578.47579,1009,25
ksa32,12894.86336,1042,23.6
ksa32,13818.92096,1029,24
ksa32,15184.6912,1034,25.7
ksa32,16525.55776,1033,23.2
ksa32,16779.83744,1036,23.2
ksa32,18317.63405,793,25.4
ksa32,20500.6354,856,25.4
ksa32,21478.97147,1024,25
ksa32,21496.05748,1023,24
ksa32,21507.60448,1032,25.7
ksa32,21517.05918,969,25.6
ksa32,21518.09024,1042,23.6
ksa32,22334.6688,1032,24
ksa32,22730.50624,1036,23.2
ksa32,22837.98528,1036,23.2
ksa32,22858.9568,1034,23.2
ksa32,22933.96486,955,25.1
ksa32,23156.79285,944,25.1
ksa32,23292.80512,1031,25.7
ksa32,23316.07507,930,22.3
ksa32,23619.1744,1031,25.7
ksa32,23771.21792,1029,24
ksa32,23774.10449,912,22.1
ksa32,23898.35776,1036,23.2
ksa32,24206.37696,1055,25.6
ksa32,24389.87776,1036,23.2
ksa32,25647.71297,879,21.6
ksa32,26363.82208,1056,26.4
ksa32,26843.5456,1036,23.2
ksa32,26865.82784,1072,28.7
ksa32,26869.76,1029,24
ksa32,26873.05935,961,22.6
ksa32,27623.91726,998,22.9
ksa32,27707.80146,913,22.1
ksa32,28489.02459,797,25.4
ksa32,28565.83168,1036,23.2
ksa32,28690.36838,963,25.4
ksa32,28983.95136,1032,24
ksa32,29538.60441,906,22.1
ksa32,29716.64384,1032,25.7
ksa32,30335.30368,1033,23.2
ksa32,30878.60564,889,25.3
ksa32,31234.77635,833,25.6
ksa32,32555.66336,1032,25.7
ksa32,32838.60416,912,25.4
ksa32,32873.46776,841,27.7
ksa32,33008.92445,872,25.5
ksa32,33643.56096,1042,23.6
ksa32,33701.89355,815,25.5
ksa32,33722.20416,1036,23.2
ksa32,33806.94981,918,25.1
ksa32,33891.36526,938,25.1
ksa32,33985.39558,859,25.4
ksa32,34399.08623,911,25.4
ksa32,34457.81835,888,23.3
ksa32,35363.2256,1034,23.2
ksa32,35474.3462,910,25.4
ksa32,35921.49188,892,23.6
ksa32,36067.33304,907,25.1
ksa32,36335.77984,1033,23.2
ksa32,36427.30827,842,27.7
ksa32,37428.65437,860,27.3
ksa32,37993.00475,820,25.5
ksa32,40382.23166,809,25.5
ksa32,40482.89792,1042,23.6
ksa32,42954.91584,1033,23.2
ksa32,43033.55904,1061,26.4
ksa32,43117.44512,1042,23.6
ksa32,43154.14528,1029,24
ksa32,43270.7199,782,23.5
ksa32,43290.46016,1036,23.2
ksa32,43632.55808,1036,23.2
ksa32,43664.01536,1036,23.2
ksa32,43872.41984,1052,29.3
ksa32,44224.32666,842,27.3
ksa32,44313.06841,1019,25
ksa32,44385.25176,994,24.4
ksa32,44430.4135,889,25.4
ksa32,44583.31303,959,23.8
ksa32,44632.63744,1036,23.2
ksa32,44648.36608,1031,25
ksa32,45675.97056,1051,25.6
ksa32,45850.29632,1036,23.2
ksa32,45897.48224,1036,23.2
ksa32,46682.91426,896,25.5
ksa32,46728.28297,934,25.4
ksa32,47332.72064,1034,23.2
ksa32,47871.93169,841,25.5
ksa32,48371.14727,809,25.5
ksa32,48736.99212,981,25.3
ksa32,48943.75321,960,25.1
ksa32,49671.04512,1036,23.2
ksa32,49790.71614,828,26.8
ksa32,49827.12186,922,25.4
ksa32,50168.04067,958,25.3
ksa32,51065.6512,1036,23.2
ksa32,51339.84135,1025,25
ksa32,51485.94362,924,25.1
ksa32,52704.3011,1027,23.2
ksa32,52961.91223,832,25.6
ksa32,53726.4128,1036,23.2
ksa32,53847.10866,960,25
ksa32,55136.74752,1036,23.2
ksa32,55218.01216,1036,23.2
ksa32,55455.50526,883,25.4
ksa32,55470.16555,872,25.1
ksa32,57029.0103,832,25.5
ksa32,57090.58154,793,25.4
ksa32,57717.5552,1036,23.2
ksa32,57818.48064,1036,23.2
ksa32,59391.34464,1032,25.7
ksa32,59759.65696,1036,23.2
ksa32,63172.77184,1032,25.7
ksa32,64434.9952,1029,24
ksa32,64634.22464,1036,23.2
ksa32,64828.2112,1036,23.2
ksa32,65693.29278,893,23.6
ksa32,65857.66519,816,26.7
ksa32,66351.03259,912,25.4
ksa32,66908.73968,872,26
ksa32,67298.9184,1036,23.2
ksa32,67553.08785,854,25.4
ksa32,67578.72033,856,25.4
ksa32,68018.82176,857,22.8
ksa32,68071.99691,840,22.4
ksa32,69836.3051,1001,25.7
ksa32,71048.23265,766,25.3
ksa32,72499.85536,1029,24
ksa32,72658.77434,783,23.5
ksa32,73261.444,771,25.3
ksa32,75220.14171,887,21.6
ksa32,75414.89664,1036,23.2
ksa32,75581.35808,1036,23.2
ksa32,75927.89281,779,22
ksa32,76252.60084,775,25.3
ksa32,76277.60064,835,24.8
ksa32,77321.81999,774,25.3
ksa32,81871.93797,769,24.8
ksa32,81954.15382,806,22.4
ksa32,83500.45223,817,26.7
ksa32,83567.99148,770,24.9
ksa32,84465.3793,857,22.8
ksa32,85021.61734,851,25.4
ksa32,85072.15548,770,24.8
ksa32,88119.82081,858,22.8
ksa32,89860.4669,790,26.2
ksa32,89944.69172,1015,24
ksa32,95050.93022,844,25.9
ksa32,95415.7618,821,24.2
ksa32,96820.26496,1036,23.2
ksa32,96951.34461,762,21.1
ksa32,98148.02432,1031,25
ksa32,98231.71766,779,21.6
ksa32,98240.08626,782,21.6
ksa32,98387.30582,834,24.8
ksa32,100137.4748,855,25.9
ksa32,100407.9342,756,25.3
ksa32,102259.171,829,24.8
ksa32,103096.8191,773,25.3
ksa32,104282.4171,934,25.1
ksa32,107198.9441,764,24.8
ksa32,108058.3782,1036,23.2
ksa32,108644.0217,770,25.3
ksa32,115913.4137,924,25.4
ksa32,120920.4334,770,24.8
ksa32,134162.326,795,21.6
ksa32,135845.8597,829,24.8
ksa32,170080.4981,756,24.8
ksa32,203313.2313,749,24.8
ksa32,208193.7069,730,21.1
ksa32,223874.661,732,21.1
ksa32,229440.8173,722,21.1
ksa32,232404.0199,739,21.1
ksa32,267854.0565,805,27.7
ksa32,268904.8993,826,27.7
ksa32,272253.8668,816,27.7
ksa32,274590.8162,822,27.7
ksa32,275593.2109,781,25.4
ksa32,276005.3258,787,27.7
ksa32,277711.3133,790,27.7
ksa32,279806.0362,759,25.4
ksa32,289317.5107,773,25.4
ksa32,289721.3908,817,27.7
ksa32,299823.9018,788,27.7
ksa32,304636.1001,704,25.8
ksa32,306568.5642,734,25.3
ksa32,311410.7325,713,21.3
ksa32,312157.4499,713,21.3
ksa32,313157.3424,796,27.7
ksa32,318340.6758,719,21.3
ksa32,321325.9515,820,27.7
ksa32,323677.4799,703,25.2
ksa32,325455.8201,730,25.3
ksa32,326852.8975,732,23
ksa32,327853.4534,745,21.5
ksa32,330285.1466,746,26.7
ksa32,334806.1402,776,25.4
ksa32,338727.4981,716,25.3
ksa32,343890.6997,707,25.9
ksa32,349230.5861,697,25.4
ksa32,350620.6476,723,25.3
ksa32,368156.7775,779,25.4
ksa32,370412.0703,697,25.4
ksa32,375073.0749,731,25.3
ksa32,377305.3457,738,23
ksa32,416685.1265,688,25.2
ksa32,620325.5581,717,21.1
ksa32,668083.9331,695,25.4
ksa32,678606.4634,702,21.3
ksa32,679120.7937,702,21.3
ksa32,684047.8466,697,21.3
ksa32,709314.3036,690,25.4
ksa32,726277.7038,702,21.3
ksa32,762023.6879,691,25.4
ksa32,1001496.156,672,22.7
ksa32,1205653.101,649,25.2
ksa32,1244176.42,646,25.2
ksa32,1313624.719,740,26.7
ksa32,1319228.936,718,26.6
ksa32,1322755.267,714,26.1
ksa32,1406054.166,659,25.4
ksa32,1410210.894,647,25.4
ksa32,1419007.958,654,25.4
ksa32,1421301.214,661,25.4
ksa32,1432289.777,643,25.3
ksa32,1472980.849,637,25.3
ksa32,1488847.484,651,22.2
ksa32,1501051.472,692,32.2
ksa32,1506096.654,644,22.2
ksa32,1516566.962,689,32.2
ksa32,1518244.753,670,21.1
ksa32,1520011.813,679,22
ksa32,1522795.754,662,21.1
ksa32,1526991.315,584,24.4
ksa32,1529662.077,616,24.1
ksa32,1533593.289,639,22.2
ksa32,1534560.752,652,22.2
ksa32,1537482.388,582,24.6
ksa32,1538723.457,689,32.2
ksa32,1541128.978,636,21.8
ksa32,1547800.884,634,21.4
ksa32,1550579.431,662,21.1
ksa32,1555973.286,611,27.1
ksa32,1586765.553,634,21.4
ksa32,1724269.152,670,22.7
ksa32,2532818.979,664,22.7
ksa32,2584085.519,642,22.7
ksa32,2586220.506,649,22.7
ksa32,2592106.339,665,22.7
ksa32,2592527.309,649,22.7
ksa32,2613617.573,632,21.2
ksa32,2784121.637,632,25.6
ksa32,2790632.333,636,25.6
ksa32,2806970.441,617,22.3
ksa32,2809673.901,635,25.6
ksa32,2945063.922,578,23.9
ksa32,2959320.426,572,23.9
ksa32,2972709.524,582,24
ksa32,3008740.982,582,24
ksa32,3010656.013,595,20.5
ksa32,3013391.297,552,24.1
ksa32,3013500.878,545,20.8
ksa32,3014726.574,572,23.9
ksa32,3022799.485,594,20.5
ksa32,3044804.431,567,24.1
ksa32,3059142.4,598,20.5
ksa32,3066444.528,556,24.1
ksa32,3066460.139,600,20.5
ksa32,3767981.757,544,20.7
ksa32,3804642.127,540,22.3
ksa32,3817785.723,542,20.7
ksa32,3935222.287,539,25
ksa32,3989714.906,503,20.7
ksa32,4018942.865,604,27.7
ksa32,4027587.067,524,22.1
ksa32,4027783.509,601,27.7
ksa32,4038233.914,588,27.7
ksa32,4043420.109,496,28
ksa32,4044021.773,612,27.7
ksa32,4044081.944,619,27.7
ksa32,4046155.075,515,22.1
ksa32,4052620.093,488,25.3
ksa32,4076709.187,613,27.7
ksa32,4086763.537,491,25
ksa32,4114878.883,496,28
ksa32,4153264.578,513,22.1
ksa32,4157419.572,507,20.7
ksa32,4183436.894,507,20.7
ksa32,4195107.288,511,22.1
ksa32,4208074.462,507,20.7
ksa32,4352740.863,491,20.7
ksa32,5574038.598,486,25.2
ksa32,6094084.303,504,22.6
ksa32,6131532.202,507,24.9
ksa32,6229785.173,504,22.6
ksa32,6266640.062,501,23.4
ksa32,6383783.675,501,23.4
ksa32,8161568.609,569,20.4
ksa32,8207247.518,567,20.4
ksa32,8258864.568,567,20.4
ksa32,10521485.98,491,21.4
ksa32,10538643.89,499,21.4
ksa32,10632036.26,491,22.2
ksa32,15006066.76,249,21.4
ksa32,15676883.56,482,23.2
ksa32,15853818.13,465,25.5
ksa32,15865037.54,488,23.2
ksa32,15879831.98,482,23.2
ksa32,15890393.44,466,25.5
ksa32,15911263.94,486,23.2
ksa32,15976210.83,484,23.2
ksa32,16064359.9,461,23.2
ksa32,18057461.39,270,22.2
ksa32,18100997.18,593,22.3
ksa32,18130651.1,574,21.7
ksa32,18131090.02,601,22.3
ksa32,18183855.02,583,23.4
ksa32,18186239.54,259,25
ksa32,18195452.13,604,22.3
ksa32,18205204.91,602,22.3
ksa32,18206214.7,596,22.3
ksa32,18218505.03,582,23.4
ksa32,18247900.24,588,22.3
ksa32,18254331.99,571,24.1
ksa32,18264653.34,594,22.3
ksa32,18331879.21,248,21.3
ksa32,18507108.88,542,24.1
ksa32,18650096.43,523,25.9
ksa32,18683536.04,518,25.9
ksa32,18762048.96,518,25.8
ksa32,19001012.11,244,21.3
ksa32,19384596.45,443,23.2
ksa32,19431114.19,407,24.6
ksa32,19456670.26,451,23.2
ksa32,19483928.7,435,23.3
ksa32,19528648.89,408,24.6
ksa32,19543737.41,233,21.6
ksa32,19635372.57,507,25.9
ksa32,19669735.58,255,25
ksa32,19718859.92,517,25.8
ksa32,19742797.38,244,21.3
ksa32,19780451.1,239,21.6
ksa32,19883853.22,228,21.6
ksa32,19909667.75,211,21.1
ksa32,19945783.94,229,21.6
ksa32,20002500.24,228,21.6
ksa32,20002903.25,404,26.1
ksa32,20053985.88,211,21.1
ksa32,20174612.98,211,21.1
ksa32,20179754.77,223,21.6
ksa32,20205538.37,504,25.9
ksa32,20254590.84,274,20
ksa32,20259034.99,211,23.4
ksa32,20305370.06,211,23.4
ksa32,20308851.87,223,21.6
ksa32,20320785.74,211,23.4
ksa32,20399349,326,21.4
ksa32,20416277.27,270,22.2
ksa32,20441596.95,326,21.4
ksa32,20452263.88,279,20.1
ksa32,20472372.63,390,21.1
ksa32,20491442.88,282,20.1
ksa32,20509661.92,211,21.1
ksa32,20512679.42,282,20.1
ksa32,20531865.66,349,21.5
ksa32,20642179.79,380,20.1
ksa32,20672153.23,327,21.4
ksa32,20683649.47,378,21.9
ksa32,20699653.4,379,20.1
ksa32,20740984.28,361,22.5
ksa32,20781923.67,359,22.5
ksa32,20785534.62,305,20.3
ksa32,20852236.79,332,21.4
ksa32,20861268.1,371,22.5
ksa32,20871565.08,304,20.3
ksa32,20875616.35,504,25.6
ksa32,20897732.19,520,20.5
ksa32,20898797.29,532,20.5
ksa32,20899581.28,334,21.4
ksa32,20905050.28,533,20.5
ksa32,20913224.47,493,22.6
ksa32,20917776.96,501,25.6
ksa32,20923185.95,288,20.1
ksa32,20931401.75,360,22.5
ksa32,20940636.97,494,22.6
ksa32,20951539.18,517,25.6
ksa32,20957071.63,357,22.5
ksa32,20958625.27,223,21.6
ksa32,20960544.61,516,25.6
ksa32,20962555.97,491,22.6
ksa32,20964565.49,495,22.6
ksa32,20964966.25,343,21.5
ksa32,20989530.89,539,20.2
ksa32,21028393.1,534,20.5
ksa32,21066136.3,207,23.5
ksa32,21119248.06,286,20.1
ksa32,21182913.79,316,22.7
ksa32,21208253.08,323,21.4
ksa32,21289911.04,318,21.2
ksa32,21331993.26,333,21.4
ksa32,23139830.99,487,22.6
ksa32,23169291.27,487,22.6
ksa32,23198599.94,475,22.3
ksa32,23203191.35,473,22.3
ksa32,23216977.47,476,22.3
ksa32,23298582.87,477,25.5
ksa32,23774666.45,456,24.1
ksa32,23864068.96,452,20.9
ksa32,24009714.52,439,20
ksa32,24022133.95,431,20
ksa32,24047432.06,373,21.5
ksa32,24130018.62,375,21.5
ksa32,24226944.6,446,20.7
ksa32,24242005.3,376,21.5
ksa32,24363783.66,403,20.8
ksa32,24417534.8,381,20.8
ksa32,24461208.99,374,21.5
ksa32,24506434.81,378,20.8
ksa32,24521761.63,409,20.8
ksa32,24591298.49,388,20.8
ksa32,24674921.28,393,20.8
ksa32,24929163.6,374,22.5
ksa32,25010000.9,343,22.2
ksa32,25017735.16,371,22.5
ksa32,25032756.24,361,22.2
ksa32,25050420.78,320,23.9
ksa32,25059818.27,335,22.2
ksa32,25064002.35,332,22.2
ksa32,25254866.96,310,23.3
ksa32,25258395.46,334,22.2
ksa32,25293558.36,367,22.2
ksa32,25306246.48,370,22.2
ksa32,25326053.58,335,22.8
ksa32,25426872.93,336,22.2
ksa32,25445114.59,318,22.2
ksa32,25511369.67,326,22.2
ksa32,25569663.01,309,23.3
ksa32,25612955.79,315,22.2
ksa32,25625019.51,305,24.8
ksa32,25697787.84,325,23.9
ksa32,25710844.92,331,22.2
ksa32,29607642.9,466,25.9
ksa32,29769483.03,141,21.2
ksa32,29775580.23,141,21.2
ksa32,29779757.18,467,25.9
ksa32,30275533.36,444,21.5
ksa32,30850056.44,443,21.2
ksa32,31091407.03,443,21.2
ksa32,31498155.41,158,18.9
ksa32,31522627.06,158,18.9
ksa32,31812068.26,440,21.3
ksa32,32124013.96,240,21.3
ksa32,32289334.48,236,20.1
ksa32,32618348.09,240,21.3
ksa32,32740559.36,255,22.6
ksa32,32983072.86,434,28.5
ksa32,32984018.64,248,20.1
ksa32,33057682.44,431,21.6
ksa32,33061058.84,230,20.1
ksa32,33155502.58,254,22.6
ksa32,33199238.05,415,23.8
ksa32,33202673.63,253,20.1
ksa32,33239472.18,246,20.1
ksa32,33293265.88,430,21.6
ksa32,33360199.94,430,21.6
ksa32,33382391.04,392,22.2
ksa32,33405994.54,395,22.2
ksa32,33438192.61,168,20.6
ksa32,33441102.52,395,22.2
ksa32,33520619.73,245,20.5
ksa32,33558241.86,397,22.2
ksa32,33724591.69,245,20.5
ksa32,33842063.85,375,20.4
ksa32,33860870.85,385,20.4
ksa32,33874135.12,385,20.4
ksa32,33920079.9,236,20.1
ksa32,34085472.75,245,20.5
ksa32,34227095.04,358,20.4
ksa32,34351122.36,170,20.6
ksa32,34374546.19,145,18.9
ksa32,34545490.12,145,18.9
ksa32,34652147.61,222,20.1
ksa32,34907642.48,218,20.4
ksa32,34961110.7,353,25.2
ksa32,34983302.19,335,25.2
ksa32,35040928.85,327,20.7
ksa32,35043041.21,312,20.7
ksa32,35064650.84,296,23.2
ksa32,35096571.2,317,20.7
ksa32,35103458.85,313,21.5
ksa32,35122107.51,229,20.1
ksa32,35129607.86,312,21.5
ksa32,35137864.23,321,20.7
ksa32,35199985.28,287,23.2
ksa32,35259403.82,334,21.7
ksa32,35334608.63,281,23.2
ksa32,35660427.51,180,20.6
ksa32,35663070.92,173,20.5
ksa32,35942691.27,279,21.5
ksa32,36083462.36,268,21.5
ksa32,36091791.4,269,21.9
ksa32,36182688.46,281,21.5
ksa32,36201534.11,193,18.6
ksa32,36264586.32,279,21.5
ksa32,36339220.63,277,21.5
ksa32,36576629.32,270,21.5
ksa32,36656117.74,276,21.5
ksa32,36698947.1,193,18.6
ksa32,37155572.46,255,22.6
ksa32,37234156.69,257,22.5
ksa32,37316279.9,168,20.7
ksa32,37376981.72,192,18.6
ksa32,37720102.73,141,20.9
ksa32,37796160.72,193,18.6
ksa32,37816506.61,163,20.6
ksa32,37892419.93,210,18.9
ksa32,37932351.16,211,19.2
ksa32,38534452.06,189,20.6
ksa32,38624839.17,208,19.9
ksa32,38706910.65,151,18.9
mul8,0,1029,61
mul8,0,1045,61.4
mul8,0,1056,61.4
mul8,0,1030,61
mul8,0,1064,62.1
mul8,0,1050,61.4
mul8,0,1052,61.4
mul8,0,1035,61
mul8,0,1040,60.6
mul8,0,1041,61.4
mul8,0,1060,61.8
mul8,0,1037,61
mul8,0.24926,1022,61.1
mul8,0.24978,1022,61.1
mul8,0.25,1022,61.1
mul8,0.25282,1022,61.1
mul8,0.31274,1020,61.1
mul8,0.81328,1017,61.1
mul8,0.93818,1013,61.5
mul8,4.05315,1019,61.4
mul8,5.75129,1019,61.4
mul8,6.3194,1006,61.5
mul8,6.70376,1002,61
mul8,8.24314,1006,60.8
mul8,8.93672,1008,61.6
mul8,9.78122,1000,61.2
mul8,9.84253,1009,61.6
mul8,24.0913,1003,61
mul8,25.49774,1001,61
mul8,26.06546,999,60.9
mul8,39.79368,997,62
mul8,40.25315,982,60.6
mul8,41.25931,986,61
mul8,77.3932,996,62.9
mul8,83.67162,987,64.3
mul8,84.07622,971,60.2
mul8,84.27768,969,60.4
mul8,84.47668,992,64.3
mul8,84.51518,962,60
mul8,85.30534,948,60
mul8,85.53195,951,60.4
mul8,85.75627,967,60.4
mul8,88.4103,980,60.8
mul8,88.41943,922,60.3
mul8,89.66844,976,59.8
mul8,90.10748,974,59.8
mul8,93.6988,972,59.7
mul8,94.01414,871,58.9
mul8,95.05454,822,60.3
mul8,95.14016,869,58.9
mul8,95.42547,914,60.3
mul8,95.56982,909,60.3
mul8,95.60317,909,60.4
mul8,95.72653,864,58.9
mul8,96.03081,900,60.4
mul8,139.80048,835,58
mul8,141.23887,961,59.7
mul8,142.32424,828,58
mul8,148.02479,881,58.6
mul8,150.46396,893,59.3
mul8,151.90935,876,58.6
mul8,154.88141,949,59.7
mul8,155.29984,941,59.7
mul8,155.60501,931,60.1
mul8,158.45238,946,59.7
mul8,159.01881,939,59.8
mul8,159.13771,863,58.5
mul8,160.79659,868,58.5
mul8,162.41181,869,58.5
mul8,196.34699,821,58.4
mul8,197.40352,810,58.4
mul8,198.26775,808,58.1
mul8,272.18353,799,57.8
mul8,320.03141,797,57.8
mul8,320.77963,752,56.9
mul8,322.53013,746,56.9
mul8,322.99339,654,55.4
mul8,323.39866,705,56.6
mul8,323.49564,771,57.6
mul8,323.52605,740,56.7
mul8,323.63687,699,56.6
mul8,323.71109,771,57.6
mul8,323.77294,653,55.4
mul8,326.06582,770,57.6
mul8,326.33951,650,55.4
mul8,326.59806,756,56.9
mul8,326.80897,778,57.4
mul8,327.26499,760,56.9
mul8,327.57154,695,56.6
rca32,0.24877,687,30.1
rca32,0.24901,687,30.1
rca32,0.25057,687,30.1
rca32,0.25238,687,30.1
rca32,0.62618,683,30.1
rca32,1.12243,674,30.1
rca32,4.10477,679,28.9
rca32,4.18989,665,30.1
rca32,4.55154,675,28.9
rca32,12.39044,663,28.7
rca32,12.45702,650,28.7
rca32,14.37466,674,28.7
rca32,15.09086,657,28.7
rca32,15.18589,670,28.7
rca32,16.24221,628,28.7
rca32,16.28881,617,28.7
rca32,16.40769,643,28.7
rca32,16.54329,649,28.7
rca32,16.72824,637,28.7
rca32,18.26215,610,28.7
rca32,22.47923,610,28.7
rca32,23.77148,654,28.7
rca32,29.72661,603,31.3
rca32,29.7706,606,29.6
rca32,36.78027,651,30.1
rca32,37.32996,648,30.1
rca32,37.39909,638,28.7
rca32,38.19188,632,29.6
rca32,40.51067,632,30.1
rca32,45.54697,619,29.6
rca32,46.28898,625,30.6
rca32,46.56445,626,30.6
rca32,51.34354,674,30.1
rca32,52.60886,670,30.1
rca32,52.90109,664,30.1
rca32,53.20315,651,30.1
rca32,53.2153,653,30.1
rca32,53.70989,645,30.1
rca32,55.27691,630,30.1
rca32,77.82855,646,30.1
rca32,78.27176,593,29.6
rca32,78.72559,590,31.5
rca32,79.15559,589,31.5
rca32,80.20009,606,31.6
rca32,80.83642,596,30.5
rca32,82.22579,584,28.4
rca32,82.24595,629,30.1
rca32,82.2822,635,30.5
rca32,82.30494,586,30.1
rca32,83.47468,610,29
rca32,83.72478,613,29
rca32,83.75107,625,30.1
rca32,83.97834,619,29
rca32,86.20886,622,30.1
rca32,86.87479,617,30.1
rca32,87.05896,576,30.9
rca32,87.10894,578,30.9
rca32,87.49291,573,30.9
rca32,94.60516,586,30.9
rca32,111.89168,587,29.8
rca32,111.99588,596,29.8
rca32,119.27685,575,29
rca32,119.66151,571,30.1
rca32,170.37176,578,30.1
rca32,175.10207,579,30.9
rca32,183.36778,567,30.9
rca32,185.58278,564,31.5
rca32,186.17858,566,30.9
rca32,187.67105,553,27.9
rca32,188.04101,566,30.9
rca32,189.94594,581,30.9
rca32,198.37612,557,27.9
rca32,199.10688,557,27.9
rca32,199.50478,558,27.9
rca32,200.64044,565,30.1
rca32,201.38369,565,30.1
rca32,332.19956,555,29.2
rca32,334.16621,561,32.3
rca32,339.2135,557,29.6
rca32,599.22306,571,30.1
rca32,687.26825,548,29.8
rca32,698.54398,552,32.9
rca32,1110.55801,567,30.9
rca32,1188.55727,559,30.1
rca32,1267.18625,540,31
rca32,1319.61697,547,30.3
rca32,1331.1884,563,30.1
rca32,1337.30295,526,30.4
rca32,1391.00791,521,30.2
rca32,1391.06015,519,30.2
rca32,1394.01406,539,30.1
rca32,1394.43585,528,29.1
rca32,1395.71014,530,29.3
rca32,1396.71133,538,30.1
rca32,1396.88873,530,29.3
rca32,1403.15557,530,29.3
rca32,1683.81686,532,30.5
rca32,2708.5467,523,30.1
rca32,2736.82618,522,30.1
rca32,2741.76327,519,32.1
rca32,2931.03806,526,32.1
rca32,3164.74428,532,30.6
rca32,3199.06941,532,30.6
rca32,3797.23549,512,28.7
rca32,5350.42354,510,31.3
rca32,5430.29303,487,30.1
rca32,5438.46549,490,30.1
rca32,5443.25295,492,30.1
rca32,5447.79474,487,30.1
rca32,5449.37481,487,30.1
rca32,5454.29185,484,30.1
rca32,5459.44084,495,30.1
rca32,5473.45194,484,30.1
rca32,8857.89518,510,30.1
rca32,8878.69009,519,29.3
rca32,8907.643,518,28.7
rca32,8908.82947,474,32.1
rca32,8940.90549,519,29.3
rca32,8948.3722,517,28.7
rca32,8970.09597,477,32.1
rca32,8988.11937,474,32.1
rca32,8993.31209,482,32.1
rca32,13253.41934,465,31.9
rca32,13276.79537,461,31.9
rca32,13299.12691,462,31.9
rca32,17163.35342,513,30.2
rca32,19352.32394,502,29.2
rca32,19365.5131,505,29.4
rca32,19405.53462,501,30.1
rca32,22356.58386,449,32.1
rca32,22395.13656,457,30.1
rca32,22425.98308,454,31.3
rca32,22436.03197,454,31.3
rca32,22447.03545,457,30.1
rca32,22474.12778,449,32.1
rca32,22491.55801,482,30.1
rca32,22549.05309,466,30.1
rca32,34812.23535,425,28.3
rca32,35290.76875,390,30.1
rca32,35454.21487,389,30.1
rca32,35476.64723,416,28.1
rca32,36920.19238,401,28.1
rca32,36989.07656,391,30.1
rca32,67730.98997,507,28.7
rca32,74924.55268,498,30.1
rca32,75310.76975,497,30.5
rca32,75992.38796,489,29.3
rca32,77482.94277,468,30.7
rca32,77602.9279,474,29.8
rca32,78069.00598,468,30.7
rca32,197885.1401,468,28.7
rca32,198375.9246,477,29.1
rca32,199290.1531,466,28.7
rca32,199761.4745,469,28.7
rca32,199900.8531,466,28.7
rca32,200032.6254,468,28.7
rca32,203560.006,463,30.1
rca32,206565.1114,431,29
rca32,206632.7369,453,30.5
rca32,206636.6991,437,30.1
rca32,206943.1012,424,31.4
rca32,207088.7278,424,31.4
rca32,228333.05,419,29.6
rca32,230087.8176,421,31.2
rca32,252696.9931,406,30.4
rca32,255060.036,412,29.6
rca32,301440.4322,456,30.7
rca32,322993.2986,422,31.2
rca32,323285.803,434,31.3
rca32,323407.091,448,31.3
rca32,323620.9853,433,31.3
rca32,323780.1712,434,31.3
rca32,323817.0625,424,31.2
rca32,324155.8135,432,31.3
rca32,324180.9077,361,30.6
rca32,324264.6838,420,28.5
rca32,324576.7071,448,31.3
rca32,324680.1746,366,30.6
rca32,326793.7689,354,30.1
rca32,533381.8952,441,31.3
rca32,561750.2152,436,32.1
rca32,569639.6553,432,32.1
rca32,616486.262,424,31
rca32,617045.137,423,32.2
rca32,1043956.245,349,28.4
rca32,1144154.858,384,30.9
rca32,1145490.065,399,29.6
rca32,1152787.442,393,30.1
rca32,1196654.289,369,31.2
rca32,1198010.516,368,31.2
rca32,1365317.772,361,31.9
rca32,1367605.811,349,31.7
rca32,1727028.065,310,30.1
rca32,1745624.899,314,30.1
rca32,1745794.153,340,30.1
rca32,1748494.331,322,30.1
rca32,1758865.456,320,30.1
rca32,1760580.484,320,30.1
rca32,1766551.86,340,30.1
rca32,1925040.158,277,25.8
rca32,2364135.208,412,30.2
rca32,2396345.023,398,33.3
rca32,2437510.228,275,26.5
rca32,2740991.65,383,29.6
rca32,2743302.073,382,29.6
rca32,2751565.918,382,29.6
rca32,2756205.666,390,30
rca32,3263787.784,264,26.5
rca32,3267696.721,265,26.5
rca32,3283317.609,264,26.5
rca32,3396665.885,249,26.5
rca32,3410764.073,260,26.4
rca32,3456887.667,263,26.5
rca32,3863706.445,245,26.5
rca32,3964761.743,245,26.5
rca32,4027242.228,242,26.5
rca32,4113195.121,245,26.6
rca32,4114744.909,243,26.5
rca32,4175543.248,245,26.6
rca32,4199879.894,375,28.8
rca32,4277885.94,362,30.9
rca32,4279126.883,362,30.9
rca32,4313090.351,367,28.8
rca32,4353634.775,240,26.5
rca32,5903491.329,257,28.8
rca32,5904487.76,339,32.2
rca32,5910690.188,260,28.8
rca32,5912133.251,279,29.9
rca32,5913357.69,279,29.2
rca32,5918280.726,253,28.8
rca32,5919543.218,314,32.2
rca32,5919911.895,336,32.2
rca32,5922333.398,253,31.1
rca32,5922817.912,250,31.1
rca32,5927957.053,253,31.1
rca32,5929000.093,251,31.1
rca32,5931581.939,267,29.2
rca32,5935827.895,254,28.8
rca32,5937285.209,254,28.8
rca32,5957710.714,243,29.3
rca32,5959993.694,243,29.3
rca32,6001440.677,234,28.5
rca32,6006972.84,232,28.5
rca32,6028582.747,237,29.3
rca32,6062629.589,231,28.5
rca32,6074233.246,228,28.5
rca32,8601844.383,188,26.9
rca32,8638790.359,186,25.2
rca32,8640881.484,170,22.8
rca32,8663339.537,170,22.8
rca32,8676188.803,181,24.7
rca32,8679337.72,192,26.9
rca32,8680547.855,193,26.9
rca32,8683211.571,186,25.2
rca32,8685274.568,209,28.6
rca32,8685912.898,170,22.8
rca32,8686562.307,188,26.9
rca32,8688118.434,186,25.2
rca32,8692798.52,189,26.9
rca32,8700505.145,221,28.5
rca32,8703378.973,191,27.6
rca32,8703936.076,222,28.5
rca32,8711153.856,186,25.2
rca32,8726725.401,188,26.9
rca32,8914451.097,344,28.4
rca32,9771032.727,320,27
rca32,9782383.493,335,28
rca32,9797196.331,285,27
rca32,9817612.52,287,27
rca32,9819531.389,290,27
rca32,9833501.739,287,27
rca32,9840171.745,313,27
rca32,11609588.08,245,27.6
rca32,11632397.68,245,27.6
rca32,11640734.83,245,27.6
rca32,11657905.21,245,27.6
rca32,11685754.11,260,26.3
rca32,11700892.25,263,26.3
rca32,17106092.83,178,25.7
rca32,17170082.62,177,25.7
rca32,18074292.33,166,22.6
rca32,18140757.93,173,25
rca32,18269921.85,167,22.6
rca32,18276056.46,172,24.9
rca32,18281863.13,172,24.9
rca32,18310660.82,172,24.9
rca32,18816921.63,153,22.7
rca32,18832298.66,148,22.3
rca32,18871071.58,325,32.1
rca32,18901295.39,356,31.3
rca32,18925030.39,357,31.3
rca32,18966094.86,331,28.2
rca32,18980210.12,345,28.2
rca32,18994666.76,302,32.1
rca32,19018631.24,333,28.2
rca32,19293563.6,181,25.7
rca32,19382123.27,283,31.7
rca32,19432778.64,255,32.3
rca32,19457803.12,256,32.3
rca32,19504936.43,219,28
rca32,19524564.82,201,29.6
rca32,19541942.02,272,32.1
rca32,19552559.59,255,32.3
rca32,19560937.54,248,32.3
rca32,19566376.71,273,32.1
rca32,19579159.52,231,31.1
rca32,19584068.82,241,31.1
rca32,19599954.3,252,32.3
rca32,19610196.18,229,31.1
rca32,19646600.32,251,32.3
rca32,19651341.55,224,28
rca32,19667397.09,207,29.6
rca32,20082639.5,181,25.7
rca32,20668654.06,162,22.6
rca32,20864541.82,140,20.2
rca32,20866753.91,164,23.4
rca32,20919021.33,166,22.6
rca32,22495906.5,228,29.8
rca32,22511318.74,227,29.8
rca32,22562724.72,217,29.7
rca32,22591954.54,205,28
rca32,22601978.12,239,27.6
rca32,22615554.77,204,28
rca32,22660264.54,225,29.8
rca32,23986814.26,203,28
rca32,24102122.65,203,28
rca32,24125562.24,203,28
rca32,24570633.8,196,27.7
rca32,24669466.71,194,27.6
rca32,24747982.3,181,25.5
rca32,24865133.44,195,27.7
rca32,31641942.93,147,22.5
rca32,31689979.76,149,22.7
rca32,31967029.55,149,22.7
rca32,32035115.41,166,24.7
rca32,32059391.86,172,25.1
rca32,32245519.68,167,25.7
rca32,32840495.82,159,22.6
rca32,33651766.31,161,22.6
rca32,33669420.22,163,24.6
rca32,33820639.85,172,25.1
rca32,34044866.46,162,22.6
rca32,34098449.98,175,25.1
rca32,34162654.43,166,24.7
wtm8,0,1061,64.9
wtm8,0,1061,64.9
wtm8,0,1063,64.9
wtm8,0,1057,64.2
wtm8,0,1069,65.4
wtm8,0,1070,65.4
wtm8,0,1062,64.9
wtm8,0,1075,66.4
wtm8,0,1056,64.2
wtm8,0,1059,64.9
wtm8,0,1070,65.4
wtm8,0,1067,65.4
wtm8,0,1072,65.4
wtm8,0,1065,65.4
wtm8,0,1071,65.4
wtm8,0,1065,65.4
wtm8,0.24808,1051,64.2
wtm8,0.24998,1053,64.2
wtm8,0.48925,1048,63.8
wtm8,0.96802,1045,63.8
wtm8,1.11345,1042,63.8
wtm8,1.45648,1052,64.2
wtm8,1.46456,1042,64.2
wtm8,3.24684,1041,64.2
wtm8,5.74074,1040,63.8
wtm8,10.06653,1040,65.3
wtm8,13.80213,1039,64.8
wtm8,26.7845,1028,63.8
wtm8,35.76457,1011,63.8
wtm8,39.16986,1022,63.8
wtm8,45.06651,1015,63.8
wtm8,45.09119,1014,63.8
wtm8,45.61111,1023,63.8
wtm8,56.94694,1010,63.8
wtm8,57.44114,1002,63.8
wtm8,72.43488,1001,63.8
wtm8,72.87878,958,63.1
wtm8,72.98158,968,63.5
wtm8,73.05175,996,63.8
wtm8,73.22982,962,63.1
wtm8,73.51355,957,62.2
wtm8,74.19516,991,63.8
wtm8,74.38917,980,63.3
wtm8,77.63207,907,62.2
wtm8,78.51025,918,62.2
wtm8,78.73993,947,62.2
wtm8,79.03869,902,62.2
wtm8,79.36254,898,62.2
wtm8,86.42271,896,62
wtm8,88.10822,894,62
wtm8,88.84413,1033,60.1
wtm8,102.0671,1027,60.1
wtm8,103.36558,1024,60.1
wtm8,113.78467,954,60.1
wtm8,116.41124,1015,60.8
wtm8,116.52465,1022,60.8
wtm8,122.74169,959,60.1
wtm8,126.26836,996,60
wtm8,126.40651,991,60.1
wtm8,126.41386,1002,59.8
wtm8,126.74002,966,60.1
wtm8,126.90124,955,60.1
wtm8,127.61626,991,60.1
wtm8,169.394,812,57.4
wtm8,169.42836,844,58
wtm8,169.83689,799,57.8
wtm8,169.85688,846,58
wtm8,169.85736,791,57.8
wtm8,170.14504,695,56.1
wtm8,170.56051,702,57.3
wtm8,170.74062,769,57.4
wtm8,171.22634,703,57.4
wtm8,171.46346,701,57.3
wtm8,172.55953,740,57.4
wtm8,173.52599,738,57.4
wtm8,173.99391,721,57.4
wtm8,174.92225,813,57.4
wtm8,175.15549,686,56.1
wtm8,175.8057,867,62.3
wtm8,177.93852,883,62.1
wtm8,178.07459,874,62.4
wtm8,178.78474,686,56.1
wtm8,185.91831,677,56.1
wtm8,189.46144,697,56.1
wtm8,190.12178,658,56.5
wtm8,209.48489,945,60.2
wtm8,210.97933,937,60.4
wtm8,224.44877,935,60.7
wtm8,224.46217,925,58.6
wtm8,226.45521,929,60.7
wtm8,226.90997,926,58.6
wtm8,239.13241,897,58.6
wtm8,243.29744,893,58.6
wtm8,244.0279,894,58.6
wtm8,247.7587,839,58.6
wtm8,248.91508,818,58.6
wtm8,249.81104,816,58.6
wtm8,253.33176,797,58.6
wtm8,254.06142,790,58.3
wtm8,267.33479,787,58.3
