ksa32,20.971520,1083.00,26.70
ksa32,2.621440,1036.00,23.20
ksa32,3980.617790,896.00,25.40
ksa32,164266.511120,763.00,25.40
ksa32,34719.582680,794.00,25.40
ksa32,3371.171840,1080.00,26.50
ksa32,12748.789100,819.00,25.40
ksa32,28606.464000,1029.00,24.00
ksa32,11101.798400,1036.00,23.20
ksa32,463.994880,1033.00,23.20
ksa32,9654.983130,891.00,25.40
ksa32,131.072000,1047.00,26.30
ksa32,24562.859540,926.00,25.40
ksa32,17363.584270,875.00,25.40
ksa32,8074.035200,1033.00,23.20
ksa32,5060.484820,826.00,25.80
ksa32,6789.686630,945.00,25.40
ksa32,2367.568600,1018.00,24.00
ksa32,1793.274470,879.00,25.40
ksa32,152.043520,1036.00,23.20
ksa32,356.515840,1073.00,26.30
ksa32,0.000000,1122.00,27.00
ksa32,28392.820620,846.00,25.40
ksa32,87325.409280,1030.00,23.20
ksa32,21746.039730,950.00,25.40
ksa32,5045.701890,845.00,25.40
ksa32,378.798080,1064.00,26.30
ksa32,76540.805120,1036.00,23.20
ksa32,44978.667520,1036.00,23.20
ksa32,3053.314300,955.00,23.00
ksa32,207997.874680,711.00,25.40
ksa32,1153.433600,1029.00,24.00
ksa32,14400.762660,794.00,25.40
ksa32,0.000000,1114.00,27.00
ksa32,118132.572160,1036.00,23.20
ksa32,12457.082880,1036.00,23.20
ksa32,93953.720320,1030.00,23.20
ksa32,33648.803840,1036.00,23.20
ksa32,35286.710390,822.00,25.80
ksa32,24507.842560,1036.00,23.20
ksa32,13469.648650,793.00,25.40
ksa32,28469.555850,896.00,25.40
ksa32,205695.785900,702.00,25.40
ksa32,70152.355840,1036.00,23.20
ksa32,61751.951360,1047.00,29.30
ksa32,181799.374360,717.00,25.40
ksa32,27011.317760,1036.00,23.20
ksa32,5550.558850,951.00,25.40
ksa32,23.592960,1036.00,23.20
ksa32,5752.649580,988.00,23.60
ksa32,14176.747520,1036.00,23.20
ksa32,44553.994240,1036.00,23.20
ksa32,21558.722560,1030.00,23.20
ksa32,16792.944640,1036.00,23.20
ksa32,23040.011760,921.00,25.40
ksa32,22925.747420,990.00,23.60
ksa32,246642.237490,742.00,25.60
ksa32,16462.643200,1030.00,23.20
ksa32,5704.253440,1108.00,27.00
ksa32,14809.825280,1026.00,29.30
ksa32,196193.151590,724.00,25.40
ksa32,6522.942450,951.00,23.00
ksa32,10841.979450,859.00,25.40
ksa32,6716.129280,1088.00,26.70
ksa32,1515.104060,880.00,25.40
ksa32,12936.301350,874.00,25.40
ksa32,204383.910470,738.00,25.40
ksa32,23.592960,1036.00,23.20
ksa32,13627.807110,911.00,25.40
ksa32,1884.482960,878.00,25.40
ksa32,14052.229120,1034.00,29.30
ksa32,35948.156610,785.00,25.40
ksa32,43796.986110,941.00,25.40
ksa32,28637.528390,859.00,25.40
ksa32,202449.874930,704.00,25.40
ksa32,4194.304000,1054.00,26.30
ksa32,7071.226290,900.00,25.40
ksa32,14119.713010,774.00,25.40
ksa32,202279.066340,724.00,25.40
ksa32,70193.525160,961.00,23.00
ksa32,671.088640,1038.00,24.90
ksa32,472.441790,935.00,25.40
ksa32,2684.354560,1095.00,26.70
ksa32,159069.396740,758.00,25.40
ksa32,150587.477910,751.00,25.40
ksa32,12646.610400,820.00,25.80
ksa32,21924.738880,875.00,25.40
ksa32,32652.908260,1023.00,24.00
ksa32,1502.029030,878.00,25.40
cla32,33553.586710,830.00,43.30
cla32,195762.536100,575.00,35.70
cla32,165205.588860,598.00,35.70
cla32,12203.664100,819.00,45.60
cla32,33607.024250,811.00,45.60
cla32,71888.611630,687.00,36.60
cla32,181196.888770,597.00,35.70
cla32,44424.509330,788.00,41.10
cla32,12855.862250,765.00,40.10
cla32,1391.702100,792.00,42.80
cla32,21474.836480,889.00,53.70
cla32,12107.378500,824.00,45.60
cla32,0.000000,909.00,49.20
cla32,168652.220830,565.00,36.70
cla32,231335.923210,429.00,35.50
cla32,224626.866820,522.00,36.70
cla32,194930.406160,518.00,36.70
cla32,10947.132470,856.00,42.80
cla32,39477.160730,720.00,36.70
cla32,20.109890,865.00,48.50
cla32,157991.231200,574.00,35.70
cla32,23313.386850,771.00,39.90
cla32,262633.834860,470.00,35.70
cla32,243266.184540,484.00,35.70
cla32,82512.636220,687.00,36.60
cla32,21475.164160,882.00,54.50
cla32,199635.260790,651.00,37.80
cla32,29011.361590,687.00,36.60
cla32,215059.772650,506.00,35.70
cla32,199625.510480,499.00,33.40
cla32,22872.205660,793.00,42.20
cla32,33600.849860,833.00,43.30
cla32,29026.725230,689.00,36.60
cla32,0.000000,902.00,49.40
cla32,93262.220960,699.00,36.60
cla32,244885.206230,465.00,35.70
cla32,189104.696230,579.00,35.70
cla32,260741.090240,478.00,35.70
cla32,12245.982420,816.00,45.60
cla32,211707.646410,645.00,37.80
cla32,202449.415960,618.00,40.30
cla32,192774.192660,614.00,40.30
cla32,18345.916420,698.00,36.60
cla32,50483.661430,727.00,38.50
cla32,223711.827970,441.00,38.00
cla32,61108.980670,721.00,38.50
cla32,53687.995280,875.00,48.10
cla32,43034.214400,881.00,48.10
cla32,53197.633590,655.00,38.10
cla32,225470.776870,618.00,40.30
cla32,228162.390010,461.00,36.70
cla32,0.000000,919.00,56.50
cla32,41897.942180,681.00,37.10
cla32,221670.249700,424.00,34.90
cla32,10737.418240,897.00,49.40
cla32,240829.838450,549.00,35.70
cla32,201135.622580,575.00,35.70
cla32,12097.991080,807.00,45.60
cla32,44462.850650,793.00,42.20
cla32,169445.214420,609.00,40.30
cla32,55526.152370,761.00,40.10
cla32,235348.565680,484.00,35.70
cla32,75162.583040,890.00,49.40
cla32,20447.087600,675.00,38.10
cla32,93.896530,862.00,43.50
cla32,22914.077180,846.00,42.90
cla32,217256.275040,440.00,38.00
cla32,19329.898750,716.00,37.50
cla32,10738.401280,884.00,52.40
cla32,44534.805630,783.00,40.30
cla32,233214.561240,604.00,40.60
cla32,236601.488060,470.00,35.70
cla32,243413.235240,517.00,36.70
wtm8,0.000000,1058.00,64.20
wtm8,0.000000,1061.00,64.90
wtm8,0.000000,1061.00,64.90
wtm8,0.000000,1057.00,64.20
wtm8,0.000000,1066.00,64.90
wtm8,0.507210,1050.00,63.80
wtm8,0.251040,1053.00,64.20
wtm8,0.000000,1070.00,65.40
wtm8,0.000000,1062.00,64.90
wtm8,0.000000,1075.00,66.40
wtm8,0.000000,1056.00,64.20
wtm8,0.000000,1057.00,64.20
wtm8,0.000000,1068.00,64.90
wtm8,0.000000,1064.00,64.90
wtm8,0.000000,1072.00,65.40
wtm8,0.000000,1063.00,64.90
wtm8,0.000000,1066.00,64.90
wtm8,0.000000,1062.00,64.90
wtm8,1.362710,1049.00,63.70
wtm8,0.895600,1050.00,63.70
mul8,1.349680,1014.00,60.70
mul8,0.000000,1029.00,61.00
mul8,0.000000,1045.00,61.40
mul8,0.000000,1056.00,61.80
mul8,0.000000,1030.00,61.00
mul8,0.000000,1064.00,62.10
mul8,0.000000,1047.00,61.40
mul8,0.247300,1022.00,61.10
mul8,0.000000,1052.00,61.40
mul8,0.000000,1033.00,60.60
mul8,0.246540,1022.00,61.10
mul8,0.000000,1040.00,61.00
mul8,0.808580,1017.00,61.10
mul8,0.000000,1041.00,61.40
mul8,0.815020,1013.00,60.70
mul8,0.000000,1060.00,61.80
mul8,0.000000,1038.00,60.60
rca32,236142.682860,433.00,33.60
rca32,244106.949410,404.00,28.60
rca32,94.114250,592.00,29.40
rca32,1219.189750,544.00,28.90
rca32,2718.812060,518.00,32.70
rca32,259087.385850,329.00,30.90
rca32,255764.261900,348.00,30.90
rca32,8018.705970,497.00,32.20
rca32,245149.779690,423.00,33.00
rca32,2726.251730,521.00,32.70
rca32,1390.053610,528.00,28.90
rca32,191.887500,565.00,30.10
rca32,7938.003090,498.00,32.90
rca32,141653.181550,463.00,32.80
rca32,245494.811350,428.00,33.00
rca32,0.252340,687.00,30.10
rca32,243119.685000,400.00,28.60
rca32,197.685640,563.00,30.10
rca32,257465.118650,389.00,30.90
rca32,236723.098770,438.00,33.60
rca32,6.034220,649.00,30.10
rca32,93.123460,600.00,28.70
rca32,137247.686340,478.00,31.20
rca32,245031.570670,405.00,28.60
rca32,390.992310,555.00,28.90
rca32,27.922680,622.00,28.70
rca32,238231.049010,457.00,33.60
rca32,4.548730,672.00,30.10
rca32,137171.508770,481.00,32.80
rca32,175.290840,584.00,29.40
rca32,4.819650,664.00,30.10
rca32,12764.434000,487.00,32.40
rca32,142221.154900,461.00,33.60
rca32,237752.674940,434.00,33.60
rca32,47.708380,617.00,30.10
rca32,256534.697020,386.00,30.90
rca32,255417.621970,352.00,30.90
rca32,235384.756370,435.00,33.60
rca32,5.064690,661.00,30.10
rca32,256087.550380,354.00,30.90
rca32,47.416180,616.00,28.70
rca32,2.249730,680.00,31.30
rca32,174.896670,585.00,29.40
rca32,4.442320,675.00,30.10
rca32,8060.148030,495.00,32.10
rca32,18.619220,634.00,30.10
rca32,192.346140,576.00,30.10
rca32,6.307990,641.00,30.10
rca32,137594.726430,479.00,32.80
rca32,27.589830,628.00,28.70
rca32,2743.754010,523.00,33.60
rca32,255466.086730,357.00,30.90
rca32,256693.865930,353.00,30.90
rca32,258633.673910,327.00,30.90
rca32,2741.233630,521.00,32.70
ksa32,27691.062140,943.00,25.70
ksa32,23998.282160,863.00,25.70
ksa32,91333.609500,734.00,24.30
ksa32,778.567680,1036.00,23.20
ksa32,91759.728490,710.00,24.30
ksa32,4869.324800,1036.00,23.20
ksa32,22038.178800,979.00,23.70
ksa32,744.585210,977.00,27.90
ksa32,129884.915860,680.00,24.90
ksa32,694.681600,1036.00,23.20
ksa32,30393.186690,883.00,23.00
ksa32,167.772160,1093.00,27.00
ksa32,2754.045040,1026.00,23.30
ksa32,51063.652320,825.00,25.80
ksa32,28890.759750,812.00,25.80
ksa32,6039.797760,1099.00,27.00
ksa32,8996.057280,929.00,26.40
ksa32,24971.115560,909.00,26.50
ksa32,0.000000,1106.00,27.00
ksa32,42872.668400,821.00,25.80
ksa32,50050.831150,927.00,26.60
ksa32,0.000000,1122.00,27.00
ksa32,30824.348020,825.00,25.80
ksa32,46600.488750,839.00,22.50
ksa32,2749.890560,1079.00,27.70
ksa32,59309.775290,741.00,25.10
ksa32,49084.996060,748.00,28.10
ksa32,5965.756780,976.00,23.70
ksa32,52550.349230,811.00,25.80
ksa32,32339.394560,1049.00,26.40
ksa32,47477.942390,909.00,26.50
ksa32,955.614070,981.00,23.70
ksa32,45937.596680,710.00,25.00
ksa32,95290.709880,704.00,25.10
ksa32,13001.439380,937.00,25.80
ksa32,22072.524800,1049.00,26.40
ksa32,45012.850980,868.00,25.70
ksa32,73538.544740,759.00,25.30
ksa32,40023.068760,989.00,23.70
ksa32,115346.732970,694.00,25.10
ksa32,117120.167020,764.00,25.30
ksa32,33341.366520,845.00,22.50
ksa32,713.031680,1062.00,26.30
ksa32,72153.761800,776.00,25.10
ksa32,27012.628480,1033.00,23.20
ksa32,1563.125400,961.00,27.90
ksa32,24298.239270,934.00,25.80
ksa32,2808.512640,922.00,26.60
ksa32,0.000000,1100.00,27.70
ksa32,30184.069910,899.00,26.60
ksa32,44289.742220,939.00,25.70
ksa32,5536.481280,1112.00,27.70
ksa32,44403.261440,1036.00,23.20
ksa32,4047.503360,1083.00,27.70
ksa32,16861.102080,1036.00,23.20
ksa32,109606.239680,681.00,24.90
ksa32,49599.116250,940.00,25.70
ksa32,36451.123200,1036.00,23.20
ksa32,39910.935260,917.00,26.70
ksa32,44246.372390,966.00,27.90
ksa32,32587.971000,997.00,23.10
ksa32,48484.555650,790.00,25.80
ksa32,17568.025480,938.00,25.70
ksa32,26297.824530,903.00,26.60
ksa32,335.544320,1114.00,27.00
ksa32,8115.978240,1036.00,23.20
ksa32,11605.501340,987.00,23.70
ksa32,73716.819420,754.00,25.30
ksa32,68889.306400,837.00,22.50
ksa32,15102.115840,1072.00,27.70
ksa32,114148.736090,698.00,24.30
ksa32,44162.736470,793.00,25.80
ksa32,98764.671900,741.00,25.10
ksa32,83.886080,1091.00,27.70
ksa32,10026.356580,880.00,25.70
ksa32,6507.662960,1032.00,23.30
ksa32,29403.404050,820.00,25.80
ksa32,5794.693120,1058.00,26.40
ksa32,87211.340110,697.00,26.60
ksa32,6962.544640,1049.00,26.40
ksa32,69599.230020,787.00,25.80
ksa32,2852.126720,1107.00,27.70
ksa32,114851.746340,698.00,24.30
ksa32,45540.548490,819.00,25.80
cla32,0.000000,940.00,57.00
cla32,91176.203030,811.00,40.20
cla32,0.000000,907.00,56.50
cla32,0.000000,889.00,52.40
cla32,84.213760,888.00,54.50
cla32,83.886080,912.00,56.50
cla32,21474.836480,902.00,49.40
cla32,21475.414800,882.00,48.10
cla32,42949.672960,895.00,49.40
cla32,0.000000,950.00,57.00
cla32,25588.532990,811.00,37.00
cla32,87610.492010,812.00,40.20
cla32,42950.000640,889.00,50.20
wtm8,0.000000,1060.00,64.90
wtm8,0.478020,1050.00,64.70
wtm8,0.000000,1062.00,64.90
wtm8,0.000000,1064.00,64.90
wtm8,0.000000,1058.00,64.90
wtm8,0.000000,1070.00,64.90
wtm8,0.000000,1070.00,64.90
wtm8,0.000000,1062.00,64.90
wtm8,0.000000,1075.00,66.40
wtm8,0.000000,1056.00,64.20
wtm8,0.000000,1059.00,64.90
wtm8,0.749670,1046.00,65.90
wtm8,0.000000,1071.00,64.90
wtm8,0.247090,1053.00,64.70
wtm8,0.872740,999.00,64.30
wtm8,0.000000,1068.00,64.90
wtm8,0.000000,1072.00,65.40
wtm8,0.000000,1064.00,64.90
wtm8,0.000000,1069.00,64.90
wtm8,0.000000,1066.00,64.90
mul8,0.000000,1029.00,61.00
mul8,0.626340,1019.00,61.00
mul8,0.000000,1046.00,61.40
mul8,0.000000,1056.00,61.40
mul8,0.000000,1034.00,61.00
mul8,0.000000,1064.00,62.10
mul8,0.000000,1048.00,61.40
mul8,0.000000,1052.00,61.40
mul8,0.251800,1022.00,61.10
mul8,0.000000,1036.00,61.40
mul8,0.000000,1040.00,61.00
mul8,0.624910,1017.00,61.00
mul8,0.000000,1041.00,61.40
mul8,0.629820,1019.00,61.00
mul8,0.248020,1022.00,61.10
mul8,0.000000,1060.00,61.80
mul8,0.000000,1038.00,61.00
rca32,6455.141300,511.00,32.10
rca32,2205.312130,568.00,31.70
rca32,19485.473240,437.00,33.00
rca32,2109.609860,652.00,30.10
rca32,3011.813870,543.00,32.30
rca32,2121.490710,611.00,32.50
rca32,2115.459770,615.00,30.10
rca32,49242.181810,343.00,28.60
rca32,19508.286720,456.00,34.00
rca32,2095.940200,627.00,30.10
rca32,19483.126610,467.00,35.90
rca32,105119.465360,341.00,28.60
rca32,2329.247720,555.00,32.50
rca32,3153.228840,518.00,32.10
rca32,55.886960,673.00,27.90
rca32,3176.231020,518.00,32.10
rca32,6464.559010,512.00,32.10
rca32,0.251090,687.00,30.10
rca32,123354.362130,335.00,28.60
rca32,41271.012110,425.00,32.40
rca32,2110.778580,644.00,30.10
rca32,123886.488420,335.00,28.60
rca32,2140.935920,587.00,32.50
rca32,19508.859270,461.00,34.00
rca32,41232.144730,428.00,32.40
rca32,6211.982580,516.00,32.10
rca32,43.618310,677.00,27.90
rca32,42606.883330,353.00,28.60
rca32,19500.606550,453.00,33.60
rca32,19480.949050,462.00,34.00
rca32,2127.965230,610.00,32.50
rca32,42846.778380,356.00,28.60
rca32,2110.155670,663.00,30.10
rca32,3011.180130,543.00,32.30
rca32,2131.092580,574.00,31.70
rca32,43079.662550,357.00,28.00
rca32,55.511180,674.00,27.90
rca32,2348.494270,562.00,32.50
rca32,19537.708670,434.00,33.00
rca32,7805.278480,498.00,32.40
rca32,9591.345960,491.00,33.00
rca32,120328.740080,331.00,28.60
rca32,2138.420090,613.00,32.50
rca32,6225.926050,519.00,32.10
rca32,43114.167460,356.00,28.60
rca32,122117.684930,332.00,28.60
rca32,2137.532660,595.00,32.50
rca32,124391.089970,336.00,28.60
rca32,2088.859780,659.00,30.10
rca32,6456.126710,503.00,32.40
rca32,2129.715450,601.00,32.50
ksa32,1911170.371510,510.00,24.60
ksa32,27274.418390,908.00,22.00
ksa32,7570.718720,1033.00,27.50
ksa32,38933.626880,1032.00,24.00
ksa32,498556.909660,713.00,25.30
ksa32,24611.389440,1034.00,25.00
ksa32,509515.928940,700.00,26.00
ksa32,5578.424320,1034.00,25.00
ksa32,1360995.728130,575.00,21.60
ksa32,94.371840,1040.00,24.90
ksa32,1907396.732970,495.00,23.00
ksa32,1997235.739260,482.00,23.00
ksa32,1990533.365900,458.00,23.00
ksa32,16127.078520,979.00,23.10
ksa32,1309861.805840,575.00,22.70
ksa32,31603.743190,898.00,22.00
ksa32,1885213.832250,506.00,24.60
ksa32,252.968960,1080.00,26.30
ksa32,445.292110,945.00,25.30
ksa32,1321607.382280,636.00,25.20
ksa32,33113.018820,846.00,24.30
ksa32,16108.748800,1033.00,27.50
ksa32,178.257920,1066.00,26.30
ksa32,491122.143850,686.00,26.00
ksa32,5444.895680,961.00,25.30
ksa32,32207.359000,869.00,22.00
ksa32,1300273.660100,661.00,26.00
ksa32,47018.147840,1040.00,24.90
ksa32,4362.076160,1093.00,27.00
ksa32,17532.190720,1042.00,27.10
ksa32,47564.636990,814.00,21.50
ksa32,0.000000,1108.00,27.00
ksa32,0.000000,1122.00,27.00
ksa32,494348.961480,705.00,23.00
ksa32,61882.925140,814.00,21.50
ksa32,6375.342080,1088.00,26.60
ksa32,1796.204500,927.00,21.50
ksa32,1300892.316740,661.00,26.00
ksa32,49851.617310,883.00,23.70
ksa32,1292432.231080,641.00,26.00
ksa32,1306817.221940,611.00,24.20
ksa32,40114.585600,1033.00,27.50
ksa32,671.088640,1116.00,27.00
ksa32,1369810.521210,575.00,21.60
ksa32,44.564480,1032.00,24.00
ksa32,1006.632960,1033.00,27.50
ksa32,18603.083720,940.00,25.30
ksa32,17785.319240,892.00,22.00
ksa32,6076.497920,1032.00,24.00
ksa32,1387252.222490,593.00,24.20
ksa32,222580.314190,791.00,21.50
ksa32,28197.992390,881.00,23.70
ksa32,4784.128000,1060.00,26.30
ksa32,2067.005440,1032.00,24.00
ksa32,1551.892480,1034.00,25.00
ksa32,208714.960050,777.00,21.50
ksa32,43088.883090,950.00,25.30
ksa32,379454.554530,736.00,22.80
ksa32,1898320.265980,502.00,24.60
ksa32,5485.363200,1032.00,24.00
ksa32,537507.009080,714.00,21.30
ksa32,1895929.565340,532.00,24.60
ksa32,1297505.580390,615.00,24.20
ksa32,1167.136930,927.00,21.50
ksa32,1997195.296350,432.00,25.00
ksa32,46980.217120,990.00,23.70
ksa32,1840963.925600,524.00,24.60
ksa32,1865097.077220,530.00,24.60
ksa32,1772605.830720,556.00,22.70
ksa32,1303591.070020,653.00,26.00
ksa32,1327462.413170,629.00,25.20
ksa32,1307173.982330,648.00,26.00
ksa32,48764.026880,1033.00,27.50
ksa32,382062.007530,746.00,22.80
ksa32,0.000000,1100.00,28.40
ksa32,191657.996520,799.00,22.60
ksa32,44297.723610,875.00,22.00
ksa32,1346736.146490,603.00,24.20
ksa32,1828630.226280,508.00,24.60
ksa32,35648.323100,939.00,23.20
ksa32,11676.081840,981.00,23.10
ksa32,542383.898970,716.00,21.30
ksa32,1006.632960,1101.00,27.00
ksa32,10341.580800,1033.00,27.50
ksa32,32930.529280,1051.00,26.30
ksa32,1321964.726120,620.00,24.20
ksa32,523008.786750,712.00,25.30
ksa32,16308.172120,974.00,23.10
ksa32,23134.049080,908.00,22.00
ksa32,205594.300440,767.00,23.50
ksa32,1291996.100810,647.00,26.00
ksa32,1993281.501290,452.00,23.00
ksa32,400775.149550,734.00,25.10
ksa32,43036.180480,1040.00,24.90
ksa32,838.860800,1081.00,26.60
ksa32,3187.671040,1091.00,26.60
ksa32,1864098.314550,511.00,24.60
ksa32,1941403.645290,475.00,23.00
ksa32,98007.777280,1040.00,24.90
ksa32,1292651.411980,622.00,24.20
ksa32,51503.949840,955.00,25.30
ksa32,2071093.892180,450.00,23.00
ksa32,1817789.326350,551.00,22.70
ksa32,26147.581330,869.00,21.80
ksa32,1778643.094090,564.00,22.70
ksa32,1882772.950730,536.00,22.70
ksa32,23654.020040,973.00,23.00
ksa32,31216.107520,1032.00,24.00
ksa32,23309.679340,890.00,23.70
ksa32,5548.277760,1073.00,26.30
ksa32,2101516.365430,451.00,23.00
ksa32,23088.332030,883.00,23.70
ksa32,1861620.347530,510.00,24.60
ksa32,1976902.669530,448.00,26.70
ksa32,404464.908370,741.00,22.80
ksa32,518055.834840,697.00,26.00
ksa32,27251.924220,930.00,23.20
ksa32,2034982.548860,437.00,26.70
cla32,21474.836480,887.00,50.20
cla32,43815.394640,852.00,46.30
cla32,1027928.757720,469.00,36.90
cla32,2029211.077640,377.00,35.40
cla32,1974416.494030,390.00,35.40
cla32,1415904.545960,404.00,35.40
cla32,1245871.425590,403.00,35.40
cla32,32381.009920,876.00,50.00
cla32,2095787.679860,362.00,34.80
cla32,75809.149870,807.00,41.80
cla32,4828.596220,769.00,39.00
cla32,0.655360,893.00,50.00
cla32,81858.566810,594.00,39.10
cla32,1890985.579890,391.00,35.40
cla32,1864055.278920,377.00,34.40
cla32,5453.173870,864.00,51.10
cla32,21474.836480,905.00,56.50
cla32,104681.429380,628.00,37.90
cla32,6043.868670,815.00,41.30
cla32,42949.672960,883.00,50.20
cla32,68834.078470,743.00,38.80
cla32,6113.258870,801.00,41.80
cla32,101431.269290,740.00,38.80
cla32,181047.121220,562.00,37.90
cla32,631850.541050,535.00,33.70
cla32,907466.347540,501.00,33.60
cla32,73213.010510,670.00,38.90
cla32,16918.265040,838.00,41.30
cla32,91894.504120,797.00,39.20
cla32,1035.140080,780.00,39.10
cla32,75245.813760,881.00,49.40
cla32,76615.028880,774.00,39.20
cla32,1326605.437140,419.00,34.80
cla32,54214.033130,735.00,40.80
cla32,1080475.882870,477.00,36.90
cla32,4787.065300,769.00,39.20
cla32,1934418.461520,382.00,35.40
cla32,903305.287500,516.00,33.60
cla32,85286.902100,601.00,37.90
cla32,72752.375480,672.00,38.80
cla32,16897.066110,783.00,39.20
cla32,175046.704270,655.00,37.90
cla32,106253.217810,753.00,38.80
cla32,6162.322660,810.00,41.30
cla32,67203.299200,713.00,44.20
cla32,42950.328320,883.00,50.20
cla32,11694.857560,800.00,41.80
cla32,1321378.772870,429.00,36.50
cla32,1.966080,870.00,51.10
cla32,0.000000,919.00,56.50
cla32,924274.402190,517.00,33.60
cla32,2041151.199560,361.00,34.80
cla32,2078333.178380,366.00,34.40
cla32,1051167.138130,464.00,36.90
cla32,95790.903940,765.00,39.00
cla32,49233.266550,843.00,41.70
cla32,156178.210380,604.00,38.00
cla32,426061.569210,553.00,35.20
cla32,6816.467840,791.00,39.20
cla32,2046839.996440,363.00,34.40
cla32,644278.660710,522.00,33.60
cla32,163041.166210,608.00,38.00
cla32,119811.012980,593.00,39.10
cla32,410492.706400,547.00,35.20
cla32,1823311.538360,392.00,35.40
cla32,1455192.299020,426.00,36.50
cla32,11478.135680,833.00,41.30
cla32,1979379.250460,375.00,34.40
cla32,5992.772320,851.00,45.90
cla32,2063198.870990,361.00,34.80
cla32,207907.723230,566.00,37.90
cla32,1215884.201830,398.00,35.40
cla32,61913.463770,628.00,37.90
cla32,32213.237760,874.00,48.70
cla32,1036600.075160,464.00,36.90
cla32,1985631.916080,351.00,32.80
cla32,1295589.231340,411.00,34.80
cla32,38456.758210,801.00,41.80
cla32,42951.639040,874.00,50.00
cla32,656473.697610,532.00,33.70
cla32,86695.904470,826.00,41.30
cla32,206794.823880,563.00,37.90
cla32,195031.787700,588.00,39.10
cla32,72935.472710,700.00,38.80
cla32,1053790.283220,463.00,36.90
cla32,1202951.877170,426.00,36.50
wtm8,0.000000,1061.00,64.90
wtm8,0.000000,1062.00,64.90
wtm8,15.939600,990.00,64.90
wtm8,0.000000,1062.00,64.90
wtm8,13.477840,1035.00,64.90
wtm8,0.000000,1058.00,64.90
wtm8,0.000000,1064.00,64.90
wtm8,15.339290,998.00,64.90
wtm8,0.000000,1070.00,64.90
wtm8,0.000000,1062.00,64.90
wtm8,0.000000,1075.00,66.40
wtm8,0.249710,1053.00,64.20
wtm8,0.509300,1050.00,64.20
wtm8,13.710930,1023.00,64.90
wtm8,0.000000,1056.00,64.20
wtm8,1.837500,1047.00,64.10
wtm8,0.000000,1060.00,64.90
wtm8,1.005070,1048.00,64.10
wtm8,12.195120,1039.00,64.90
wtm8,0.000000,1068.00,64.90
wtm8,14.639460,1014.00,64.90
wtm8,12.398440,1044.00,64.10
wtm8,0.000000,1065.00,64.90
wtm8,0.000000,1072.00,65.40
wtm8,0.000000,1064.00,64.90
wtm8,0.000000,1066.00,64.90
wtm8,0.000000,1066.00,64.90
mul8,5.616840,995.00,60.40
mul8,10.882860,985.00,60.40
mul8,0.000000,1029.00,61.00
mul8,0.000000,1045.00,61.40
mul8,10.952820,982.00,60.00
mul8,0.000000,1056.00,61.40
mul8,15.679910,965.00,59.60
mul8,0.000000,1030.00,61.00
mul8,0.746440,1017.00,60.70
mul8,14.687130,976.00,60.00
mul8,0.000000,1064.00,62.10
mul8,0.000000,1050.00,61.40
mul8,10.866880,983.00,60.40
mul8,0.000000,1052.00,61.40
mul8,0.000000,1033.00,60.60
mul8,12.905110,978.00,60.00
mul8,0.000000,1040.00,60.60
mul8,1.560940,1013.00,60.30
mul8,0.248720,1022.00,61.10
mul8,14.195370,969.00,59.90
mul8,0.000000,1041.00,61.40
mul8,2.510360,1004.00,60.30
mul8,4.596160,999.00,60.50
mul8,0.252420,1022.00,61.10
mul8,0.000000,1060.00,61.80
mul8,0.000000,1038.00,60.60
rca32,1800651.518750,257.00,26.10
rca32,642.291870,563.00,29.30
rca32,1651.928740,532.00,29.70
rca32,1847979.317960,275.00,26.60
rca32,1273452.245000,280.00,26.60
rca32,611.592670,616.00,28.50
rca32,1641.651660,530.00,30.50
rca32,0.251250,687.00,30.10
rca32,6205.935130,520.00,29.70
rca32,19347.158180,495.00,31.30
rca32,1047545.006230,406.00,28.00
rca32,1298128.491800,280.00,26.60
rca32,1022944.356910,410.00,28.00
rca32,1288545.406140,279.00,26.60
rca32,1277067.495450,283.00,27.50
rca32,1310215.677740,362.00,30.70
rca32,603.678000,594.00,30.10
rca32,1305878.079280,369.00,28.60
rca32,607.988910,587.00,29.80
rca32,516.936620,670.00,28.50
rca32,590.266700,631.00,28.50
rca32,154.253600,676.00,30.10
rca32,1798542.939530,260.00,26.10
rca32,598.075450,626.00,30.10
rca32,600.447680,592.00,29.30
rca32,1794849.718220,266.00,26.20
rca32,1299540.415010,361.00,30.70
rca32,1244616.798460,398.00,28.00
rca32,3828.214270,526.00,29.70
rca32,1022015.270220,454.00,30.50
rca32,1430.567290,548.00,29.30
rca32,1255710.110990,390.00,28.00
rca32,1033236.604000,410.00,28.00
rca32,613.244600,610.00,30.10
rca32,623.635470,578.00,30.70
rca32,589.191340,655.00,30.10
rca32,1018986.421990,463.00,30.90
rca32,130696.035750,474.00,31.90
rca32,1026461.006310,449.00,30.50
rca32,1526.531250,543.00,29.00
rca32,1296154.205980,358.00,30.90
rca32,655.950720,563.00,29.30
rca32,1828664.513030,257.00,26.10
rca32,593.749770,668.00,28.50
rca32,1282208.618020,327.00,29.40
rca32,1032618.698590,442.00,30.60
rca32,1816541.754320,269.00,26.20
rca32,1817825.416800,262.00,26.10
rca32,1290271.207880,332.00,29.40
rca32,21895.543900,477.00,32.10
rca32,592.509210,588.00,29.80
rca32,1804751.720340,276.00,28.40
rca32,1025722.554740,433.00,30.30
rca32,614.722150,610.00,30.10
rca32,646.102470,567.00,30.60
rca32,594.865490,666.00,28.50
rca32,6797.161030,511.00,31.30
rca32,1301401.582950,355.00,30.90
rca32,1020991.457130,431.00,30.30
rca32,1848494.712750,257.00,26.10
rca32,19658.481880,498.00,31.30
rca32,1805441.877420,264.00,26.10
rca32,1016675.275380,445.00,29.50
rca32,1294992.270070,368.00,28.60
rca32,1027782.544060,419.00,28.00
rca32,576.019090,591.00,28.50
rca32,1293592.635970,368.00,28.60
rca32,1797565.495310,263.00,26.10
rca32,1004084.755860,405.00,28.00
rca32,1015041.975980,445.00,29.80
rca32,593.509030,661.00,30.10
rca32,586.469490,644.00,28.90
ksa32,16148.070400,1032.00,24.00
ksa32,419.430400,1081.00,26.30
ksa32,5799.936000,1074.00,26.30
ksa32,196460.698680,804.00,24.70
ksa32,5724.199160,1018.00,24.00
ksa32,184854.509840,837.00,24.80
ksa32,171629.463740,902.00,25.30
ksa32,1677.721600,1090.00,26.60
ksa32,205566.335270,772.00,21.40
ksa32,640.942080,1046.00,24.90
ksa32,2694.840320,1081.00,27.30
ksa32,234699.917590,731.00,24.30
ksa32,365880.562920,687.00,25.40
ksa32,8556.380160,1033.00,27.50
ksa32,174255.457090,801.00,24.60
ksa32,5076.418560,1032.00,24.00
ksa32,8624.537600,1091.00,27.30
ksa32,28303.746770,1000.00,24.00
ksa32,166838.348940,848.00,24.80
ksa32,28356.116480,1032.00,24.00
ksa32,45.875200,1034.00,25.00
ksa32,671.088640,1109.00,27.00
ksa32,23493.345280,1033.00,27.50
ksa32,4362.076160,1097.00,26.60
ksa32,344822.537240,692.00,25.40
ksa32,2810.183680,1032.00,24.00
ksa32,5413.273600,1066.00,26.30
ksa32,170122.422440,853.00,22.60
ksa32,33315.880960,1036.00,23.20
ksa32,2097.152000,1057.00,26.30
ksa32,0.000000,1122.00,27.00
ksa32,226978.687390,751.00,23.60
ksa32,195112.954170,729.00,24.30
ksa32,7147.170850,1005.00,24.00
ksa32,185366.180350,831.00,25.10
ksa32,7046.430720,1102.00,27.00
ksa32,24257.296510,1008.00,24.00
ksa32,87274.386470,980.00,23.10
ksa32,226065.327940,772.00,22.40
ksa32,95125.079720,979.00,23.10
ksa32,71165.348070,989.00,24.00
ksa32,3497.253440,1026.00,24.00
ksa32,42344.120320,1036.00,23.20
ksa32,58962.231200,933.00,22.40
ksa32,203962.313140,910.00,25.30
ksa32,212739.031930,792.00,22.40
ksa32,85936.762770,925.00,22.20
ksa32,170175.398830,805.00,24.70
ksa32,4026.531840,1075.00,27.00
ksa32,0.000000,1114.00,27.00
ksa32,210035.049170,822.00,25.50
ksa32,188918.530870,760.00,23.60
ksa32,189035.525360,757.00,21.00
ksa32,197953.263620,770.00,21.00
ksa32,7051.673600,1032.00,24.00
ksa32,5460.459520,1034.00,25.00
ksa32,30601.379840,1032.00,24.00
ksa32,53742.141440,1036.00,23.20
ksa32,340.787200,1033.00,27.50
ksa32,349573.586020,692.00,21.00
ksa32,163518.469300,854.00,22.60
ksa32,1473.249280,1034.00,25.00
ksa32,5704.253440,1066.00,26.30
ksa32,190163.934340,859.00,24.10
ksa32,186743.944890,919.00,25.40
ksa32,356.515840,1032.00,24.00
ksa32,70393.528320,1046.00,29.30
ksa32,27027.129730,1009.00,24.00
ksa32,207270.395180,818.00,24.70
ksa32,508644.106720,670.00,21.70
ksa32,66471.032800,977.00,23.10
ksa32,57192.390570,948.00,23.70
ksa32,80728.224730,928.00,22.20
ksa32,10066.329600,1075.00,26.30
ksa32,102240.069340,985.00,23.10
ksa32,189874.382820,863.00,23.30
ksa32,193144.582520,729.00,24.30
ksa32,43403.182080,1032.00,24.00
ksa32,150149.632340,994.00,24.00
ksa32,7143.424000,1036.00,23.20
ksa32,44394.637450,996.00,24.00
ksa32,191021.267030,855.00,22.70
ksa32,188854.683250,807.00,24.70
ksa32,80519.286600,947.00,22.40
ksa32,1363.148800,1046.00,29.30
ksa32,3591.372800,1034.00,25.00
ksa32,163477.516570,875.00,27.10
ksa32,190770.702860,751.00,24.30
ksa32,25507.921920,1034.00,25.00
cla32,51334.886950,706.00,39.50
cla32,11850.430770,789.00,43.90
cla32,21474.836480,895.00,49.40
cla32,0.000000,919.00,56.50
cla32,606.737240,856.00,42.70
cla32,48109.962560,764.00,42.50
cla32,11697.732940,784.00,43.40
cla32,166121.665800,597.00,37.50
cla32,11310.226160,820.00,44.30
cla32,83565.991490,696.00,39.50
cla32,319.781640,859.00,42.70
cla32,155197.701310,668.00,49.20
cla32,21476.474880,886.00,49.40
cla32,15386.341100,778.00,42.90
cla32,19033.132360,710.00,42.20
cla32,83.886080,900.00,49.80
cla32,188195.621860,589.00,35.70
cla32,32630.353590,827.00,44.30
cla32,0.655360,888.00,54.50
cla32,411443.143060,507.00,34.40
cla32,6843.260180,764.00,42.30
cla32,199121.198510,588.00,35.70
cla32,145843.043800,613.00,40.50
cla32,22822.052480,674.00,49.20
cla32,43872.836310,789.00,43.90
cla32,415823.091450,529.00,33.40
cla32,442091.875540,564.00,35.30
cla32,11506.070420,824.00,44.30
cla32,404428.441720,564.00,34.40
cla32,435677.899510,512.00,34.40
cla32,11223.134800,803.00,43.00
cla32,10737.668300,875.00,48.10
cla32,451181.404400,523.00,33.40
cla32,412547.574610,559.00,34.30
cla32,624.122630,812.00,43.00
cla32,430984.105110,524.00,33.40
cla32,11174.010610,835.00,42.60
cla32,86670.937770,838.00,42.60
cla32,0.000000,950.00,57.00
cla32,436754.396740,480.00,34.00
cla32,215437.886530,596.00,36.20
cla32,21558.722560,905.00,57.20
cla32,418657.156620,507.00,34.40
cla32,64424.509440,912.00,56.50
cla32,432194.463000,507.00,34.40
cla32,43952.956070,785.00,43.40
cla32,415240.665260,512.00,34.40
cla32,30390.931520,692.00,37.80
cla32,196344.472030,659.00,42.30
cla32,174906.151880,633.00,41.00
cla32,53693.876270,871.00,42.80
cla32,54291.700190,808.00,43.00
cla32,83.886080,881.00,48.10
cla32,170032.041190,601.00,37.50
cla32,18956.633660,703.00,39.50
cla32,154496.990960,663.00,49.20
cla32,388882.467360,507.00,34.40
cla32,22294.373410,843.00,42.70
cla32,165025.139230,633.00,40.80
cla32,167718.960590,601.00,37.50
cla32,411145.160270,511.00,34.40
cla32,456352.630560,563.00,35.30
cla32,22744.691710,795.00,44.70
cla32,416393.306240,513.00,34.40
cla32,432436.269000,491.00,33.40
cla32,51370.968560,699.00,39.50
cla32,143937.392650,652.00,42.20
cla32,506280.989220,439.00,36.20
cla32,0.983040,886.00,48.10
cla32,21643.264000,889.00,50.20
cla32,97815.411250,790.00,43.90
cla32,548.835980,818.00,44.30
cla32,31319.599870,681.00,37.80
cla32,43835.182890,868.00,43.60
wtm8,2.750080,1047.00,64.10
wtm8,0.000000,1060.00,64.90
wtm8,0.000000,1058.00,64.90
wtm8,0.000000,1060.00,64.90
wtm8,0.000000,1055.00,64.20
wtm8,0.000000,1066.00,64.90
wtm8,0.000000,1070.00,65.40
wtm8,0.000000,1059.00,64.90
wtm8,0.000000,1075.00,66.40
wtm8,0.000000,1054.00,64.20
wtm8,0.000000,1059.00,64.90
wtm8,3.976430,1046.00,64.10
wtm8,0.685000,1048.00,64.10
wtm8,0.000000,1068.00,64.90
wtm8,0.246570,1051.00,64.20
wtm8,0.000000,1064.00,64.90
wtm8,0.000000,1072.00,65.40
wtm8,0.000000,1060.00,64.90
wtm8,0.000000,1068.00,64.90
wtm8,0.000000,1062.00,64.90
mul8,0.247920,1022.00,61.10
mul8,1.166440,1013.00,60.70
mul8,0.000000,1029.00,61.00
mul8,2.444140,1011.00,60.60
mul8,0.000000,1045.00,61.40
mul8,0.000000,1056.00,61.40
mul8,0.000000,1030.00,61.00
mul8,0.000000,1064.00,62.10
mul8,0.000000,1047.00,61.40
mul8,2.775440,1010.00,60.60
mul8,0.000000,1052.00,61.40
mul8,0.000000,1033.00,60.60
mul8,0.245780,1022.00,61.10
mul8,0.000000,1040.00,61.00
mul8,3.777320,1008.00,60.60
mul8,3.284020,1010.00,60.60
mul8,0.811580,1017.00,61.10
mul8,0.000000,1041.00,61.40
mul8,0.000000,1060.00,61.80
mul8,0.000000,1038.00,60.60
rca32,10870.595770,494.00,30.10
rca32,581.934930,542.00,30.90
rca32,43.219080,643.00,27.90
rca32,319413.666250,347.00,29.70
rca32,339429.391900,385.00,31.50
rca32,336324.617950,368.00,31.50
rca32,21571.385860,460.00,29.30
rca32,330997.418360,304.00,30.30
rca32,10658.237920,496.00,28.90
rca32,347531.786980,400.00,30.30
rca32,21488.116440,459.00,29.30
rca32,334479.980190,323.00,30.30
rca32,352210.922630,305.00,30.30
rca32,892.862130,535.00,30.10
rca32,339369.247280,381.00,31.50
rca32,149.490280,619.00,30.10
rca32,10645.648710,521.00,30.10
rca32,299134.545160,439.00,29.30
rca32,10617.850080,496.00,28.90
rca32,317543.120210,347.00,29.70
rca32,1.496640,681.00,30.10
rca32,324185.199170,334.00,29.70
rca32,3805.749890,526.00,28.90
rca32,300334.781750,433.00,29.10
rca32,10814.431610,495.00,30.10
rca32,338539.734820,379.00,31.50
rca32,91678.284430,451.00,28.50
rca32,12901.843030,486.00,30.40
rca32,347008.606160,394.00,29.70
rca32,304715.924270,423.00,29.70
rca32,329008.584590,312.00,30.30
rca32,954.361560,533.00,30.70
rca32,0.249410,687.00,30.10
rca32,1.573080,674.00,30.10
rca32,576.964970,542.00,30.90
rca32,141.836790,577.00,30.10
rca32,580.290670,543.00,30.90
rca32,299125.968660,430.00,29.10
rca32,579.550570,543.00,30.90
rca32,45.348330,633.00,30.10
rca32,142.060690,584.00,30.10
rca32,347282.182020,305.00,30.30
rca32,147.377650,564.00,28.00
rca32,321599.708700,344.00,29.70
rca32,142.227630,573.00,30.10
rca32,149.424790,617.00,30.10
rca32,18224.255220,473.00,30.10
rca32,341233.716590,406.00,29.70
rca32,93531.103030,452.00,29.80
rca32,143.542830,607.00,30.30
rca32,21808.989100,455.00,29.40
rca32,337839.523620,378.00,31.50
rca32,318449.966410,338.00,29.70
rca32,142.274400,589.00,30.10
rca32,0.500720,685.00,30.10
rca32,319051.494050,346.00,29.70
rca32,43.914000,664.00,27.90
rca32,324742.797970,303.00,30.30
rca32,12886.033330,479.00,30.40
rca32,147.206980,565.00,28.00
rca32,56.131490,625.00,30.10
rca32,46.846280,632.00,30.10
rca32,46.032150,634.00,30.10
rca32,484.563020,560.00,28.00
rca32,344625.292000,399.00,29.70
rca32,317032.009910,332.00,31.10
rca32,325594.821720,320.00,30.30
ksa32,24860.574330,943.00,24.20
ksa32,962426.178240,596.00,27.30
ksa32,1030.225920,1054.00,26.30
ksa32,8982.127010,901.00,24.30
ksa32,48807.737520,757.00,23.00
ksa32,552732.570940,658.00,27.60
ksa32,1036820.300480,521.00,22.30
ksa32,180.574810,946.00,24.20
ksa32,21978.152960,1034.00,25.70
ksa32,579338.233930,665.00,25.20
ksa32,4909.957120,1059.00,25.60
ksa32,4026.531840,1107.00,27.00
ksa32,6124.994560,1073.00,26.60
ksa32,2694.840320,1047.00,26.30
ksa32,92055.545600,702.00,25.20
ksa32,609293.554170,625.00,27.30
ksa32,67572.858880,1052.00,25.60
ksa32,6223.316480,883.00,25.10
ksa32,13623.623680,1033.00,23.20
ksa32,542767.785430,655.00,25.20
ksa32,7562.543990,899.00,24.30
ksa32,934330.423200,597.00,27.30
ksa32,3801.020380,910.00,23.40
ksa32,10632.804530,780.00,23.10
ksa32,33919.456330,735.00,21.40
ksa32,23455.884180,948.00,24.20
ksa32,908160.288770,598.00,27.30
ksa32,581022.263150,652.00,27.60
ksa32,335.544320,1034.00,25.70
ksa32,594301.662370,654.00,27.60
ksa32,23068.672000,1034.00,25.70
ksa32,0.000000,1120.00,27.00
ksa32,12509.932880,980.00,23.60
ksa32,48323.624960,1052.00,25.60
ksa32,28749.462500,867.00,24.70
ksa32,990705.091350,548.00,22.80
ksa32,22775.303610,876.00,24.70
ksa32,5290.065920,1066.00,26.30
ksa32,417324.268490,683.00,25.20
ksa32,67905.781760,1033.00,23.20
ksa32,671.088640,1112.00,27.00
ksa32,37201.293350,856.00,24.70
ksa32,13269.146230,881.00,24.70
ksa32,33068.681820,739.00,23.00
ksa32,178.257920,1030.00,23.20
ksa32,543042.809890,670.00,25.20
ksa32,23003.136000,1034.00,25.70
ksa32,8215.013140,889.00,25.10
ksa32,12305.574400,931.00,23.40
ksa32,11284.013040,937.00,24.10
ksa32,2248.901120,901.00,24.30
ksa32,174249.459740,692.00,25.20
ksa32,532383.928880,657.00,27.60
ksa32,954627.359430,565.00,27.00
ksa32,21676.687360,1034.00,25.70
ksa32,559215.123690,650.00,27.60
ksa32,56395.477030,730.00,22.50
ksa32,28193.587200,1029.00,24.00
ksa32,621309.381320,629.00,27.30
ksa32,625729.725270,617.00,27.80
ksa32,44609.896970,925.00,23.40
ksa32,432.537600,1060.00,26.30
ksa32,6922.598510,933.00,23.40
ksa32,6546.603540,895.00,24.50
ksa32,1003741.248240,526.00,22.40
ksa32,1342.177280,1101.00,27.00
ksa32,8498.708480,1034.00,25.70
ksa32,7700.825860,907.00,24.30
ksa32,42970.644480,1033.00,23.20
ksa32,26389.933770,780.00,23.10
ksa32,92352.009770,704.00,25.20
ksa32,21586.247680,1033.00,23.20
ksa32,48653.926400,1033.00,23.20
ksa32,1029706.575760,517.00,22.80
ksa32,27221.032960,1030.00,23.20
ksa32,964341.303570,569.00,25.50
ksa32,76685.845500,987.00,23.60
ksa32,2014.576640,1080.00,26.60
ksa32,50827.820320,729.00,22.50
ksa32,431.226880,1056.00,26.40
ksa32,555540.974540,656.00,25.20
ksa32,27220.090360,977.00,24.20
ksa32,990255.882480,560.00,22.80
ksa32,1007.943680,1087.00,27.00
ksa32,65024.207120,702.00,25.20
ksa32,958899.910790,596.00,27.00
ksa32,951908.518860,605.00,27.30
ksa32,5948.501110,780.00,23.10
ksa32,11157.736960,1024.00,24.00
ksa32,24615.212280,910.00,23.40
ksa32,3397.386240,1063.00,26.30
ksa32,954593.568750,581.00,27.00
ksa32,29272.231420,920.00,23.40
ksa32,410.255360,1052.00,25.60
ksa32,5620.766630,939.00,24.20
ksa32,924919.076230,577.00,27.00
ksa32,45544.898560,1040.00,25.70
ksa32,75707.517270,780.00,23.10
ksa32,525217.305920,657.00,25.20
ksa32,2938.634240,1033.00,23.20
ksa32,5984.729320,990.00,23.60
ksa32,53875.834880,1033.00,23.20
ksa32,5567.938560,1034.00,25.70
ksa32,580338.535830,657.00,25.20
ksa32,1832.624560,994.00,23.60
ksa32,64122.325100,733.00,22.50
ksa32,552674.237480,657.00,25.20
ksa32,26497.413610,770.00,24.30
ksa32,1342.177280,1094.00,27.00
ksa32,1010862.820600,568.00,27.00
cla32,789892.710600,450.00,39.30
cla32,28907.680530,816.00,40.50
cla32,11073.290240,882.00,45.70
cla32,1037768.983670,386.00,41.80
cla32,21474.836480,892.00,46.40
cla32,1033840.727120,378.00,38.40
cla32,0.000000,909.00,49.20
cla32,77274.054760,821.00,40.50
cla32,10738.401280,873.00,46.30
cla32,1041555.556670,390.00,41.80
cla32,105422.869510,710.00,39.90
cla32,791490.578430,449.00,39.30
cla32,789976.046500,533.00,39.30
cla32,42950.328320,870.00,46.30
cla32,95748.467600,743.00,40.50
cla32,18365.947610,770.00,40.50
cla32,6626.913950,812.00,40.50
cla32,22482.246270,830.00,40.50
cla32,858893.407890,440.00,41.70
cla32,107524.914840,651.00,39.90
cla32,0.000000,902.00,46.00
cla32,849418.567300,428.00,41.60
cla32,1029830.935620,377.00,38.40
cla32,112120.128880,645.00,39.90
cla32,6855.310010,775.00,45.20
cla32,12418.460980,831.00,40.50
cla32,44961.688130,779.00,41.50
cla32,43888.849380,855.00,44.10
cla32,22970.783360,860.00,46.30
cla32,122559.787930,698.00,39.90
cla32,112598.335880,607.00,39.70
cla32,766852.767980,451.00,39.30
cla32,21474.836480,895.00,46.40
cla32,20512.512060,743.00,40.50
cla32,2210.812190,779.00,41.50
cla32,46279.362450,706.00,39.90
cla32,18134.788820,826.00,40.50
cla32,1043486.639710,387.00,41.80
cla32,112791.574410,690.00,39.90
cla32,21475.819520,870.00,46.30
cla32,17159.663540,805.00,40.50
cla32,1027722.995590,372.00,38.40
cla32,23527.132240,778.00,41.50
cla32,74742.489260,627.00,39.90
cla32,77061.221130,773.00,43.80
cla32,1035919.728770,387.00,41.80
cla32,43965.418810,798.00,40.50
cla32,0.000000,919.00,56.50
cla32,852413.134900,433.00,41.60
cla32,75161.927680,908.00,49.20
cla32,12522.781450,763.00,40.50
cla32,1024610.684530,387.00,41.80
cla32,1049502.876800,386.00,41.80
cla32,513403.896610,557.00,42.40
cla32,80909.247380,626.00,39.90
cla32,868687.241300,429.00,41.60
cla32,16106.127360,887.00,45.70
cla32,12443.789750,768.00,40.50
cla32,869455.153810,417.00,41.60
cla32,1.233440,861.00,46.30
cla32,54927.993580,792.00,40.50
cla32,62531.270490,737.00,39.90
cla32,871290.694490,439.00,41.70
cla32,32212.582400,867.00,46.30
cla32,997502.606990,335.00,36.70
cla32,786902.545680,534.00,39.30
cla32,990496.689090,393.00,39.20
cla32,58520.016840,744.00,40.50
cla32,92769.300580,645.00,39.90
cla32,12029.568710,838.00,40.50
cla32,1047704.090710,386.00,41.80
cla32,10737.745920,871.00,46.30
cla32,10737.745920,886.00,45.70
cla32,48319.037440,868.00,46.30
cla32,82865.587620,616.00,39.90
cla32,23160.442510,807.00,40.50
cla32,59051.677100,623.00,39.90
cla32,92014.745730,844.00,41.70
cla32,1030197.027710,339.00,36.70
cla32,955327.173900,334.00,36.70
wtm8,0.000000,1061.00,64.90
wtm8,0.000000,1061.00,64.90
wtm8,0.000000,1061.00,64.90
wtm8,0.000000,1059.00,64.90
wtm8,0.000000,1064.00,64.90
wtm8,0.000000,1070.00,65.40
wtm8,0.000000,1062.00,64.90
wtm8,0.000000,1075.00,66.40
wtm8,0.000000,1058.00,64.90
wtm8,0.000000,1059.00,64.90
wtm8,0.247630,1055.00,64.90
wtm8,7.475720,1049.00,65.10
wtm8,0.000000,1068.00,64.90
wtm8,0.000000,1062.00,64.90
wtm8,0.000000,1072.00,65.40
wtm8,0.000000,1060.00,64.90
wtm8,6.916180,1052.00,64.80
wtm8,0.000000,1066.00,64.90
wtm8,0.000000,1062.00,64.90
wtm8,0.619930,1054.00,64.80
mul8,3.377020,1013.00,60.70
mul8,0.000000,1029.00,61.00
mul8,0.000000,1046.00,61.40
mul8,0.000000,1056.00,61.80
mul8,0.249700,1022.00,61.10
mul8,0.000000,1030.00,61.00
mul8,1.184960,1016.00,60.90
mul8,0.000000,1064.00,62.10
mul8,0.000000,1050.00,61.40
mul8,0.000000,1052.00,61.40
mul8,0.000000,1033.00,60.60
mul8,0.000000,1040.00,60.60
mul8,0.496260,1020.00,61.10
mul8,1.413160,1012.00,60.70
mul8,0.250880,1022.00,61.10
mul8,0.000000,1041.00,61.40
mul8,2.966560,1013.00,60.70
mul8,0.000000,1060.00,61.80
mul8,0.000000,1038.00,60.60
rca32,167814.874780,486.00,37.90
rca32,132281.540940,509.00,32.00
rca32,815113.646010,301.00,27.80
rca32,3.114450,654.00,30.10
rca32,717369.823260,300.00,27.90
rca32,167362.728300,484.00,37.90
rca32,610494.208930,460.00,37.90
rca32,721888.798400,384.00,30.60
rca32,619896.658610,421.00,32.30
rca32,134089.644680,501.00,38.70
rca32,774065.591970,280.00,32.00
rca32,717260.467880,311.00,27.90
rca32,611699.561710,478.00,37.90
rca32,717115.647640,331.00,27.90
rca32,718088.501230,307.00,27.90
rca32,85439.171460,514.00,32.00
rca32,718870.601370,344.00,27.90
rca32,1039497.098130,269.00,27.70
rca32,719715.247610,382.00,32.00
rca32,3.107400,659.00,30.10
rca32,2607.603730,540.00,33.10
rca32,907608.826850,286.00,32.00
rca32,166271.610760,491.00,37.90
rca32,721924.565490,381.00,30.60
rca32,947041.089620,301.00,30.90
rca32,85377.431960,517.00,32.00
rca32,1.560710,664.00,30.10
rca32,947585.247150,301.00,30.90
rca32,133982.603700,499.00,38.70
rca32,174.736100,588.00,35.40
rca32,640751.449590,412.00,32.40
rca32,930292.889330,270.00,28.10
rca32,84.954290,594.00,35.40
rca32,720894.236960,358.00,30.60
rca32,0.248750,687.00,30.10
rca32,21.304030,627.00,28.70
rca32,899226.411990,286.00,32.00
rca32,611215.410760,428.00,32.90
rca32,609535.563350,454.00,37.50
rca32,621329.453490,416.00,32.30
rca32,1364.341200,550.00,34.50
rca32,949523.671290,302.00,30.90
rca32,1.002700,677.00,30.10
rca32,0.621610,680.00,30.10
rca32,610415.611950,452.00,32.10
rca32,18.589680,642.00,28.70
rca32,715147.142940,351.00,27.90
rca32,134380.219740,500.00,37.90
rca32,953316.356700,301.00,30.90
rca32,624193.368850,418.00,32.30
rca32,607982.056570,477.00,37.90
rca32,716906.325990,312.00,27.90
rca32,18.118360,647.00,28.70
rca32,608899.074050,445.00,32.90
rca32,717909.244660,364.00,30.60
rca32,673.470560,572.00,34.50
rca32,708569.704670,391.00,33.20
rca32,1358.878270,547.00,32.90
rca32,897043.036460,287.00,32.00
rca32,135110.777790,498.00,37.90
rca32,720020.352270,307.00,27.90
rca32,613.516820,580.00,35.40
rca32,719230.247830,343.00,27.90
rca32,643054.924730,410.00,32.40
rca32,18.132030,645.00,28.70
rca32,610078.823110,459.00,37.50
rca32,716069.339030,304.00,27.90
rca32,1368.873790,546.00,32.90
rca32,20.945820,632.00,28.70
rca32,672.510370,573.00,33.90
rca32,85663.001080,537.00,33.10
rca32,610923.457370,443.00,32.10
rca32,85656.607290,516.00,32.00
rca32,718067.815420,343.00,27.90
rca32,76.163160,617.00,32.30
rca32,794272.993120,280.00,32.00
ksa32,191628.114350,684.00,28.00
ksa32,3016801.597010,557.00,24.10
ksa32,16633981.145530,399.00,22.50
ksa32,4047.503360,1029.00,24.00
ksa32,54223.425390,1023.00,24.00
ksa32,2470253.492760,621.00,23.50
ksa32,45969.571840,1033.00,23.20
ksa32,66017.303250,761.00,23.30
ksa32,8212.465470,908.00,26.20
ksa32,66247.827970,786.00,23.60
ksa32,16419747.654400,370.00,22.60
ksa32,9736097.358770,525.00,22.20
ksa32,2128.609280,1044.00,25.60
ksa32,179609.381320,664.00,27.70
ksa32,3038056.993290,566.00,22.20
ksa32,211919.090500,662.00,27.70
ksa32,12507.918850,871.00,26.20
ksa32,249952.462220,660.00,27.70
ksa32,5379.194880,1066.00,26.60
ksa32,33054.612760,811.00,26.20
ksa32,12839.813120,1047.00,25.60
ksa32,3698.851840,1068.00,27.30
ksa32,16706878.057610,371.00,22.60
ksa32,278.374150,993.00,25.70
ksa32,43538.186240,1034.00,25.70
ksa32,190471.618030,688.00,28.10
ksa32,4805.099520,1034.00,25.70
ksa32,15903819.554140,465.00,24.40
ksa32,32235.847680,1030.00,23.20
ksa32,5955.911680,1087.00,26.60
ksa32,5531.839190,897.00,26.20
ksa32,66326.778510,786.00,23.60
ksa32,94934.676030,781.00,23.60
ksa32,10123882.224310,511.00,21.50
ksa32,2888035.750880,537.00,22.20
ksa32,111734.465300,786.00,23.60
ksa32,15781153.328490,464.00,21.70
ksa32,10072928.060850,516.00,22.10
ksa32,26932.674560,1033.00,23.20
ksa32,15711947.753320,464.00,24.40
ksa32,69941.265670,752.00,28.40
ksa32,16027302.371210,429.00,22.10
ksa32,39605.505570,794.00,23.60
ksa32,2926270.209750,547.00,22.20
ksa32,0.000000,1122.00,27.00
ksa32,271662.848110,655.00,24.60
ksa32,3044775.350090,566.00,22.20
ksa32,15938238.392230,456.00,22.10
ksa32,67876.945920,1044.00,25.60
ksa32,2942181.180210,537.00,22.20
ksa32,2390.753280,1073.00,27.30
ksa32,2877789.248730,533.00,22.20
ksa32,1453.687110,853.00,26.20
ksa32,240891.445440,664.00,27.70
ksa32,11755636.767430,481.00,24.60
ksa32,32721.278160,824.00,26.20
ksa32,208793.896180,714.00,28.10
ksa32,15845646.009290,469.00,20.90
ksa32,429.916160,1062.00,25.60
ksa32,10226281.678540,501.00,21.40
ksa32,138505.001690,745.00,28.40
ksa32,2961180.241580,616.00,23.50
ksa32,1342.177280,1114.00,27.00
ksa32,136619.103450,759.00,22.90
ksa32,2968246.668320,607.00,23.50
ksa32,16649247.758930,371.00,22.60
ksa32,2961066.467020,590.00,23.00
ksa32,2985296.956950,596.00,23.50
ksa32,954.204160,1084.00,27.30
ksa32,95459.482440,761.00,23.30
ksa32,11825388.696000,481.00,24.60
ksa32,86760.488960,1047.00,25.60
ksa32,2495984.682300,631.00,23.50
ksa32,21944.074240,1044.00,25.60
ksa32,2985120.478810,572.00,22.90
ksa32,16009055.901850,441.00,22.10
ksa32,32267.304960,1034.00,25.70
ksa32,252893.319000,665.00,24.60
ksa32,2973970.384770,593.00,23.10
ksa32,53781.268270,868.00,26.20
ksa32,16082397.590940,412.00,22.10
ksa32,23168.286720,1030.00,23.20
ksa32,31226.593280,1030.00,23.20
ksa32,67073.687250,755.00,28.10
ksa32,21889.188620,903.00,26.20
ksa32,10055898.297900,523.00,21.90
ksa32,13107.200000,1044.00,25.60
ksa32,2989827.425990,573.00,23.00
ksa32,16262633.799650,407.00,20.70
ksa32,1380.188160,1033.00,23.20
ksa32,5371.330560,1030.00,23.20
ksa32,171393.888920,717.00,28.00
ksa32,5390.991360,1029.00,24.00
ksa32,8127.202760,906.00,26.20
ksa32,16812788.110170,366.00,22.60
ksa32,3026377.935740,553.00,24.10
ksa32,16524898.476600,397.00,22.50
ksa32,9734891.607170,531.00,22.20
ksa32,15978670.518490,425.00,22.10
ksa32,4362.076160,1033.00,23.20
ksa32,79193.702400,1034.00,25.70
ksa32,1006.632960,1101.00,27.00
ksa32,11810544.631130,473.00,21.60
ksa32,164554.612820,722.00,28.00
ksa32,3019451.718580,571.00,22.90
ksa32,4697.620480,1109.00,27.00
ksa32,1857.063280,866.00,26.20
ksa32,3059764.203550,559.00,22.20
ksa32,142203.291150,738.00,28.00
ksa32,2475976.651920,629.00,23.50
ksa32,43379.332900,871.00,26.20
ksa32,7126.431110,886.00,26.20
ksa32,11297307.066640,497.00,24.20
ksa32,24332.476730,811.00,26.20
ksa32,4383.047680,1080.00,26.60
ksa32,697989.139560,647.00,24.60
ksa32,26938.003580,868.00,26.20
ksa32,2957443.041060,576.00,23.00
ksa32,154198.628840,711.00,28.00
ksa32,16805466.901400,360.00,22.60
ksa32,17532.190720,1044.00,25.60
ksa32,10142690.915080,503.00,21.40
ksa32,24515.706880,1033.00,23.20
ksa32,16506724.205270,372.00,22.60
ksa32,220233.459390,739.00,28.00
ksa32,16673201.843010,362.00,22.60
ksa32,177745.755270,714.00,28.00
ksa32,2870.476800,1034.00,25.70
ksa32,660559.670590,647.00,24.60
ksa32,1238.464660,903.00,24.00
ksa32,259812.463860,656.00,25.20
ksa32,10278185.994670,500.00,24.60
ksa32,21655.715840,1058.00,25.60
ksa32,3051885.766630,553.00,24.10
ksa32,143493.445350,717.00,28.00
ksa32,11257468.059830,493.00,24.30
ksa32,2958772.261040,611.00,23.50
ksa32,1677.721600,1073.00,26.60
ksa32,21668.823040,1034.00,25.70
ksa32,168848.735190,741.00,28.00
ksa32,22913.994890,866.00,26.20
ksa32,10112874.769160,511.00,21.40
ksa32,186711.839310,722.00,28.10
ksa32,10136011.387490,511.00,22.10
ksa32,142842.259150,739.00,28.00
ksa32,5449.241740,891.00,26.20
ksa32,4445.962240,1044.00,25.60
ksa32,5704.253440,1094.00,26.60
ksa32,186644.200610,661.00,27.70
ksa32,16017805.210460,416.00,22.10
ksa32,75736.597460,760.00,23.00
ksa32,180401.134280,703.00,28.10
cla32,15846395.379490,275.00,33.10
cla32,17565.079610,690.00,45.10
cla32,7014.097920,702.00,47.40
cla32,10737.418240,891.00,50.20
cla32,15093789.430820,220.00,30.30
cla32,11694.486420,850.00,42.60
cla32,0.000000,919.00,56.50
cla32,13096881.025260,215.00,30.30
cla32,13578042.889680,357.00,39.00
cla32,16070534.655920,501.00,35.60
cla32,16103403.209040,496.00,35.60
cla32,14976068.329020,258.00,33.70
cla32,7256.822060,772.00,40.50
cla32,85911.476450,683.00,45.10
cla32,5572.808830,711.00,38.90
cla32,13395290.248300,328.00,32.80
cla32,16788128.417700,204.00,28.60
cla32,55412.501570,689.00,45.10
cla32,16094862.930420,424.00,39.30
cla32,13712992.332620,312.00,32.80
cla32,16772774.353040,202.00,28.60
cla32,16549423.405140,418.00,39.30
cla32,10744.123780,862.00,41.40
cla32,15910855.017890,255.00,33.70
cla32,15950422.722290,276.00,33.10
cla32,16616977.851660,405.00,39.50
cla32,15460298.750900,615.00,38.70
cla32,16392245.024140,454.00,39.00
cla32,15944682.006710,234.00,34.00
cla32,16173676.531970,477.00,36.20
cla32,16087235.219740,220.00,30.30
cla32,549.709080,847.00,38.30
cla32,0.000000,909.00,49.20
cla32,17627.352310,779.00,40.50
cla32,16366600.469530,460.00,39.00
cla32,16694.723990,859.00,41.40
cla32,16252351.877650,469.00,36.20
cla32,16190881.059630,419.00,39.30
cla32,65898.263550,799.00,38.00
cla32,15546855.218050,600.00,41.40
cla32,17793.113630,789.00,40.90
cla32,168.427520,887.00,45.50
cla32,27095.859200,874.00,46.00
cla32,26844.780080,868.00,46.00
cla32,15468729.595320,649.00,38.70
cla32,15085111.766490,298.00,35.10
cla32,27308.528360,819.00,38.30
cla32,48797.031510,675.00,38.90
cla32,12102.315090,701.00,43.70
cla32,48580.259020,715.00,41.70
cla32,16923.411960,848.00,42.60
cla32,15990672.458110,234.00,31.30
cla32,16220539.796790,471.00,36.20
cla32,11200.536970,842.00,38.30
cla32,10737.745920,897.00,49.40
cla32,33754.285530,800.00,38.00
cla32,7768.681600,806.00,38.30
cla32,16395898.317620,435.00,39.00
cla32,15571825.811410,220.00,30.30
cla32,1572.923040,790.00,40.90
cla32,16033607.708390,493.00,35.60
cla32,38133.605530,830.00,38.30
cla32,13497475.171310,367.00,35.80
cla32,59415.240680,709.00,38.90
cla32,15144928.309420,308.00,32.80
cla32,0.000000,950.00,57.00
cla32,12997.149800,772.00,40.50
cla32,96324.518340,680.00,41.90
cla32,13421669.741250,365.00,35.80
cla32,55150.783530,772.00,40.50
cla32,16538795.557880,211.00,30.30
cla32,75161.927680,902.00,50.00
cla32,16146082.332370,525.00,35.60
cla32,15427693.058400,612.00,38.70
cla32,7108.560730,773.00,37.10
cla32,15961680.404220,290.00,32.90
cla32,16697769.686430,400.00,39.50
cla32,15452321.571930,220.00,30.30
cla32,16251217.662810,431.00,39.00
cla32,5452.595200,874.00,46.80
cla32,16659392.948470,211.00,30.30
cla32,53687.418880,871.00,46.00
cla32,16155715.895120,542.00,35.60
cla32,12508482.533780,371.00,35.80
cla32,11657444.810210,376.00,39.50
cla32,15855853.396040,292.00,32.90
cla32,16137768.199620,524.00,35.60
cla32,55970.982760,653.00,38.70
cla32,28125.105790,692.00,45.10
cla32,16710.335780,832.00,38.30
cla32,80915.601870,716.00,41.70
cla32,53771.960320,873.00,46.00
cla32,15913070.339320,586.00,41.40
cla32,16231736.405080,429.00,39.00
cla32,64995.709750,821.00,38.30
cla32,16039024.794400,275.00,33.10
cla32,16049083.416790,488.00,36.20
cla32,139066.619250,680.00,41.90
cla32,59140.014080,876.00,46.10
cla32,44684.774380,671.00,40.50
cla32,12547505.251490,372.00,39.50
cla32,15727082.887960,228.00,34.00
cla32,16380242.513170,448.00,39.00
cla32,16105445.936410,487.00,36.20
cla32,15969494.082790,280.00,32.90
cla32,16022718.041110,565.00,37.80
cla32,82499.353690,702.00,47.40
cla32,16262928.681060,250.00,35.40
cla32,43465.355160,855.00,42.60
cla32,16739762.975710,395.00,39.50
cla32,15427954.514730,642.00,39.60
cla32,12696788.563490,370.00,35.80
cla32,66124.778450,788.00,40.90
cla32,16662811.714740,412.00,39.50
cla32,15154260.403500,307.00,32.80
cla32,12258.388790,793.00,40.90
wtm8,85.287350,991.00,64.30
wtm8,0.000000,1061.00,64.90
wtm8,95.795670,904.00,62.60
wtm8,0.000000,1064.00,64.90
wtm8,0.000000,1066.00,64.90
wtm8,86.036660,972.00,64.20
wtm8,0.000000,1058.00,64.90
wtm8,109.208870,763.00,59.30
wtm8,0.000000,1064.00,64.90
wtm8,105.655530,860.00,59.50
wtm8,0.803820,1049.00,64.90
wtm8,0.000000,1070.00,65.40
wtm8,0.247910,1053.00,64.90
wtm8,0.000000,1062.00,64.90
wtm8,106.964060,783.00,59.30
wtm8,47.021160,1029.00,64.90
wtm8,0.000000,1075.00,66.40
wtm8,49.364760,1010.00,64.90
wtm8,85.392090,998.00,64.90
wtm8,116.396930,744.00,58.00
wtm8,0.000000,1058.00,64.90
wtm8,48.775370,1014.00,64.90
wtm8,111.632750,784.00,58.90
wtm8,25.904120,1037.00,64.90
wtm8,0.899790,1054.00,64.80
wtm8,92.983580,881.00,60.40
wtm8,0.000000,1059.00,64.90
wtm8,47.163130,1021.00,64.90
wtm8,87.244650,914.00,65.00
wtm8,92.489810,861.00,59.50
wtm8,109.329730,758.00,59.00
wtm8,116.846160,747.00,58.00
wtm8,93.585560,879.00,60.40
wtm8,92.688980,878.00,60.40
wtm8,105.993940,848.00,59.50
wtm8,4.774470,1044.00,64.90
wtm8,86.418330,912.00,64.60
wtm8,0.000000,1068.00,64.90
wtm8,85.665450,977.00,64.20
wtm8,126.979520,692.00,57.90
wtm8,104.878190,835.00,59.50
wtm8,87.791210,922.00,64.90
wtm8,126.014700,703.00,58.00
wtm8,86.710620,911.00,64.60
wtm8,87.628660,917.00,65.00
wtm8,0.000000,1065.00,64.90
wtm8,122.591610,737.00,58.00
wtm8,0.000000,1072.00,65.40
wtm8,0.000000,1066.00,64.90
wtm8,0.000000,1066.00,64.90
wtm8,0.000000,1066.00,64.90
wtm8,105.234690,847.00,59.50
wtm8,88.017030,913.00,65.00
wtm8,86.915180,952.00,63.90
mul8,23.666580,984.00,60.50
mul8,84.426710,945.00,59.50
mul8,0.000000,1029.00,61.00
mul8,85.707420,968.00,59.80
mul8,90.919420,934.00,59.50
mul8,0.000000,1046.00,61.40
mul8,0.000000,1056.00,61.80
mul8,125.727980,831.00,58.40
mul8,125.793240,854.00,58.80
mul8,0.000000,1034.00,61.00
mul8,118.588580,863.00,59.00
mul8,0.247400,1022.00,61.10
mul8,3.620650,1021.00,61.40
mul8,0.252560,1022.00,61.10
mul8,86.545330,942.00,59.50
mul8,8.776990,1009.00,61.00
mul8,0.000000,1064.00,62.10
mul8,2.057290,1018.00,61.40
mul8,0.000000,1048.00,61.40
mul8,3.828560,1014.00,61.00
mul8,0.000000,1052.00,61.40
mul8,0.000000,1036.00,61.00
mul8,1.253420,1018.00,61.10
mul8,126.347050,814.00,58.40
mul8,0.000000,1039.00,61.40
mul8,84.498440,958.00,59.50
mul8,10.154150,999.00,60.60
mul8,94.657810,928.00,59.10
mul8,115.387540,873.00,59.70
mul8,0.314520,1020.00,61.10
mul8,117.404180,848.00,58.80
mul8,85.808100,968.00,59.50
mul8,0.000000,1041.00,61.40
mul8,112.580830,877.00,59.70
mul8,76.232220,974.00,60.20
mul8,8.089050,1010.00,61.00
mul8,108.432250,883.00,59.50
mul8,21.179450,987.00,60.50
mul8,77.017730,976.00,60.20
mul8,89.190650,939.00,59.50
mul8,0.000000,1060.00,61.80
mul8,0.000000,1038.00,60.60
rca32,10862425.664060,224.00,30.40
rca32,165.081610,611.00,30.30
rca32,5787323.111080,284.00,30.20
rca32,9980759.582870,185.00,26.00
rca32,10027775.966830,189.00,25.30
rca32,11212246.894410,182.00,26.00
rca32,337.366000,585.00,30.10
rca32,11086150.188760,233.00,32.70
rca32,0.248320,687.00,30.10
rca32,10.598280,654.00,28.50
rca32,1412.204400,563.00,29.20
rca32,901246.644920,382.00,30.00
rca32,11048578.835180,253.00,29.20
rca32,1430.521430,545.00,29.30
rca32,11257734.511590,205.00,26.50
rca32,1211114.656930,357.00,30.00
rca32,300862.031770,432.00,31.70
rca32,11102210.379650,246.00,31.90
rca32,11084046.106380,260.00,29.20
rca32,5591786.479420,325.00,32.20
rca32,913108.736040,393.00,30.00
rca32,301660.260170,450.00,30.10
rca32,2952.668100,518.00,30.50
rca32,10677543.964870,200.00,27.60
rca32,4849169.687470,342.00,30.80
rca32,10.113630,634.00,30.10
rca32,892781.501560,417.00,30.00
rca32,11033583.251420,250.00,31.90
rca32,11085631.488180,264.00,29.20
rca32,37577.600800,497.00,29.20
rca32,5607093.186800,287.00,30.30
rca32,10663498.925020,200.00,27.60
rca32,304414.899340,456.00,30.30
rca32,914260.227420,393.00,30.00
rca32,11042507.319180,265.00,29.20
rca32,10650803.729750,195.00,27.60
rca32,11095772.524950,265.00,27.80
rca32,11902106.017350,206.00,26.50
rca32,10.483520,652.00,28.50
rca32,303186.489610,439.00,31.20
rca32,11063362.488180,254.00,29.20
rca32,69.283240,625.00,30.10
rca32,87745.330470,497.00,29.50
rca32,11288046.710920,276.00,30.20
rca32,9185.532590,504.00,28.80
rca32,10659800.868470,204.00,26.50
rca32,16259741.390960,176.00,23.50
rca32,10757229.668800,191.00,25.30
rca32,167.000410,604.00,28.70
rca32,4.992890,670.00,30.10
rca32,1214254.863180,354.00,30.00
rca32,11076337.051360,265.00,27.80
rca32,11448595.787810,176.00,23.50
rca32,10.496910,662.00,28.50
rca32,2.251530,686.00,30.10
rca32,2950.001790,524.00,30.50
rca32,5821560.619300,282.00,30.20
rca32,692.090480,577.00,29.30
rca32,2.692460,682.00,30.10
rca32,904888.076950,401.00,30.00
rca32,11022451.682490,258.00,29.20
rca32,166.213270,609.00,29.50
rca32,76.053930,618.00,30.10
rca32,4.188170,677.00,30.10
rca32,10.485490,644.00,30.10
rca32,1207030.212160,379.00,30.00
rca32,11525318.124980,221.00,30.00
rca32,303409.134350,453.00,30.30
rca32,11916240.145420,206.00,26.50
rca32,11024443.530380,252.00,29.20
rca32,11058295.695640,235.00,32.70
rca32,10856036.605840,230.00,32.70
rca32,11108079.471880,262.00,27.80
rca32,301580.236280,428.00,31.70
rca32,1406.390370,538.00,30.10
rca32,908743.047980,385.00,30.00
rca32,301705.094710,442.00,31.30
rca32,1411.720820,541.00,30.10
rca32,2954.647610,517.00,30.50
rca32,5537915.844420,339.00,30.80
rca32,11628966.080140,210.00,28.10
rca32,10.586970,658.00,28.50
rca32,9943139.321280,186.00,24.70
rca32,87008.315880,480.00,30.80
rca32,301218.623390,433.00,31.70
rca32,10.152490,651.00,28.50
rca32,10.487820,650.00,30.10
rca32,170.998580,590.00,28.70
rca32,11060405.634310,264.00,29.20
rca32,5521049.959680,338.00,30.80
rca32,87636.057960,489.00,29.50
rca32,2950.082140,528.00,30.50
rca32,304802.215290,470.00,30.80
ksa32,368.312320,1036.00,23.20
ksa32,659052.380970,742.00,24.00
ksa32,1570123.182010,658.00,25.60
ksa32,56478.924800,1032.00,24.00
ksa32,22161.653760,1036.00,23.20
ksa32,641936.012710,730.00,22.30
ksa32,63202.674910,783.00,23.00
ksa32,48440.025880,944.00,24.90
ksa32,7822050.517310,421.00,21.50
ksa32,3177.837170,881.00,23.60
ksa32,629242.945210,765.00,26.60
ksa32,28246.326100,853.00,23.60
ksa32,7652512.664690,545.00,20.50
ksa32,1342.177280,1108.00,27.00
ksa32,21870.585810,934.00,24.30
ksa32,7727221.569820,551.00,20.50
ksa32,81177.539390,805.00,23.00
ksa32,7545194.608230,449.00,21.50
ksa32,83975.329240,957.00,24.20
ksa32,2761086.622700,592.00,24.10
ksa32,32238.469120,1047.00,26.30
ksa32,1010.565120,1051.00,26.30
ksa32,96698.368000,1036.00,23.20
ksa32,11577.646000,933.00,23.40
ksa32,8120.356420,972.00,24.90
ksa32,1567796.411710,659.00,25.60
ksa32,2704396.099240,618.00,24.10
ksa32,754.974720,1088.00,26.60
ksa32,0.000000,1122.00,27.00
ksa32,1548142.892830,648.00,21.10
ksa32,8200789.025840,408.00,21.50
ksa32,2.621440,1094.00,27.70
ksa32,59297.667300,875.00,23.60
ksa32,7136.734260,991.00,23.60
ksa32,5844.182050,967.00,24.90
ksa32,632754.502550,760.00,25.80
ksa32,24143.974160,822.00,23.00
ksa32,2893470.113120,576.00,24.10
ksa32,7056.559930,993.00,23.60
ksa32,7527429.589570,450.00,21.60
ksa32,8175383.282640,466.00,23.70
ksa32,1557702.828820,651.00,21.10
ksa32,8111630.192200,413.00,21.50
ksa32,7715985.414490,539.00,20.50
ksa32,679807.499090,728.00,26.60
ksa32,42950.983680,1060.00,26.30
ksa32,0.000000,1114.00,27.00
ksa32,49056.317440,1036.00,23.20
ksa32,1144231.194100,709.00,25.40
ksa32,33555.742720,1029.00,24.00
ksa32,7772134.549890,504.00,24.10
ksa32,18245.222400,1034.00,25.00
ksa32,8108991.784230,464.00,23.70
ksa32,7712191.396940,538.00,21.30
ksa32,582309.175820,765.00,26.60
ksa32,7692537.450580,461.00,23.70
ksa32,589.824000,1077.00,27.70
ksa32,1441.792000,1032.00,24.00
ksa32,25464.561880,852.00,23.60
ksa32,7647046.928440,552.00,20.50
ksa32,1539570.312890,672.00,25.50
ksa32,7575162.302910,448.00,21.50
ksa32,21532.508160,1036.00,23.20
ksa32,7734885.407280,499.00,24.10
ksa32,44808.273920,1036.00,23.20
ksa32,8162889.409720,480.00,23.90
ksa32,11180.441600,1029.00,24.00
ksa32,1102351.917900,725.00,22.30
ksa32,2696483.556320,612.00,24.10
ksa32,7.864320,1068.00,27.70
ksa32,1562234.249930,644.00,25.60
ksa32,50325.913490,807.00,23.00
ksa32,1573189.871860,659.00,25.20
ksa32,5480.260210,984.00,24.20
ksa32,8184031.616020,480.00,23.90
ksa32,8197844.417740,462.00,23.70
ksa32,32297.451520,1036.00,23.20
ksa32,494.095870,866.00,23.80
ksa32,6810.911120,939.00,24.30
ksa32,48973.999950,807.00,23.00
ksa32,1148884.118910,694.00,25.50
ksa32,1604188.422920,657.00,25.60
ksa32,2759331.112480,595.00,24.10
ksa32,335.544320,1032.00,24.00
ksa32,2727417.955030,590.00,24.10
ksa32,7500615.629880,457.00,23.70
ksa32,70168.573110,777.00,22.50
ksa32,7801.405440,1083.00,27.70
ksa32,22197.576290,859.00,23.60
ksa32,32238.469120,1032.00,24.00
ksa32,7686028.164900,546.00,20.50
ksa32,4703.244220,809.00,23.00
ksa32,7616267.540330,450.00,21.60
ksa32,642448.411110,739.00,24.40
ksa32,8175805.881570,476.00,23.70
ksa32,32289.587200,1036.00,23.20
ksa32,148.111360,1034.00,25.00
ksa32,44533.367660,873.00,23.80
ksa32,757.411580,987.00,23.60
ksa32,364.443120,858.00,23.60
ksa32,7136.772530,806.00,22.60
ksa32,7507.804160,1034.00,25.00
ksa32,12598.640640,1036.00,23.20
ksa32,28548.792320,1032.00,24.00
ksa32,27623.673760,1023.00,24.00
ksa32,2684.354560,1093.00,26.60
ksa32,1134264.824540,712.00,25.40
ksa32,1570101.664710,672.00,25.50
ksa32,679003.732600,761.00,25.80
ksa32,7708087.020140,522.00,24.10
ksa32,7836819.566600,427.00,21.50
ksa32,10968.105720,791.00,23.00
ksa32,1363.148800,1084.00,28.80
ksa32,70309.642240,1036.00,23.20
ksa32,1557.135360,1034.00,25.00
ksa32,1559729.464870,660.00,25.20
ksa32,8230984.769750,410.00,21.50
ksa32,2920648.503850,572.00,24.10
ksa32,1271.268590,828.00,23.10
ksa32,1435.238400,1036.00,23.20
ksa32,7743190.496400,439.00,21.50
ksa32,1591235.338710,646.00,21.10
ksa32,2695745.956530,627.00,20.50
ksa32,7679508.502670,538.00,21.30
ksa32,1583074.549860,645.00,25.60
ksa32,111211.970560,1036.00,23.20
ksa32,2926645.702640,556.00,20.50
ksa32,20.971520,1101.00,30.00
ksa32,1406.402560,1034.00,25.00
ksa32,45896.619690,871.00,23.80
ksa32,0.000000,1100.00,27.00
ksa32,3177.286510,875.00,23.60
ksa32,3966383.494180,554.00,20.50
cla32,1241.419560,761.00,39.20
cla32,7665842.574140,380.00,33.50
cla32,7474603.058980,398.00,33.50
cla32,7155528.067830,435.00,33.70
cla32,7927478.614520,369.00,32.80
cla32,0.000000,919.00,56.50
cla32,355803.299450,532.00,34.20
cla32,234.569240,790.00,41.00
cla32,174732.959090,624.00,37.50
cla32,85030.556230,701.00,38.20
cla32,53771.304960,876.00,50.00
cla32,168532.260660,626.00,37.50
cla32,7250090.856810,478.00,34.40
cla32,7543561.934210,385.00,33.50
cla32,154132.302800,667.00,37.50
cla32,120942.375280,724.00,38.70
cla32,7143061.038410,284.00,27.80
cla32,8163600.444950,269.00,28.60
cla32,21476.398700,868.00,48.70
cla32,8369010.799240,268.00,28.60
cla32,27.206080,856.00,48.60
cla32,7933694.703330,369.00,32.80
cla32,7151010.034660,289.00,28.10
cla32,7792218.690130,373.00,35.50
cla32,43201.055880,784.00,40.10
cla32,79582.739010,663.00,37.50
cla32,80375.078750,655.00,37.50
cla32,34.946820,800.00,41.00
cla32,95647.817340,560.00,37.50
cla32,32212.910080,883.00,50.20
cla32,101046.135440,626.00,37.50
cla32,0.000000,907.00,49.40
cla32,99985.566990,626.00,37.50
cla32,10769.053810,796.00,41.00
cla32,438501.124420,512.00,42.00
cla32,8092997.704860,311.00,32.70
cla32,0.000000,912.00,56.50
cla32,4253244.406130,483.00,34.60
cla32,7822015.149120,369.00,32.80
cla32,419693.607060,521.00,42.40
cla32,7901762.862430,357.00,32.90
cla32,8223431.347580,293.00,28.60
cla32,84.541440,889.00,50.20
cla32,144272.982150,536.00,36.70
cla32,7889573.714840,345.00,33.80
cla32,87729.556430,739.00,36.60
cla32,8007055.105710,307.00,32.70
cla32,32245.365390,823.00,41.00
cla32,33649.581250,801.00,41.00
cla32,136270.045670,556.00,37.50
cla32,75785.815420,695.00,38.20
cla32,4235160.158130,488.00,34.60
cla32,65839.157740,755.00,37.80
cla32,10855.474300,809.00,41.00
cla32,8060320.886270,326.00,33.70
cla32,8195063.408280,283.00,27.80
cla32,44326.966570,761.00,39.20
cla32,0.000000,883.00,50.20
cla32,361.570040,765.00,42.40
cla32,7273728.709150,427.00,33.60
cla32,21558.722560,893.00,50.20
cla32,8235824.234800,261.00,29.00
cla32,96922.830730,683.00,36.50
cla32,7117050.858360,446.00,33.80
cla32,419463.251560,521.00,42.40
cla32,128418.768890,587.00,36.50
cla32,86752.464710,695.00,38.20
cla32,8030480.430800,316.00,32.70
cla32,0.000000,950.00,57.00
cla32,21706.973460,771.00,39.10
cla32,75219.131890,800.00,41.00
cla32,352876.870950,527.00,34.20
cla32,75246.141440,881.00,49.40
cla32,368.007130,765.00,42.40
cla32,7145171.649150,435.00,33.80
cla32,4251307.577690,494.00,34.60
cla32,32243.835300,843.00,44.00
cla32,79526.047180,650.00,37.50
cla32,32537.614740,788.00,41.00
cla32,7399785.446320,410.00,33.50
cla32,7590458.684100,289.00,28.10
cla32,7269650.373720,428.00,33.60
cla32,8267124.863230,328.00,33.70
cla32,76405.500800,682.00,36.50
cla32,8297974.782390,270.00,28.60
cla32,7358060.562260,416.00,33.50
cla32,7635086.608070,380.00,33.50
cla32,192.650480,777.00,40.10
cla32,8402732.524320,252.00,31.20
cla32,66725.286470,726.00,38.70
cla32,8359778.554270,274.00,28.60
cla32,64703.036730,782.00,40.10
cla32,8105809.531990,302.00,32.70
cla32,119506.783790,551.00,37.50
cla32,7280310.730680,475.00,34.40
cla32,119395.967430,672.00,36.50
cla32,8115603.462340,351.00,32.90
cla32,98287.625410,550.00,37.50
cla32,42950.983680,874.00,50.00
cla32,7191802.403390,435.00,33.80
cla32,21476.147200,874.00,48.70
cla32,88155.033190,688.00,38.20
cla32,416296.989780,521.00,43.00
cla32,8083025.582570,318.00,32.70
cla32,7212211.734660,434.00,33.70
cla32,128233.402560,546.00,35.70
cla32,7843675.296810,345.00,33.80
cla32,32238.875920,859.00,48.60
cla32,8110048.041830,332.00,33.80
wtm8,0.000000,1058.00,64.20
wtm8,48.933590,926.00,59.90
wtm8,1.000030,1047.00,64.20
wtm8,48.481030,944.00,59.50
wtm8,24.559430,1040.00,64.20
wtm8,0.000000,1064.00,64.90
wtm8,0.000000,1066.00,64.90
wtm8,0.000000,1057.00,64.20
wtm8,44.370010,1013.00,63.40
wtm8,48.780690,937.00,59.50
wtm8,63.555420,779.00,58.10
wtm8,0.000000,1067.00,64.90
wtm8,5.576630,1047.00,64.20
wtm8,50.634570,821.00,59.50
wtm8,48.223350,962.00,59.60
wtm8,48.475630,934.00,59.50
wtm8,0.000000,1070.00,65.40
wtm8,0.000000,1062.00,64.90
wtm8,62.610340,808.00,59.40
wtm8,0.000000,1075.00,66.40
wtm8,49.523310,865.00,59.90
wtm8,43.716060,1025.00,63.40
wtm8,48.771950,909.00,59.90
wtm8,37.960500,1035.00,64.20
wtm8,0.000000,1056.00,64.20
wtm8,61.571380,752.00,58.00
wtm8,49.489920,870.00,60.00
wtm8,46.143930,988.00,59.60
wtm8,63.900720,808.00,59.40
wtm8,0.000000,1058.00,64.20
wtm8,46.496590,986.00,59.60
wtm8,63.709530,801.00,59.40
wtm8,48.374410,966.00,59.60
wtm8,0.247630,1053.00,64.20
wtm8,46.125670,994.00,59.60
wtm8,59.306380,821.00,59.50
wtm8,48.715940,875.00,60.00
wtm8,46.787380,984.00,59.60
wtm8,48.338710,956.00,59.50
wtm8,48.689840,945.00,59.50
wtm8,47.995210,964.00,59.60
wtm8,44.086190,1003.00,60.00
wtm8,59.445870,809.00,59.40
wtm8,0.000000,1068.00,65.40
wtm8,0.496590,1050.00,64.20
wtm8,48.113910,974.00,59.60
wtm8,60.835680,750.00,58.00
wtm8,49.599460,872.00,60.00
wtm8,63.942610,769.00,58.00
wtm8,49.004150,885.00,60.30
wtm8,0.000000,1068.00,64.90
wtm8,0.000000,1072.00,65.40
wtm8,0.000000,1066.00,64.90
wtm8,0.000000,1066.00,64.90
wtm8,0.000000,1066.00,64.90
wtm8,48.512240,950.00,59.50
wtm8,43.383160,1026.00,63.80
mul8,20.509610,986.00,60.50
mul8,0.596300,1016.00,61.50
mul8,0.000000,1029.00,61.00
mul8,34.594840,971.00,60.50
mul8,35.304000,958.00,60.90
mul8,45.546710,954.00,60.90
mul8,0.000000,1046.00,61.40
mul8,0.000000,1056.00,61.40
mul8,6.698360,1001.00,61.00
mul8,4.458680,1009.00,61.50
mul8,0.000000,1034.00,61.00
mul8,35.545020,957.00,60.90
mul8,56.816940,861.00,59.40
mul8,44.970590,947.00,61.20
mul8,0.000000,1064.00,62.10
mul8,0.000000,1048.00,61.40
mul8,55.681910,848.00,59.40
mul8,34.145150,970.00,60.50
mul8,0.000000,1052.00,61.40
mul8,0.247500,1022.00,61.10
mul8,0.000000,1036.00,61.00
mul8,7.020120,997.00,60.60
mul8,24.877320,974.00,60.50
mul8,0.000000,1040.00,60.60
mul8,53.184960,867.00,59.40
mul8,0.251060,1022.00,61.10
mul8,2.564020,1014.00,61.50
mul8,0.310350,1020.00,61.10
mul8,0.000000,1041.00,61.40
mul8,0.000000,1060.00,61.80
mul8,0.000000,1037.00,61.00
mul8,58.998700,858.00,59.40
rca32,607.659580,583.00,30.10
rca32,194237.640860,508.00,30.70
rca32,603.652800,596.00,30.10
rca32,4907786.395290,425.00,30.20
rca32,5047424.674630,260.00,28.60
rca32,4859030.095170,402.00,29.80
rca32,5048318.415850,273.00,28.60
rca32,5049137.477960,263.00,28.60
rca32,8082122.509750,188.00,26.20
rca32,8233191.543120,215.00,27.40
rca32,608.102740,560.00,30.10
rca32,4998367.748970,321.00,30.20
rca32,1239.870190,511.00,29.90
rca32,4937332.001500,245.00,27.50
rca32,1298.871620,524.00,31.50
rca32,1829811.708830,477.00,29.90
rca32,1295.527660,549.00,30.70
rca32,516.844370,642.00,28.50
rca32,1712329.019220,486.00,29.90
rca32,5065192.083850,253.00,28.60
rca32,4884340.657800,383.00,31.60
rca32,5502468.004180,217.00,28.40
rca32,5004398.281290,339.00,31.30
rca32,5074339.561230,290.00,28.60
rca32,5020263.444250,365.00,31.60
rca32,608.136360,563.00,30.10
rca32,5025813.390500,360.00,32.10
rca32,4915106.540750,246.00,27.50
rca32,4870876.148740,393.00,31.60
rca32,7372625.706110,176.00,23.20
rca32,4834399.933300,443.00,30.00
rca32,517.386730,639.00,28.50
rca32,7325055.332560,174.00,23.20
rca32,1803249.811450,469.00,30.00
rca32,515.565630,680.00,28.50
rca32,4806023.458440,452.00,31.00
rca32,5005570.458350,319.00,29.20
rca32,8136318.461450,195.00,26.70
rca32,8325643.771160,196.00,26.70
rca32,5059835.994460,265.00,28.60
rca32,7784788.175150,182.00,23.70
rca32,4893147.674890,423.00,30.20
rca32,5052230.283370,260.00,28.60
rca32,4800420.146770,442.00,30.00
rca32,5054899.236100,294.00,28.60
rca32,4834557.151270,453.00,31.00
rca32,516.165050,632.00,28.50
rca32,5072304.436560,300.00,28.00
rca32,8263304.388420,203.00,26.80
rca32,8267362.121520,215.00,27.40
rca32,607.432570,578.00,30.10
rca32,1239.909030,516.00,29.90
rca32,5053268.332530,260.00,28.60
rca32,4880074.139950,385.00,31.60
rca32,1808642.990660,477.00,29.90
rca32,511.623100,681.00,28.50
rca32,607.614130,560.00,30.70
rca32,5079629.182010,256.00,28.60
rca32,1303.694990,550.00,30.70
rca32,555.935270,603.00,30.10
rca32,5089670.285350,228.00,28.40
rca32,548.103440,624.00,28.70
rca32,511.243060,673.00,30.10
rca32,4989033.018760,220.00,28.40
rca32,5080226.258760,290.00,28.60
rca32,1266.774710,543.00,30.70
rca32,4880859.057450,410.00,29.80
rca32,7580692.749130,185.00,26.10
rca32,516.920370,632.00,28.50
rca32,5068356.992060,259.00,28.60
rca32,515.744930,658.00,28.50
rca32,5003120.513480,221.00,28.40
rca32,1718386.408430,487.00,29.90
rca32,7128586.611280,187.00,26.20
rca32,4904499.358310,413.00,30.20
rca32,5063285.644320,293.00,30.20
rca32,514.503500,677.00,30.10
rca32,193710.351420,508.00,30.70
rca32,1806862.651820,465.00,31.00
rca32,7680196.528390,216.00,28.40
rca32,8047392.362320,190.00,26.70
rca32,1832289.874770,464.00,31.00
rca32,553.734200,612.00,30.10
rca32,0.249200,687.00,30.10
rca32,7513425.074240,184.00,25.50
rca32,1307.077060,524.00,31.50
rca32,5005111.071960,331.00,31.30
rca32,5087188.703930,379.00,31.60
rca32,1723864.969770,498.00,29.90
rca32,604.588940,582.00,28.50
rca32,5100945.941350,221.00,28.40
rca32,8031533.123350,200.00,25.90
rca32,193404.599100,507.00,30.70
rca32,1723673.086650,486.00,29.90
rca32,1720150.011420,498.00,29.90
ksa32,2661784.908650,596.00,21.40
ksa32,2634927.516110,607.00,21.70
ksa32,3898042.649930,529.00,21.10
ksa32,53.739520,1033.00,23.20
ksa32,2684.354560,1079.00,26.60
ksa32,35969.299390,938.00,25.40
ksa32,6291.456000,1057.00,26.30
ksa32,2679097.523730,637.00,21.20
ksa32,4011605.332090,445.00,24.10
ksa32,49962.024960,1036.00,23.20
ksa32,4073044.875680,448.00,24.10
ksa32,82297.002900,872.00,25.40
ksa32,1677.721600,1079.00,26.50
ksa32,2394720.222310,671.00,22.60
ksa32,8388.608000,1107.00,26.60
ksa32,3854853.313640,545.00,21.10
ksa32,54237.593600,1036.00,23.20
ksa32,4149022.640330,430.00,21.20
ksa32,2626138.089630,591.00,21.30
ksa32,2653682.190230,606.00,21.70
ksa32,4175708.402870,421.00,21.20
ksa32,1485.280890,984.00,26.00
ksa32,23766.586870,958.00,26.10
ksa32,31124.685050,926.00,26.30
ksa32,3095106.488800,574.00,21.50
ksa32,3956729.616310,518.00,25.70
ksa32,3991498.936550,511.00,21.10
ksa32,75972.098980,896.00,25.40
ksa32,3967334.927040,493.00,24.10
ksa32,2415504.245120,672.00,22.60
ksa32,87522.339200,860.00,25.40
ksa32,3950873.111920,515.00,25.70
ksa32,414684.268500,687.00,21.80
ksa32,142885.424880,906.00,25.40
ksa32,37549.623070,914.00,26.30
ksa32,4135511.693810,417.00,21.20
ksa32,403807.237860,679.00,22.60
ksa32,273275.818690,766.00,25.40
ksa32,4144144.888370,408.00,21.20
ksa32,232631.449680,706.00,25.40
ksa32,3152112.812200,550.00,25.30
ksa32,4054351.698120,500.00,25.70
ksa32,2210.993390,976.00,25.10
ksa32,10531.787170,932.00,26.30
ksa32,0.000000,1122.00,27.00
ksa32,6848.807620,1009.00,26.20
ksa32,3138490.562510,551.00,21.10
ksa32,12158.238720,1033.00,23.20
ksa32,12755.927040,1036.00,23.20
ksa32,231472.184920,719.00,25.40
ksa32,59274.690560,1046.00,25.60
ksa32,108107.928150,796.00,25.40
ksa32,263217.223860,736.00,25.40
ksa32,4190812.778430,431.00,21.20
ksa32,2663884.781680,612.00,21.90
ksa32,3132036.790100,560.00,21.30
ksa32,1595.146240,1036.00,23.20
ksa32,151958.789110,777.00,25.40
ksa32,4026.531840,1086.00,26.60
ksa32,2650462.413860,590.00,21.30
ksa32,12750.684160,1029.00,24.00
ksa32,21495.808000,1033.00,23.20
ksa32,65182.105600,1036.00,23.20
ksa32,1090.519040,1086.00,26.50
ksa32,425.412290,962.00,26.10
ksa32,25632.440320,1036.00,23.20
ksa32,27535.063060,1007.00,23.10
ksa32,2568242.227370,655.00,21.60
ksa32,236615.492800,729.00,25.40
ksa32,4185798.194250,425.00,21.20
ksa32,5575.802880,1029.00,24.00
ksa32,52.428800,1072.00,26.30
ksa32,3160330.003330,582.00,21.90
ksa32,3175016.328470,577.00,21.50
ksa32,0.000000,1114.00,27.00
ksa32,2660.063520,1011.00,26.20
ksa32,5717.360640,1033.00,23.20
ksa32,3953391.360700,516.00,21.10
ksa32,3911068.716470,520.00,21.10
ksa32,390799.267120,710.00,23.90
ksa32,48698.882440,942.00,26.10
ksa32,2661559.153700,607.00,21.70
ksa32,2665242.271010,648.00,21.60
ksa32,44667.631050,981.00,26.60
ksa32,55112.496350,915.00,26.30
ksa32,28615.887590,1023.00,24.00
ksa32,32672.769680,988.00,26.00
ksa32,2643662.504040,603.00,21.40
ksa32,55118.397440,1036.00,23.20
ksa32,3898060.517110,525.00,21.10
ksa32,79380.038690,889.00,25.40
ksa32,4058170.021610,478.00,24.10
ksa32,79932.472760,911.00,25.40
ksa32,2789.212160,1036.00,23.20
ksa32,12918.456320,1051.00,26.30
ksa32,56455.331840,1046.00,25.60
ksa32,42.507950,979.00,25.00
ksa32,75812.831820,856.00,25.40
ksa32,2629800.413860,597.00,21.40
ksa32,396261.926690,680.00,22.60
ksa32,32.768000,1036.00,23.20
ksa32,129936.608290,792.00,25.40
ksa32,5565.317120,1036.00,23.20
ksa32,4134192.722660,444.00,24.10
ksa32,4129017.637790,479.00,24.10
ksa32,210145.659520,716.00,25.40
ksa32,21579.694080,1030.00,23.20
ksa32,66124.323730,1013.00,24.00
ksa32,234266.459140,707.00,24.40
ksa32,230517.133120,715.00,25.40
ksa32,4083742.897930,482.00,24.10
ksa32,4215.275520,1097.00,26.60
ksa32,229077.264600,717.00,25.40
ksa32,6794.772480,1093.00,26.60
ksa32,53726.412800,1030.00,23.20
ksa32,2182.348800,1033.00,23.20
ksa32,131675.155480,829.00,25.40
ksa32,2407066.109900,665.00,22.60
ksa32,3941264.644500,512.00,21.10
ksa32,10.485760,1046.00,25.60
ksa32,2367856.159420,664.00,22.60
ksa32,2699664.160740,592.00,21.30
ksa32,102255.589350,794.00,25.40
ksa32,3900387.679890,529.00,21.10
ksa32,53422.450020,932.00,26.30
ksa32,3956199.780120,514.00,25.70
ksa32,43961.548800,1036.00,23.20
ksa32,234266.907670,713.00,25.40
ksa32,85557.735370,884.00,25.40
ksa32,91792.343040,1036.00,23.20
ksa32,27624.734720,1036.00,23.20
ksa32,127909.623180,807.00,25.40
ksa32,382337.833760,699.00,23.90
ksa32,4088054.793310,446.00,24.10
ksa32,2684.354560,1099.00,26.60
ksa32,757.596160,1066.00,26.30
ksa32,2408.560660,937.00,26.00
ksa32,3097089.883570,562.00,21.10
ksa32,3973628.574170,511.00,25.70
cla32,1504681.370040,450.00,38.40
cla32,1645123.832340,437.00,38.40
cla32,0.000000,883.00,50.20
cla32,3193956.601250,402.00,38.40
cla32,21474.836480,899.00,56.50
cla32,187739.405180,699.00,39.50
cla32,0.000000,919.00,56.50
cla32,150080.156270,706.00,39.50
cla32,201438.204610,631.00,39.50
cla32,200279.063350,618.00,39.50
cla32,3524524.342840,315.00,33.90
cla32,3759637.115780,356.00,34.20
cla32,1553887.565430,438.00,38.40
cla32,42950.000640,893.00,50.20
cla32,1646191.967640,458.00,38.40
cla32,21475.741820,868.00,45.70
cla32,155809.029510,707.00,39.50
cla32,1480148.399020,484.00,36.40
cla32,3252879.764280,422.00,38.40
cla32,4016681.323060,344.00,34.20
cla32,259902.904760,539.00,39.50
cla32,3169386.745880,423.00,38.40
cla32,147459.487480,769.00,39.50
cla32,4054676.936460,378.00,35.50
cla32,10862.441860,841.00,39.50
cla32,53937.058480,802.00,39.50
cla32,4103075.738300,315.00,33.90
cla32,0.327680,883.00,50.20
cla32,3268870.457660,401.00,38.40
cla32,4170306.334920,363.00,35.40
cla32,3890602.128810,315.00,33.90
cla32,1559083.678280,477.00,35.90
cla32,283820.926180,533.00,38.70
cla32,3205032.889640,406.00,38.40
cla32,3999935.172320,385.00,35.50
cla32,280834.005700,539.00,39.50
cla32,152943.998060,775.00,39.50
cla32,10905.190400,881.00,48.10
cla32,1525028.303260,464.00,38.40
cla32,142702.566550,771.00,39.50
cla32,1558773.139090,438.00,38.40
cla32,3982401.163060,315.00,33.90
cla32,21608.768810,816.00,39.50
cla32,21474.836480,912.00,56.50
cla32,16163.551820,842.00,39.50
cla32,222429.018630,573.00,39.50
cla32,21475.491840,889.00,50.20
cla32,5498.237770,837.00,39.50
cla32,149871.177320,698.00,39.50
cla32,84.541440,874.00,45.70
cla32,1576329.408480,472.00,35.70
cla32,4082984.561230,369.00,35.40
cla32,4012431.890930,311.00,35.60
cla32,21559.050240,884.00,52.40
cla32,3184561.669330,429.00,38.40
cla32,227194.368880,574.00,39.50
cla32,21616.238960,811.00,39.50
cla32,0.000000,950.00,57.00
cla32,3968568.388270,383.00,35.50
cla32,141420.478700,785.00,39.50
cla32,21671.932400,790.00,39.50
cla32,32128.368640,882.00,54.50
cla32,619844.545620,491.00,36.40
cla32,10853.358240,847.00,39.50
cla32,734617.696210,489.00,36.40
cla32,167592.003890,662.00,39.50
cla32,3676589.650560,313.00,35.60
cla32,3731276.636570,318.00,34.20
cla32,3777187.315450,355.00,34.20
cla32,162192.228950,668.00,40.20
cla32,145229.897990,692.00,40.50
cla32,48535.382670,812.00,39.50
cla32,37698.145140,826.00,39.50
cla32,3872626.930960,355.00,34.20
cla32,4071578.857840,315.00,33.90
cla32,147930.318900,657.00,39.50
cla32,3234055.825340,432.00,38.40
cla32,3981225.869650,305.00,32.40
cla32,4169968.590130,359.00,34.20
cla32,152877.047080,629.00,39.50
cla32,27008.410340,800.00,39.50
cla32,158039.265640,785.00,39.50
cla32,10823.999630,862.00,44.30
cla32,1575514.756340,470.00,35.70
cla32,214399.999400,624.00,39.50
cla32,64560.488570,821.00,39.50
cla32,3655812.850690,317.00,33.90
cla32,5526.847140,807.00,39.50
cla32,184794.257230,616.00,39.50
cla32,176018.481700,587.00,39.50
wtm8,29.589000,980.00,61.70
wtm8,0.000000,1061.00,64.90
wtm8,8.227150,1029.00,63.30
wtm8,0.718450,1035.00,65.00
wtm8,0.000000,1062.00,64.90
wtm8,0.000000,1061.00,64.90
wtm8,0.000000,1058.00,64.90
wtm8,31.724370,952.00,61.70
wtm8,26.110300,844.00,59.90
wtm8,0.000000,1064.00,64.90
wtm8,26.678130,1017.00,62.40
wtm8,30.404690,962.00,61.70
wtm8,29.454980,984.00,62.30
wtm8,29.769040,993.00,62.30
wtm8,0.000000,1070.00,65.40
wtm8,29.470630,968.00,61.70
wtm8,0.000000,1062.00,64.90
wtm8,27.204940,1010.00,62.40
wtm8,0.000000,1075.00,66.40
wtm8,30.366920,854.00,59.90
wtm8,0.000000,1058.00,64.90
wtm8,26.156290,840.00,59.90
wtm8,27.901290,987.00,62.30
wtm8,28.228100,994.00,62.30
wtm8,0.249210,1055.00,65.40
wtm8,0.000000,1060.00,64.90
wtm8,27.925520,985.00,62.30
wtm8,17.992900,1027.00,62.80
wtm8,5.621310,1034.00,63.30
wtm8,31.182650,957.00,61.70
wtm8,29.604170,970.00,61.70
wtm8,0.000000,1068.00,64.90
wtm8,29.566310,917.00,60.50
wtm8,25.996850,849.00,59.90
wtm8,0.000000,1062.00,64.90
wtm8,0.000000,1072.00,65.40
wtm8,0.000000,1060.00,64.90
wtm8,30.421070,958.00,61.70
wtm8,0.000000,1066.00,64.90
wtm8,26.107000,1026.00,62.40
wtm8,0.467430,1052.00,65.40
wtm8,0.000000,1060.00,64.90
mul8,25.231700,929.00,58.80
mul8,2.596390,1021.00,60.70
mul8,0.000000,1029.00,61.00
mul8,30.208940,895.00,58.00
mul8,26.978360,966.00,60.20
mul8,7.599430,1007.00,60.50
mul8,8.748740,993.00,60.50
mul8,0.000000,1043.00,61.40
mul8,0.000000,1056.00,61.40
mul8,25.933250,912.00,58.60
mul8,0.000000,1031.00,60.60
mul8,28.879080,935.00,59.00
mul8,0.000000,1064.00,62.10
mul8,0.000000,1048.00,61.40
mul8,17.568140,986.00,61.10
mul8,0.000000,1052.00,61.40
mul8,0.000000,1033.00,60.60
mul8,0.249780,1022.00,61.10
mul8,28.204720,906.00,58.10
mul8,0.310260,1020.00,61.10
mul8,8.539040,1001.00,60.50
mul8,26.663690,957.00,59.80
mul8,0.000000,1040.00,60.60
mul8,27.469510,976.00,60.70
mul8,0.254040,1022.00,61.10
mul8,25.941940,941.00,59.00
mul8,18.241870,981.00,60.70
mul8,0.936360,1018.00,61.10
mul8,24.390340,935.00,59.00
mul8,6.760370,1013.00,60.10
mul8,0.000000,1041.00,61.40
mul8,8.720720,996.00,60.50
mul8,28.465060,938.00,59.00
mul8,0.000000,1060.00,61.80
mul8,0.000000,1038.00,60.60
mul8,27.493800,950.00,59.40
rca32,0.503970,685.00,30.10
rca32,914498.975150,569.00,31.60
rca32,945268.133880,491.00,31.50
rca32,920780.467580,514.00,33.10
rca32,3527979.390920,301.00,32.70
rca32,68.941140,616.00,35.10
rca32,0.250620,687.00,30.10
rca32,3902586.943780,258.00,29.00
rca32,1.252930,682.00,30.10
rca32,924547.520460,574.00,33.80
rca32,941955.930690,492.00,31.50
rca32,4205034.858100,226.00,29.70
rca32,3544902.748740,304.00,32.70
rca32,35.158790,646.00,33.70
rca32,3894965.956020,285.00,32.50
rca32,6.003250,655.00,30.10
rca32,944536.807240,466.00,30.90
rca32,3564967.087240,318.00,32.70
rca32,4164183.102520,248.00,28.30
rca32,919754.513350,557.00,33.60
rca32,587.136320,584.00,32.80
rca32,926409.373490,500.00,32.10
rca32,3900820.083740,286.00,32.50
rca32,939285.366720,480.00,31.10
rca32,4036619.106000,257.00,29.20
rca32,1113810.033790,400.00,29.80
rca32,4157979.534180,241.00,29.20
rca32,927393.763830,582.00,31.60
rca32,4003510.796820,251.00,29.70
rca32,945601.134750,444.00,31.80
rca32,3543093.856860,347.00,32.70
rca32,972828.941740,433.00,30.10
rca32,4014418.007520,257.00,29.20
rca32,918087.930270,556.00,33.60
rca32,3515215.721660,289.00,32.70
rca32,4.308840,678.00,30.10
rca32,4194508.208390,233.00,29.70
rca32,3529481.161490,347.00,32.70
rca32,155.690830,592.00,32.80
rca32,67.884620,623.00,33.50
rca32,923693.576260,538.00,33.00
rca32,927635.385060,557.00,33.80
rca32,921532.950380,575.00,31.60
rca32,5.979050,662.00,30.10
rca32,3918653.612160,285.00,32.50
rca32,3479332.036670,362.00,29.20
rca32,35.330060,639.00,33.50
rca32,922769.717250,513.00,33.10
rca32,968774.749600,438.00,31.80
rca32,3553415.749740,318.00,32.70
rca32,943589.277090,472.00,31.10
rca32,1111491.248420,380.00,29.20
rca32,926820.869240,521.00,32.80
rca32,1021241.899010,425.00,30.10
rca32,943118.257580,455.00,30.90
rca32,918073.056330,538.00,33.00
rca32,71.641580,600.00,35.00
rca32,1119360.730110,379.00,29.20
rca32,948018.044320,455.00,30.90
rca32,5.792300,676.00,30.10
rca32,3910327.410260,266.00,31.30
rca32,942939.883310,489.00,32.80
rca32,4173544.931460,240.00,29.20
rca32,6.097610,655.00,30.10
rca32,3551150.929160,307.00,32.70
rca32,976254.551970,440.00,30.10
rca32,924696.859940,528.00,32.80
rca32,3516596.058980,301.00,32.70
rca32,923093.792790,535.00,32.80
rca32,69.100960,616.00,35.30
rca32,3463192.462460,362.00,29.20
