ksa32,114.054,182.00,18.40
cla32,0.585967,668.00,44.70
ksa32,0.00264322,1002.00,27.70
rca32,1.2682,309.00,28.20
cla32,0.778823,373.00,38.40
wal8,3.38509,980.00,64.40
ksa32,14.5258,342.00,24.00
wal8,234.441,509.00,52.00
rca32,1.89086,277.00,27.20
ksa32,0.715017,435.00,23.90
ksa32,0.383884,904.00,23.80
wal8,212.161,526.00,52.10
ksa32,1.43427,422.00,23.90
wal8,85.5566,664.00,58.70
ksa32,3.56388,358.00,23.10
ksa32,0.0204457,937.00,27.90
ksa32,0.379894,917.00,24.10
ksa32,0.0170484,1019.00,27.70
rca32,0.547032,344.00,28.60
cla32,0.201624,800.00,41.20
ksa32,0.711849,437.00,25.00
cla32,0.29799,674.00,42.00
ksa32,0.381956,630.00,23.60
rca32,88.8247,160.00,22.00
cla32,0.118968,766.00,48.90
ksa32,24.7957,264.00,20.40
cla32,11.7219,253.00,35.00
mtp8,293.602,610.00,55.10
mtp8,48.4505,820.00,58.10
cla32,4.82922,281.00,36.40
ksa32,0.0506535,907.00,26.20
ksa32,1.68367,407.00,23.00
cla32,441.645,126.00,24.90
rca32,0.00598571,466.00,28.60
wal8,309.588,453.00,52.70
cla32,0.129788,786.00,41.20
rca32,0.0400364,424.00,27.60
ksa32,1.67393,408.00,23.00
cla32,16.4581,231.00,30.10
cla32,0.947612,399.00,39.80
mtp8,94.997,723.00,56.30
ksa32,1.66721,412.00,23.70
wal8,19.4234,865.00,61.60
ksa32,0.0635682,757.00,28.40
rca32,26.8234,198.00,22.80
ksa32,60.1866,213.00,22.60
ksa32,0.18274,504.00,24.20
cla32,0.717286,483.00,38.40
mtp8,220.028,630.00,55.10
ksa32,0.0309745,818.00,26.60
cla32,1.16208,543.00,40.20
rca32,0.000994547,508.00,29.50
cla32,2.90813,316.00,37.20
ksa32,0.379713,485.00,25.50
ksa32,0.382631,617.00,24.10
cla32,0.763256,369.00,39.40
ksa32,27.0691,301.00,26.20
mtp8,35.1564,847.00,58.60
rca32,6.51374,240.00,26.20
cla32,39.1736,235.00,34.40
rca32,46.4323,175.00,22.80
ksa32,0.95423,561.00,25.20
rca32,5.46994e-05,627.00,27.90
rca32,0.026106,428.00,28.70
rca32,0.00201577,506.00,29.30
ksa32,0.398488,550.00,23.10
ksa32,15.7928,304.00,22.60
cla32,0.750836,387.00,37.30
ksa32,0.0508252,705.00,26.30
cla32,0.332676,687.00,47.70
cla32,0.33452,741.00,45.10
rca32,0.0235824,436.00,27.50
cla32,0.698073,811.00,42.20
wal8,9.82879,905.00,59.50
cla32,2.44624,333.00,38.00
wal8,9.83586,905.00,59.50
wal8,138.161,585.00,57.00
ksa32,8.53722,339.00,26.40
cla32,0.0481385,511.00,42.30
rca32,39.5386,172.00,22.80
ksa32,229.648,156.00,20.60
cla32,0.757633,490.00,35.60
wal8,5.9416,925.00,66.20
cla32,0.71214,528.00,36.60
ksa32,0.0389727,588.00,25.20
ksa32,0.378585,489.00,25.50
wal8,19.8087,882.00,66.00
cla32,0.728148,469.00,37.90
ksa32,0.0315282,801.00,26.90
ksa32,0.872824,438.00,23.30
ksa32,0.0341616,681.00,27.40
ksa32,0.0388152,588.00,25.20
wal8,100.923,665.00,58.60
rca32,1.45611e-05,656.00,30.10
wal8,9.27738,915.00,66.70
mtp8,91.1395,730.00,56.80
ksa32,0.382894,879.00,24.10
cla32,0.360146,707.00,45.00
cla32,31.9728,249.00,32.80
cla32,0.753586,377.00,38.80
ksa32,25.449,252.00,22.00
rca32,0.0368241,423.00,30.40
cla32,0.154814,597.00,47.50
ksa32,0.382765,520.00,25.30
wal8,132.565,598.00,57.80
wal8,6.12442,932.00,59.60
rca32,0.0408907,425.00,27.40
wal8,26.4107,849.00,61.50
ksa32,3.59202,514.00,26.30
mtp8,149.061,678.00,56.30
rca32,0.000497202,542.00,30.20
cla32,39.7533,218.00,34.60
cla32,0.74467,485.00,33.60
mtp8,274.757,619.00,55.10
cla32,0.330078,566.00,43.60
cla32,0.658631,634.00,37.00
cla32,132.939,141.00,25.70
rca32,0.0737681,396.00,28.60
ksa32,0.0024145,1047.00,27.70
ksa32,26.6869,250.00,20.40
cla32,0.493232,527.00,36.60
ksa32,0.0500873,601.00,26.20
ksa32,0.050149,598.00,26.20
ksa32,0.385901,498.00,25.60
cla32,0.37757,571.00,42.70
ksa32,0.0498447,1102.00,28.40
rca32,6.43588,258.00,25.80
cla32,0.704741,437.00,40.30
cla32,15.0348,245.00,33.30
cla32,0.588923,587.00,37.00
ksa32,0.0506801,652.00,26.20
cla32,0.752163,377.00,38.80
cla32,11.7182,253.00,35.00
ksa32,1.01208,555.00,25.70
ksa32,0.38375,633.00,23.60
cla32,123.657,156.00,29.80
ksa32,0.383428,575.00,24.70
ksa32,15.0106,345.00,24.40
cla32,0.299061,554.00,42.60
ksa32,0.00222254,1078.00,27.10
ksa32,4.87209,363.00,26.50
rca32,0.0507346,426.00,28.70
mtp8,372.626,566.00,55.00
cla32,2.55491,325.00,37.20
ksa32,0.843778,440.00,23.30
mtp8,5.10549,1001.00,60.60
wal8,47.0737,766.00,62.00
wal8,191.486,555.00,56.40
ksa32,0.0766495,770.00,25.60
rca32,0.0107277,455.00,30.30
ksa32,3.85348,389.00,21.60
rca32,0.00230437,490.00,27.40
wal8,67.8981,723.00,60.80
cla32,2.72037,328.00,37.20
ksa32,0.0967058,639.00,26.00
wal8,6.21852,967.00,64.50
rca32,0.17677,366.00,28.70
ksa32,0.00185195,803.00,26.90
cla32,2.26649,364.00,40.80
rca32,4.16782e-05,630.00,27.90
ksa32,0.583825,495.00,25.70
wal8,29.3081,845.00,66.60
cla32,7.32109,268.00,36.10
cla32,0.441413,586.00,37.30
wal8,120.308,622.00,58.60
cla32,0,908.00,49.60
cla32,0.464023,647.00,43.40
cla32,1.59478,386.00,35.30
mtp8,95.2914,722.00,56.30
rca32,24.1087,199.00,22.80
cla32,0.758162,587.00,37.60
ksa32,0.00582054,1059.00,27.70
ksa32,0.00261459,957.00,27.00
mtp8,82.4711,752.00,56.20
cla32,0.783215,426.00,39.50
rca32,0.000179678,596.00,30.10
rca32,92.6945,150.00,21.00
cla32,0.785924,432.00,41.90
cla32,2.87491,317.00,37.20
cla32,0.186539,685.00,37.00
rca32,1.4859,287.00,26.10
ksa32,3.87476,384.00,21.60
cla32,12.8666,270.00,36.00
ksa32,0.0340952,646.00,26.60
cla32,2.2587,364.00,40.80
ksa32,0.384389,660.00,24.50
cla32,0.783004,490.00,34.70
ksa32,0.0633416,769.00,26.00
ksa32,25.3289,252.00,22.00
wal8,34.0031,794.00,60.90
ksa32,0.0100582,990.00,27.10
rca32,7.5474e-05,618.00,30.10
rca32,3.69636,264.00,25.80
ksa32,126.363,216.00,20.70
wal8,32.3422,838.00,66.60
rca32,93.0525,147.00,21.20
ksa32,2.93302,386.00,23.10
mtp8,500.595,493.00,54.50
ksa32,0.00611101,966.00,27.00
cla32,0.757192,529.00,37.30
ksa32,2.42409,565.00,30.30
ksa32,0.050125,604.00,26.20
rca32,218.418,133.00,21.60
rca32,0.902227,314.00,28.20
ksa32,0.381906,695.00,24.50
ksa32,0.383628,691.00,24.80
rca32,0.131376,374.00,27.40
cla32,0.121389,779.00,41.20
mtp8,24.1776,874.00,58.60
cla32,0.752353,387.00,37.30
rca32,0.00161689,525.00,27.40
ksa32,3.35081,360.00,23.10
rca32,0.0906491,389.00,28.60
cla32,0.548463,559.00,42.60
cla32,33.9995,220.00,33.90
ksa32,3.16026,389.00,21.30
cla32,0.210377,605.00,47.50
rca32,10.1018,213.00,23.70
cla32,67.7086,215.00,32.60
rca32,0.0109888,444.00,28.60
ksa32,0.0400034,779.00,28.50
ksa32,0.381832,829.00,24.80
ksa32,0.382557,611.00,25.00
cla32,0.778182,373.00,38.40
rca32,1.3471,293.00,26.10
wal8,215.386,522.00,55.70
cla32,0.783215,481.00,38.40
wal8,122.829,617.00,56.90
ksa32,20.7262,317.00,24.70
ksa32,0.038861,588.00,25.20
ksa32,0.539349,491.00,25.70
ksa32,0.0507235,629.00,26.20
rca32,0.153863,373.00,27.40
cla32,0.0481191,763.00,42.00
ksa32,0.37932,490.00,25.50
cla32,0.460198,617.00,37.40
cla32,0.797963,751.00,42.00
rca32,0.000991682,508.00,29.50
ksa32,0.0503734,598.00,26.20
mtp8,17.8535,903.00,59.10
rca32,0.108059,386.00,27.40
ksa32,10.9329,326.00,21.80
ksa32,1.43724,416.00,23.90
cla32,4.04998,304.00,37.20
ksa32,3.84181,383.00,21.60
rca32,0.00036605,558.00,30.10
wal8,114.972,625.00,58.60
cla32,0.224671,566.00,43.60
ksa32,7.11437,330.00,23.70
ksa32,1.68482,409.00,23.00
wal8,211.959,526.00,52.10
wal8,335.383,447.00,52.70
rca32,1.06835,302.00,26.10
ksa32,23.9184,253.00,20.70
ksa32,0.710454,443.00,25.00
ksa32,80.6518,217.00,21.10
wal8,50.8229,754.00,60.90
ksa32,427.353,121.00,18.60
rca32,0.00392458,494.00,29.90
ksa32,9.67147,361.00,25.20
wal8,53.8898,740.00,60.90
cla32,0.810189,491.00,36.40
ksa32,0.382953,530.00,25.10
cla32,0.276584,830.00,42.60
cla32,441.057,125.00,24.90
ksa32,0.384078,888.00,24.50
cla32,0.939849,528.00,42.70
mtp8,86.3242,728.00,56.20
cla32,0.113621,908.00,53.20
rca32,0.000182527,579.00,30.10
ksa32,0.0409144,858.00,30.30
cla32,0.64317,637.00,37.00
ksa32,0.371766,479.00,23.70
ksa32,0.0229334,838.00,27.70
mtp8,24.8448,882.00,58.60
cla32,0.867049,402.00,40.60
cla32,0.814501,501.00,35.60
ksa32,15.7492,317.00,22.60
wal8,139.444,579.00,57.00
wal8,57.8948,758.00,62.70
ksa32,24.1463,301.00,25.50
cla32,0.716586,594.00,44.60
rca32,0.00406407,508.00,29.50
wal8,10.469,903.00,58.70
wal8,58.9412,758.00,62.70
cla32,0.797996,738.00,42.00
cla32,0.731547,506.00,37.10
rca32,0.755978,335.00,27.40
cla32,1.13087,499.00,33.40
mtp8,15.5333,927.00,59.40
cla32,7.18567,276.00,36.80
ksa32,0.383059,658.00,24.30
mtp8,197.38,641.00,55.90
wal8,105.71,709.00,61.10
rca32,0.00186428,508.00,27.40
rca32,8.75397e-06,679.00,30.10
cla32,0.548586,799.00,42.00
mtp8,24.6241,870.00,58.60
wal8,124.845,611.00,56.90
mtp8,146.947,683.00,56.30
cla32,0.104466,857.00,44.60
rca32,78.8773,167.00,22.80
cla32,0.750658,387.00,37.30
rca32,0.000367675,557.00,30.10
rca32,0.000342356,572.00,27.90
cla32,0.776952,377.00,37.10
ksa32,61.7467,213.00,22.20
wal8,0,1073.00,65.40
ksa32,0.845977,440.00,23.30
ksa32,265.103,159.00,20.00
ksa32,3.90841,516.00,26.30
ksa32,159.79,177.00,21.60
ksa32,0.712525,437.00,23.90
ksa32,0.0507172,707.00,26.30
ksa32,2.74188,403.00,23.00
rca32,0.00253224,496.00,27.40
cla32,0.311349,572.00,37.60
ksa32,0.381885,715.00,24.80
rca32,0.0645201,400.00,27.40
rca32,0.00148262,508.00,29.50
ksa32,0.00997118,1045.00,27.70
rca32,0.0547846,424.00,27.50
ksa32,0.0685101,1100.00,27.90
cla32,439.97,125.00,24.90
cla32,0.30623,851.00,51.80
cla32,0.698623,498.00,39.40
ksa32,0.381074,490.00,25.50
rca32,4.55384e-05,632.00,30.10
ksa32,82.8612,237.00,21.20
ksa32,0.379862,546.00,23.60
ksa32,265.632,135.00,20.00
ksa32,0.0510291,743.00,26.50
ksa32,2.99928,413.00,23.80
rca32,1.08289,343.00,28.60
cla32,1.85112,332.00,37.10
cla32,0.749428,377.00,38.80
ksa32,0.197141,605.00,23.60
mtp8,8.72438,974.00,60.10
cla32,1.02768,529.00,35.00
cla32,0.464314,505.00,42.30
cla32,0.511514,534.00,37.30
ksa32,0.183105,504.00,24.20
ksa32,0.0369342,821.00,26.60
wal8,5.31743,966.00,64.40
ksa32,4.04683,358.00,23.60
ksa32,3.54498,511.00,26.30
rca32,0.0508097,410.00,27.40
wal8,53.5339,740.00,60.90
mtp8,35.1551,847.00,58.60
ksa32,96.1281,186.00,18.60
rca32,96.0864,158.00,23.70
rca32,0.00335131,516.00,29.50
ksa32,0.00588849,1107.00,27.90
rca32,0.000497563,543.00,30.20
cla32,23.7386,223.00,30.10
wal8,3.56533,973.00,64.40
ksa32,0.00240909,1058.00,28.10
ksa32,0.713973,439.00,25.00
cla32,0.880475,440.00,37.10
cla32,0.333594,638.00,37.00
ksa32,0.0367874,743.00,28.90
ksa32,0.067209,723.00,28.80
ksa32,0.0227993,866.00,30.30
cla32,0.737267,566.00,35.50
ksa32,47.7638,253.00,23.70
cla32,0.455841,716.00,45.10
cla32,0.298436,656.00,42.00
ksa32,0.0180385,1062.00,27.70
ksa32,0.383052,748.00,24.90
cla32,0.806884,368.00,38.40
mtp8,20.085,878.00,59.10
ksa32,1.66382,412.00,23.70
ksa32,0.0967077,644.00,26.00
ksa32,43.1612,244.00,20.40
ksa32,0.0432107,815.00,26.70
rca32,36.7386,184.00,22.80
ksa32,20.9511,298.00,22.80
ksa32,0.0691076,770.00,28.40
mtp8,150.767,684.00,56.30
ksa32,34.9984,259.00,23.70
cla32,0.66424,511.00,42.40
rca32,237.504,124.00,19.00
ksa32,0.0098099,861.00,30.30
ksa32,0.713763,457.00,26.10
mtp8,148.808,678.00,56.30
cla32,0.507759,537.00,37.00
ksa32,1.12244,563.00,30.30
rca32,0.00018217,577.00,27.90
cla32,0.213038,644.00,45.30
ksa32,0.381002,753.00,24.90
wal8,9.86726,905.00,66.40
cla32,0.429722,693.00,47.70
cla32,2.46423,348.00,37.20
rca32,34.709,199.00,23.30
ksa32,0.0498742,598.00,26.20
wal8,294.735,485.00,58.80
wal8,211.981,526.00,52.10
cla32,0.0737731,832.00,49.20
wal8,252.081,475.00,49.90
ksa32,12.1536,329.00,23.60
cla32,0.78023,377.00,37.10
ksa32,0.0664661,801.00,26.70
ksa32,0.4788,534.00,30.70
rca32,6.55958,223.00,24.60
rca32,0.000182473,579.00,30.10
rca32,0.107573,390.00,28.60
wal8,293.428,462.00,58.90
ksa32,0.381889,488.00,25.50
cla32,1.56737,355.00,39.10
ksa32,0.00241087,1085.00,27.10
ksa32,0.0390284,588.00,25.20
cla32,0.298637,663.00,42.00
rca32,3.09003,253.00,26.10
ksa32,0.0376221,775.00,25.50
ksa32,0.847771,440.00,23.30
ksa32,2.35639,430.00,23.60
ksa32,12.1643,321.00,24.00
cla32,0.456206,516.00,40.30
ksa32,0.00617566,916.00,30.60
cla32,0.997614,578.00,43.60
ksa32,0.050178,615.00,26.20
ksa32,6.77213,371.00,22.40
ksa32,0.195674,597.00,24.30
cla32,149.678,158.00,24.50
cla32,0.355879,859.00,55.10
wal8,130.839,610.00,57.80
cla32,25.5951,262.00,32.80
ksa32,17.6384,302.00,22.80
ksa32,251.843,152.00,20.00
wal8,96.2156,651.00,58.70
ksa32,0.0346915,826.00,26.70
ksa32,73.0456,217.00,21.10
ksa32,4.03226,358.00,23.60
wal8,116.236,640.00,59.10
rca32,1.57469,302.00,28.20
cla32,0.128137,790.00,47.00
rca32,53.9836,176.00,22.80
wal8,203.605,545.00,56.40
ksa32,0.0505509,848.00,26.20
ksa32,0.383359,787.00,25.60
rca32,0.254843,348.00,28.70
cla32,1.3736,440.00,33.40
wal8,33.92,794.00,60.90
rca32,375.217,107.00,18.70
cla32,0.746919,609.00,37.30
wal8,6.1516,932.00,62.60
ksa32,0.039026,588.00,25.20
rca32,3.23023,290.00,30.00
ksa32,0.37948,489.00,25.50
ksa32,266.824,135.00,20.00
cla32,440.553,125.00,24.90
ksa32,22.2623,313.00,25.80
wal8,0,1069.00,64.90
wal8,0,1059.00,64.90
ksa32,0.381879,587.00,25.00
ksa32,43.0729,240.00,21.30
ksa32,0.383558,496.00,25.60
rca32,46.442,173.00,22.80
cla32,4.55105,276.00,34.40
cla32,10.3982,263.00,35.00
ksa32,0.384284,509.00,25.30
cla32,0.710565,408.00,40.60
rca32,187.721,132.00,21.00
ksa32,5.29306,368.00,23.00
ksa32,0.0500138,598.00,26.20
rca32,1.01777,299.00,27.80
ksa32,0.0505301,645.00,26.20
ksa32,0.00223722,955.00,29.30
rca32,10.7799,244.00,25.60
cla32,4.52174,283.00,33.20
ksa32,4.09632,393.00,23.70
cla32,0.706793,409.00,40.60
rca32,0.00536227,481.00,29.30
ksa32,0.383243,490.00,25.30
cla32,41.5508,220.00,30.00
ksa32,12.8431,315.00,23.70
cla32,73.5227,198.00,32.30
wal8,16.3372,900.00,66.00
cla32,0.125175,805.00,41.20
ksa32,15.7504,304.00,22.60
wal8,6.16426,932.00,62.60
ksa32,0.0230218,858.00,29.00
wal8,188.265,560.00,56.40
ksa32,15.7077,321.00,23.30
cla32,0.822288,508.00,37.40
wal8,10.0929,903.00,59.50
cla32,0.344633,883.00,52.60
wal8,5.25753,978.00,64.50
cla32,7.88144,285.00,36.20
rca32,95.5606,146.00,22.10
ksa32,0.00371812,1088.00,28.00
cla32,2.02742,333.00,38.30
rca32,49.3095,183.00,23.20
cla32,0.548638,673.00,42.00
cla32,0.841387,541.00,36.30
mtp8,496.989,518.00,55.00
cla32,0.820414,380.00,37.60
rca32,50.5931,184.00,23.20
cla32,2.88201,317.00,37.20
wal8,53.54,738.00,60.90
ksa32,387.205,145.00,17.60
wal8,2.25089,1016.00,64.40
mtp8,0,1033.00,62.00
ksa32,0.00216383,1054.00,27.70
wal8,103.558,692.00,61.10
rca32,24.0071,199.00,22.80
ksa32,0.773511,442.00,25.90
cla32,132.065,130.00,25.30
ksa32,4.88177,366.00,26.50
ksa32,1.6861,406.00,23.00
wal8,107.925,711.00,61.10
ksa32,0.0508435,832.00,26.20
ksa32,2.95486,400.00,23.70
ksa32,0.0507091,829.00,26.20
rca32,0.00138316,529.00,27.40
rca32,375.404,100.00,18.70
ksa32,0.38293,866.00,24.10
ksa32,0.0510848,727.00,26.20
wal8,4.44071,982.00,64.50
ksa32,1.66829,416.00,26.10
cla32,0.751024,381.00,38.80
wal8,152.023,582.00,56.00
wal8,227.269,511.00,52.10
mtp8,207.907,637.00,55.60
wal8,59.083,758.00,62.70
rca32,0.270082,348.00,28.60
rca32,232.69,132.00,22.10
cla32,0.59527,874.00,50.20
cla32,11.9753,280.00,35.60
wal8,110.529,633.00,58.70
ksa32,1.6816,408.00,23.00
rca32,13.2167,218.00,24.10
rca32,8.72032e-06,679.00,30.10
rca32,0.000737583,538.00,30.20
ksa32,0.00714558,838.00,27.70
wal8,25.4847,863.00,66.70
cla32,0.775615,570.00,43.60
ksa32,1.59135,553.00,25.70
ksa32,18.5606,323.00,25.10
cla32,0.704365,418.00,40.00
wal8,50.7889,754.00,60.90
ksa32,0.00803574,875.00,30.30
ksa32,0.00204153,943.00,25.40
cla32,0.215604,517.00,39.50
ksa32,0.710889,435.00,23.90
ksa32,0.384051,776.00,25.60
cla32,181.233,150.00,24.90
cla32,182.132,150.00,24.90
ksa32,386.538,142.00,18.10
cla32,1.57188,361.00,37.40
ksa32,0.0378637,743.00,28.60
rca32,0.000181802,578.00,27.90
rca32,1.09571,317.00,28.20
ksa32,0.0508341,791.00,26.20
rca32,39.5663,181.00,22.80
cla32,230.696,173.00,28.80
mtp8,0,1029.00,61.00
wal8,9.80761,905.00,59.50
cla32,0.437548,834.00,42.40
rca32,1.45844e-05,656.00,30.10
cla32,0.794365,476.00,39.80
cla32,337.147,120.00,26.10
cla32,23.8123,223.00,30.10
rca32,0.0828571,399.00,27.50
cla32,13.1749,267.00,32.80
cla32,440.17,118.00,24.90
cla32,2.0314,349.00,38.90
cla32,103.562,165.00,27.90
mtp8,8.21006,982.00,60.50
rca32,0.00943921,454.00,30.00
ksa32,2.12951,538.00,25.20
rca32,0.130925,374.00,27.40
ksa32,0.0392518,762.00,28.90
rca32,0.000168762,599.00,28.00
ksa32,76.9227,217.00,21.10
cla32,0.756917,368.00,39.80
wal8,0,1067.00,64.90
wal8,2.08933,1049.00,64.80
mtp8,2.29227,1017.00,61.00
ksa32,0.0687656,776.00,25.50
wal8,130.279,610.00,57.80
rca32,31.5665,191.00,23.40
cla32,0.320847,593.00,37.30
ksa32,0,1116.00,27.00
ksa32,0.0505424,905.00,26.20
ksa32,3.34814,528.00,25.00
wal8,406.304,404.00,52.80
ksa32,186.464,157.00,20.60
cla32,0.408673,559.00,36.90
ksa32,83.456,191.00,18.60
wal8,274.514,464.00,49.80
rca32,0.0571379,417.00,28.70
cla32,0.474385,828.00,42.20
ksa32,0.382039,825.00,24.80
ksa32,95.8667,185.00,18.60
cla32,0.943703,387.00,41.80
ksa32,0.0509563,824.00,26.20
rca32,48.744,180.00,22.80
cla32,0.780001,393.00,38.00
rca32,2.46858e-05,643.00,27.90
ksa32,0.383432,622.00,23.60
rca32,0.000345267,572.00,28.00
rca32,270.449,115.00,19.60
rca32,5.76937,244.00,26.10
rca32,0.00188262,501.00,29.70
rca32,0.000181281,577.00,27.90
cla32,2.47441,358.00,37.20
mtp8,490.9,508.00,55.00
ksa32,23.9924,288.00,24.40
wal8,2.24918,1016.00,64.40
ksa32,16.3906,316.00,24.00
ksa32,0.182799,504.00,24.10
rca32,1.06028,320.00,28.60
cla32,0.402101,537.00,35.00
cla32,1.55713,349.00,34.70
mtp8,3.25035,1005.00,60.50
ksa32,0.0507191,894.00,26.20
rca32,374.772,110.00,18.70
ksa32,175.415,176.00,18.40
ksa32,187.353,157.00,20.60
rca32,1.17841,297.00,26.10
mtp8,6.37375,989.00,60.50
cla32,0.752099,377.00,38.80
wal8,100.311,655.00,58.60
cla32,0.124702,790.00,50.10
rca32,186.507,147.00,21.00
ksa32,1.07634,415.00,23.00
rca32,26.7178,198.00,22.80
ksa32,0.873867,438.00,23.30
ksa32,1.43152,402.00,22.20
rca32,1.06618,315.00,29.40
cla32,1.2983,684.00,42.00
ksa32,1.68503,407.00,23.00
cla32,1.89846,398.00,35.30
ksa32,0.0342971,839.00,26.70
mtp8,68.3243,778.00,57.20
rca32,0.142338,367.00,27.20
cla32,27.0543,236.00,35.10
ksa32,0.0508437,779.00,26.20
cla32,2.00197,425.00,34.30
ksa32,0.0629693,761.00,26.20
ksa32,0.00214696,1018.00,27.70
cla32,0.077716,798.00,47.00
ksa32,58.1085,213.00,22.20
rca32,1.45404e-05,649.00,30.10
rca32,0.198123,361.00,27.20
mtp8,392.584,557.00,55.00
cla32,103.758,165.00,27.90
cla32,0.839982,643.00,37.00
cla32,337.271,124.00,26.10
mtp8,52.3068,810.00,57.70
ksa32,16.8632,315.00,26.80
ksa32,264.231,135.00,20.00
cla32,1.62531,431.00,33.40
ksa32,23.6443,290.00,25.60
cla32,0.946232,387.00,41.80
rca32,374.243,103.00,18.70
cla32,0.756577,377.00,38.80
ksa32,18.5726,324.00,25.10
ksa32,5.82765,353.00,23.10
cla32,61.0167,214.00,29.60
ksa32,229.534,157.00,20.60
mtp8,415.937,553.00,55.00
wal8,6.15651,932.00,59.60
wal8,33.8864,794.00,60.90
wal8,95.8272,652.00,58.70
ksa32,0.0506842,712.00,26.30
rca32,237.662,127.00,19.00
cla32,11.6099,269.00,36.00
cla32,2.4642,349.00,37.20
rca32,39.4813,183.00,22.80
cla32,0.305276,753.00,47.30
rca32,39.3841,176.00,22.20
ksa32,0.0310102,819.00,26.70
cla32,0.255943,713.00,37.50
ksa32,0.383452,659.00,24.50
cla32,0.940555,770.00,48.70
cla32,0.322115,843.00,52.80
cla32,0.68961,861.00,48.40
wal8,2.94804,1005.00,64.60
ksa32,34.8167,259.00,23.70
ksa32,0.640701,546.00,23.60
mtp8,82.6863,752.00,56.20
ksa32,0.0353665,808.00,26.70
ksa32,12.9116,331.00,26.60
ksa32,0.0966348,637.00,25.30
wal8,212.551,526.00,52.10
mtp8,103.792,714.00,56.30
cla32,0.341671,718.00,45.60
wal8,16.1198,892.00,61.60
rca32,0.937822,331.00,28.60
mtp8,65.9021,783.00,57.70
ksa32,0.0389587,588.00,25.20
cla32,7.16315,283.00,35.60
ksa32,0.0234375,1104.00,27.00
rca32,0.0271876,452.00,27.40
ksa32,0.774322,440.00,24.00
mtp8,8.72154,978.00,60.50
cla32,0,901.00,49.80
ksa32,228.7,154.00,20.60
cla32,0.928999,542.00,43.10
cla32,1.85096,332.00,37.10
rca32,0.00219766,522.00,29.60
wal8,32.4857,831.00,61.80
cla32,0.57567,818.00,49.20
rca32,1.01292,344.00,28.60
ksa32,0.381194,910.00,23.90
ksa32,0.00512674,799.00,26.00
ksa32,0.0501894,595.00,24.50
ksa32,0.050539,816.00,26.20
cla32,4.0416,304.00,37.20
cla32,240.051,167.00,28.80
ksa32,25.5977,280.00,25.70
wal8,0,1061.00,64.90
cla32,0.767537,372.00,38.80
cla32,3.50628,308.00,36.00
ksa32,0.183276,508.00,24.20
ksa32,25.4247,252.00,22.00
ksa32,0.383604,539.00,28.00
ksa32,12.8066,315.00,23.70
ksa32,0.0653755,646.00,26.60
rca32,0.141775,367.00,27.20
rca32,1.02146e-05,669.00,30.10
cla32,0.31747,598.00,37.30
cla32,0.144143,657.00,47.50
rca32,0.0364596,428.00,30.40
rca32,187.217,132.00,21.00
rca32,95.7954,146.00,22.10
rca32,0.0715352,409.00,28.60
cla32,0.779666,409.00,37.70
ksa32,0.380101,489.00,25.50
ksa32,0.71273,437.00,23.90
ksa32,4.04683,358.00,23.60
ksa32,7.91762,332.00,22.90
ksa32,0.197443,599.00,27.40
ksa32,3.49093,529.00,25.00
cla32,65.5761,225.00,34.50
cla32,375.821,131.00,24.90
ksa32,3.35535,360.00,23.10
cla32,41.7082,213.00,30.00
ksa32,0.0508478,675.00,26.60
cla32,1.49823,437.00,33.40
rca32,45.2242,181.00,23.20
ksa32,4.03901,364.00,23.60
rca32,0.0467352,411.00,27.40
cla32,1.56578,361.00,37.40
cla32,70.1292,178.00,30.90
rca32,0.00911017,469.00,27.80
rca32,0.692999,338.00,28.70
cla32,0.808471,485.00,39.30
ksa32,10.7639,359.00,25.20
ksa32,0.231647,614.00,25.10
rca32,9.95499,252.00,25.60
cla32,0.306764,860.00,51.40
ksa32,20.3118,305.00,26.20
ksa32,238.064,166.00,20.00
wal8,6.64282,930.00,59.60
mtp8,4.47852,1009.00,61.00
mtp8,12.7529,935.00,59.00
ksa32,0.382482,534.00,24.80
ksa32,0.381045,488.00,25.50
cla32,0.448657,741.00,37.80
ksa32,0.0506466,864.00,26.20
ksa32,0.709835,439.00,25.00
ksa32,0.648251,499.00,25.70
rca32,6.54527,243.00,28.80
rca32,4.18011e-05,630.00,27.90
mtp8,53.2318,802.00,57.60
cla32,34.0568,220.00,33.90
cla32,0.298197,668.00,42.00
wal8,65.1766,727.00,60.80
cla32,2.47327,360.00,41.20
rca32,0.694512,334.00,28.60
rca32,246.611,130.00,22.20
rca32,0.0236618,436.00,27.50
ksa32,0.383827,862.00,24.10
rca32,0.875264,318.00,28.20
rca32,0.0114474,452.00,27.50
ksa32,0.378845,490.00,25.50
cla32,0.32177,564.00,41.20
wal8,64.8494,743.00,60.90
mtp8,4.7791,996.00,60.50
ksa32,4.55634,374.00,23.10
rca32,1.45519e-05,656.00,30.10
cla32,0.366434,839.00,49.20
rca32,0.000342119,572.00,27.90
rca32,0.0466085,411.00,27.40
ksa32,14.6861,342.00,24.10
ksa32,228.81,152.00,20.60
cla32,0.25422,737.00,47.70
ksa32,145.332,181.00,18.50
wal8,110.889,633.00,58.70
rca32,0.120574,380.00,27.30
mtp8,147.871,678.00,56.30
ksa32,0.582556,479.00,25.80
mtp8,140.238,682.00,55.90
wal8,5.3539,966.00,64.40
wal8,261.31,496.00,55.30
ksa32,0.383723,918.00,23.10
rca32,0.58852,336.00,28.60
wal8,156.444,570.00,57.00
mtp8,25.1553,865.00,58.60
cla32,7.18305,283.00,35.60
ksa32,83.5616,191.00,18.60
cla32,0.690197,724.00,37.50
cla32,260.852,151.00,23.90
rca32,0.000400875,555.00,30.10
ksa32,0.00684483,878.00,30.30
cla32,0.38189,687.00,37.00
cla32,0.125009,895.00,48.60
cla32,0.200833,690.00,37.00
ksa32,24.7198,288.00,25.40
cla32,0.435925,623.00,46.40
ksa32,0.382276,574.00,24.70
ksa32,99.1676,198.00,19.60
ksa32,1.68277,407.00,23.00
ksa32,4.02157,373.00,22.40
ksa32,0.0224582,928.00,27.90
cla32,27.6171,238.00,34.70
wal8,140.073,587.00,56.00
cla32,0.643689,556.00,43.10
cla32,0.0485103,565.00,42.00
ksa32,16.9409,315.00,26.80
ksa32,3.34417,360.00,23.10
rca32,0.00893426,473.00,29.20
ksa32,0.382838,604.00,25.00
cla32,0.151883,617.00,34.90
rca32,0.589048,340.00,28.60
mtp8,104.98,713.00,56.90
ksa32,0.7767,442.00,25.90
cla32,0.900976,552.00,43.10
ksa32,0.0078045,950.00,26.60
ksa32,0.208869,631.00,28.30
ksa32,3.92182,474.00,25.20
ksa32,0.0365844,741.00,28.90
ksa32,0.381857,607.00,25.00
ksa32,0.038849,588.00,25.20
ksa32,2.92637,462.00,25.40
rca32,0.745973,316.00,28.20
ksa32,0.382582,655.00,25.00
cla32,7.17534,283.00,35.60
wal8,138.569,588.00,56.00
ksa32,3.28814,468.00,25.20
mtp8,347.609,591.00,55.00
mtp8,356.088,575.00,55.00
rca32,1.02082e-05,669.00,30.10
cla32,6.00398,273.00,36.40
rca32,0.00189016,504.00,29.90
wal8,1.53323,1053.00,64.80
ksa32,0.382032,915.00,24.10
mtp8,65.8633,779.00,57.20
ksa32,0.794757,493.00,23.70
wal8,6.13741,932.00,62.60
cla32,132.511,141.00,25.70
ksa32,0.712965,437.00,23.90
mtp8,140.573,682.00,55.90
wal8,6.16928,932.00,59.60
ksa32,0.00573165,818.00,30.00
rca32,0.106069,394.00,28.60
ksa32,0.0342719,636.00,25.10
mtp8,222.542,629.00,55.10
wal8,391.265,423.00,52.60
ksa32,15.9974,300.00,22.80
ksa32,0.00563639,970.00,26.60
ksa32,0.504976,546.00,23.60
ksa32,0.383776,571.00,24.70
rca32,1.0169e-05,673.00,30.10
wal8,49.0554,753.00,60.90
wal8,115.347,644.00,58.60
cla32,0.126603,672.00,37.00
ksa32,23.7149,289.00,25.60
ksa32,0.369955,467.00,23.70
cla32,0.0985425,813.00,49.20
cla32,3.51636,296.00,36.40
cla32,0.465297,518.00,39.50
mtp8,149.369,678.00,56.30
rca32,0.00594104,470.00,27.50
wal8,5.51009,932.00,64.50
ksa32,0.382275,709.00,24.80
ksa32,0.0389243,588.00,25.20
rca32,180.072,135.00,23.90
ksa32,0.379699,488.00,25.50
ksa32,1.6803,409.00,23.00
cla32,1.14745,504.00,42.40
rca32,375.744,102.00,18.70
rca32,50.3382,184.00,23.20
mtp8,115.097,705.00,56.90
ksa32,0.0386731,750.00,28.60
cla32,132.26,151.00,25.70
ksa32,265.823,130.00,18.60
rca32,5.79796e-05,629.00,30.10
mtp8,93.0198,727.00,56.80
wal8,3.04475,989.00,64.40
cla32,3.24016,312.00,37.20
cla32,0.298978,829.00,42.00
mtp8,24.1577,874.00,58.60
rca32,0.000498073,540.00,29.60
ksa32,2.57366,404.00,26.10
wal8,5.76904,961.00,64.40
ksa32,0.0161892,922.00,27.90
ksa32,75.0406,217.00,21.10
cla32,7.16698,275.00,36.80
rca32,1.5667,301.00,28.10
wal8,60.8506,744.00,60.90
ksa32,24.3874,285.00,25.70
cla32,1.03808,845.00,48.70
cla32,195.402,182.00,29.30
rca32,0.0136227,450.00,30.00
rca32,0.00321126,516.00,29.60
cla32,2.02489,353.00,38.90
cla32,0.343803,860.00,55.10
mtp8,492.704,508.00,55.00
ksa32,0.378447,543.00,23.80
mtp8,147.001,673.00,55.90
wal8,33.6096,794.00,60.90
wal8,213.047,522.00,55.70
ksa32,0.061463,711.00,25.30
ksa32,3.66734,492.00,24.80
ksa32,110.594,181.00,21.60
cla32,0.0488544,528.00,42.20
rca32,0.0693762,405.00,27.50
ksa32,175.165,172.00,20.90
rca32,1.26805,333.00,26.70
rca32,1.55341,288.00,27.80
ksa32,0.00215738,1012.00,28.40
wal8,42.5708,810.00,65.40
ksa32,0.00222589,1097.00,27.10
ksa32,1.66783,412.00,23.70
mtp8,14.1367,951.00,60.40
cla32,0.779384,393.00,38.00
cla32,41.755,213.00,30.00
rca32,7.79955e-05,618.00,30.10
cla32,4.52955,276.00,34.40
ksa32,23.6088,297.00,25.60
rca32,0.00539894,480.00,29.30
mtp8,45.5941,822.00,58.00
cla32,0.493206,547.00,34.90
ksa32,0.38008,546.00,23.60
wal8,61.1908,749.00,61.00
cla32,0.874859,434.00,34.70
ksa32,0.0401235,762.00,25.60
cla32,4.75112,298.00,37.20
cla32,3.53717,308.00,36.00
cla32,2.02784,334.00,37.50
ksa32,229.707,154.00,20.00
ksa32,0.0348358,815.00,27.80
ksa32,4.17708,531.00,25.00
cla32,0.749234,816.00,51.00
ksa32,0.0341128,646.00,26.60
wal8,18.4836,879.00,61.60
rca32,0.00214382,525.00,27.40
cla32,0.774872,377.00,37.10
cla32,0.048107,754.00,42.00
cla32,69.6174,182.00,30.90
ksa32,6.77473,377.00,23.70
wal8,25.264,854.00,61.50
rca32,5.83029e-05,629.00,30.10
mtp8,94.9317,723.00,56.30
wal8,97.9313,707.00,60.80
rca32,0.0116582,449.00,30.50
cla32,0.777729,492.00,35.90
cla32,0.942721,399.00,40.60
ksa32,0.0508042,698.00,26.30
cla32,337.371,128.00,26.10
mtp8,65.1496,790.00,57.70
rca32,24.0832,199.00,22.80
ksa32,1.68297,409.00,23.00
cla32,23.2022,236.00,30.10
ksa32,83.0948,191.00,18.60
ksa32,0.383668,632.00,24.30
rca32,92.923,148.00,21.20
cla32,0.747959,387.00,37.30
rca32,0.0150426,448.00,27.50
wal8,212.812,526.00,52.10
cla32,0.0488657,554.00,42.60
cla32,0.699948,428.00,40.30
rca32,11.9047,218.00,24.20
wal8,251.047,475.00,49.90
cla32,0.159343,509.00,42.40
cla32,0.625202,578.00,43.60
ksa32,0.0506268,628.00,26.20
ksa32,0.0506657,945.00,26.20
wal8,279.945,464.00,52.70
rca32,0.00670788,476.00,30.50
cla32,0.431886,839.00,49.30
cla32,0.0865521,772.00,49.30
cla32,0.860236,510.00,37.80
ksa32,0.0442839,823.00,26.70
wal8,115.058,644.00,58.60
ksa32,0.0344886,816.00,26.50
mtp8,24.1103,874.00,58.60
ksa32,0.00147229,1104.00,27.00
wal8,17.6844,880.00,61.60
ksa32,0.382656,577.00,24.70
cla32,2.16943,451.00,34.80
wal8,28.6343,841.00,61.80
ksa32,24.6935,273.00,24.80
mtp8,489.662,506.00,55.00
ksa32,0.183303,506.00,25.90
ksa32,80.9014,245.00,22.40
wal8,128.53,612.00,57.80
ksa32,0.38321,715.00,24.80
cla32,337.525,125.00,26.10
rca32,1.01264e-05,673.00,30.10
ksa32,2.73262,399.00,23.00
cla32,0.682033,754.00,48.10
ksa32,0.384539,883.00,24.10
cla32,0.336465,643.00,43.40
cla32,41.5905,224.00,30.00
cla32,0.0902652,669.00,48.10
ksa32,0.0342791,679.00,25.80
cla32,2.90107,316.00,37.20
cla32,0.693601,564.00,41.20
cla32,0.401167,682.00,37.00
ksa32,0.382477,530.00,24.80
wal8,5.82287,956.00,64.40
ksa32,1.67053,412.00,23.70
wal8,2.65446,1041.00,66.50
rca32,5.77213,244.00,26.10
mtp8,39.5319,837.00,58.20
cla32,0.302089,745.00,48.00
ksa32,0.0341018,704.00,28.60
cla32,1.64164,557.00,43.10
ksa32,0.0503677,598.00,26.20
cla32,336.777,120.00,26.10
ksa32,0.380716,490.00,25.50
rca32,0.255117,347.00,28.70
wal8,5.5136,932.00,64.50
ksa32,25.4729,302.00,25.40
rca32,0.00407263,486.00,29.70
cla32,41.3578,218.00,30.00
cla32,0.396981,678.00,45.20
ksa32,0.0359193,802.00,26.70
rca32,0.0628707,416.00,28.80
ksa32,0.384638,655.00,25.00
cla32,0.0479222,727.00,42.00
cla32,0.707545,484.00,38.40
ksa32,0.380337,488.00,25.50
ksa32,0.050547,785.00,26.30
cla32,438.674,125.00,24.90
cla32,72.4149,193.00,29.30
mtp8,5.94873,996.00,60.60
ksa32,9.79316,367.00,22.40
ksa32,62.963,212.00,24.10
rca32,0.0596793,405.00,27.40
wal8,294.857,469.00,59.20
ksa32,4.03642,358.00,23.60
ksa32,0.0508073,764.00,26.20
cla32,341.714,131.00,24.90
wal8,11.1092,905.00,69.30
rca32,10.6444,216.00,25.40
ksa32,1.67754,408.00,23.00
ksa32,8.5816,339.00,26.40
cla32,54.1645,210.00,34.40
ksa32,0.0499452,598.00,26.20
rca32,4.45704e-05,628.00,30.10
ksa32,0.0682371,812.00,26.90
ksa32,113.975,205.00,20.80
ksa32,0.0503216,598.00,26.20
cla32,41.387,222.00,30.00
ksa32,0.0506806,650.00,26.20
wal8,84.2677,664.00,58.70
cla32,0.193823,615.00,37.20
rca32,0.000167466,602.00,30.10
cla32,0.720191,484.00,38.40
cla32,15.0893,249.00,32.90
cla32,0.259604,700.00,37.00
cla32,2.89359,316.00,37.20
cla32,0.0485775,580.00,42.00
cla32,41.5089,215.00,30.00
ksa32,1.96367,393.00,21.40
ksa32,12.1481,323.00,22.90
mtp8,140.645,689.00,56.30
rca32,4.30953e-05,634.00,30.10
ksa32,0.378821,488.00,25.50
ksa32,140.593,169.00,20.00
ksa32,15.7458,317.00,22.60
cla32,0.751045,380.00,38.80
cla32,1.56683,355.00,37.00
rca32,0.0207069,437.00,27.40
cla32,3.52725,306.00,36.40
cla32,395.484,132.00,24.90
rca32,0.147719,379.00,27.40
ksa32,3.50856,472.00,28.50
ksa32,62.1286,212.00,24.10
ksa32,0.0507392,800.00,26.20
cla32,0.295527,582.00,37.30
cla32,0.339505,728.00,45.00
ksa32,0.00385284,1108.00,27.00
rca32,0.0591415,405.00,27.40
rca32,0.0264753,430.00,27.40
ksa32,0.370401,474.00,23.70
wal8,70.4938,732.00,60.90
wal8,0,1060.00,64.90
ksa32,0.183821,522.00,24.70
ksa32,0.0504657,625.00,26.20
ksa32,3.33445,360.00,23.10
wal8,95.6207,652.00,58.70
mtp8,35.1894,851.00,58.60
cla32,2.51446,338.00,36.00
ksa32,0.0318224,909.00,28.80
cla32,0.298616,642.00,42.00
cla32,0.776165,373.00,38.40
cla32,15.21,265.00,36.30
rca32,5.34571,247.00,29.00
rca32,237.352,128.00,19.00
ksa32,0.0506031,857.00,26.20
ksa32,16.1561,313.00,26.00
ksa32,4.57926,547.00,28.60
ksa32,4.02641,364.00,23.60
ksa32,0.381305,827.00,24.80
ksa32,0.0501968,598.00,26.20
rca32,117.348,152.00,23.20
ksa32,0.506044,546.00,23.60
wal8,62.2415,743.00,60.90
cla32,0.477563,560.00,34.60
cla32,0.256316,736.00,37.80
ksa32,1.66946,412.00,23.70
ksa32,0.0509454,713.00,26.30
ksa32,0.303325,505.00,25.40
wal8,9.30469,915.00,66.70
ksa32,3.05943,462.00,25.40
ksa32,265.407,133.00,18.60
mtp8,25.1883,865.00,58.60
rca32,4.83494e-05,626.00,28.00
wal8,297.263,482.00,58.90
mtp8,80.9483,746.00,56.20
ksa32,34.9345,262.00,23.70
rca32,1.01908e-05,669.00,30.10
ksa32,1.68018,412.00,23.00
mtp8,7.60751,983.00,60.50
ksa32,4.19053,467.00,24.60
ksa32,0.382786,563.00,24.70
cla32,0.517822,516.00,36.40
cla32,0.415223,522.00,34.30
ksa32,0.382982,849.00,23.90
wal8,5.52178,933.00,62.50
cla32,132.569,157.00,24.50
rca32,0.0127268,442.00,30.50
cla32,0.704949,409.00,40.60
ksa32,25.3163,296.00,25.40
ksa32,0.0388567,832.00,26.60
ksa32,4.02454,358.00,23.60
rca32,0.00295987,482.00,29.10
rca32,0.00114609,527.00,27.40
mtp8,302.504,606.00,55.40
ksa32,0.0501433,598.00,26.20
rca32,0.101057,389.00,29.70
rca32,2.25812e-05,645.00,30.10
cla32,3.53304,308.00,36.00
wal8,2.09876,1046.00,64.80
cla32,336.758,129.00,26.10
cla32,0.469876,750.00,48.40
mtp8,149.534,684.00,56.30
ksa32,20.9015,298.00,22.80
rca32,4.96058,250.00,29.00
ksa32,0.063318,740.00,27.50
cla32,1.04803,524.00,42.20
rca32,1.26689e-05,666.00,30.10
rca32,49.9092,180.00,22.80
wal8,212.31,526.00,52.10
rca32,48.7015,183.00,22.80
rca32,0.0114294,452.00,27.50
cla32,0.371692,583.00,36.90
cla32,0.719352,456.00,34.20
ksa32,3.55561,358.00,23.10
rca32,3.01592,286.00,30.00
mtp8,178.667,651.00,55.90
cla32,0.208209,687.00,37.00
mtp8,74.0925,771.00,57.30
rca32,5.75846,248.00,26.10
cla32,0.250007,882.00,48.40
ksa32,0.0394367,762.00,28.90
wal8,5.91852,925.00,66.20
ksa32,0.0389915,594.00,25.20
wal8,94.2687,686.00,60.90
wal8,99.8152,665.00,58.60
wal8,69.2791,723.00,60.80
rca32,6.3005,264.00,25.80
rca32,0.219871,368.00,28.60
ksa32,3.91938,464.00,24.60
ksa32,1.68422,406.00,23.00
cla32,0.0481674,794.00,42.00
ksa32,0.869605,430.00,23.90
ksa32,0.0505172,866.00,26.20
ksa32,0.00274988,965.00,27.00
wal8,294.233,476.00,58.60
cla32,16.5382,231.00,30.10
ksa32,0.183178,506.00,25.90
ksa32,4.58019,379.00,23.10
ksa32,0.182798,506.00,25.90
ksa32,0.0506255,628.00,26.20
ksa32,0.383289,658.00,25.00
rca32,0.00254955,493.00,33.10
ksa32,0.447524,605.00,23.90
cla32,0.0711016,827.00,49.20
cla32,24.5601,258.00,32.80
wal8,52.2246,770.00,61.40
ksa32,0.0341643,646.00,26.60
rca32,0.00152245,516.00,29.50
ksa32,1.67713,408.00,23.00
cla32,0.527739,505.00,35.30
cla32,0.338327,584.00,36.90
ksa32,427.5,121.00,18.60
wal8,400.917,412.00,52.60
rca32,93.0092,158.00,21.80
rca32,46.4379,166.00,22.80
ksa32,0.379475,488.00,25.50
rca32,1.5736,301.00,28.10
ksa32,0.239428,619.00,28.20
ksa32,0.506408,538.00,26.20
ksa32,1.71749,403.00,23.00
ksa32,1.67348,423.00,25.00
cla32,0.675534,652.00,43.40
ksa32,0.383094,634.00,24.30
ksa32,0.382297,542.00,24.80
cla32,0.772213,656.00,37.00
rca32,3.09936,252.00,26.10
cla32,0.951232,519.00,39.80
ksa32,0.0380016,583.00,30.30
mtp8,221.369,630.00,55.10
ksa32,0.382757,646.00,24.30
ksa32,3.34242,360.00,23.10
ksa32,0.197089,597.00,27.40
cla32,58.3842,203.00,33.20
cla32,337.537,123.00,26.10
cla32,0.548341,639.00,42.00
ksa32,0.711274,454.00,25.10
cla32,0.0982292,723.00,45.60
ksa32,0.00660172,964.00,26.40
ksa32,0.0144811,831.00,30.00
ksa32,3.77117,529.00,26.10
ksa32,0.381041,680.00,24.80
ksa32,0.385393,792.00,25.60
rca32,0.00472523,466.00,27.40
ksa32,0.00309122,932.00,25.40
cla32,0.298791,642.00,42.00
ksa32,0.0177812,1059.00,27.70
ksa32,25.3683,269.00,23.40
cla32,1.59497,469.00,33.40
cla32,0.79673,469.00,39.00
cla32,18.3432,234.00,30.10
ksa32,0.00700799,832.00,27.20
ksa32,2.64131,449.00,23.60
ksa32,0.0554332,711.00,25.30
cla32,342.18,131.00,24.90
ksa32,1.23568,432.00,24.00
cla32,1.15271,587.00,44.60
wal8,408.675,411.00,52.60
rca32,0.140301,371.00,27.20
cla32,0.298213,529.00,42.40
rca32,0.000366807,557.00,30.10
cla32,0.752672,387.00,37.30
cla32,34.0095,221.00,34.70
cla32,0,950.00,57.00
ksa32,23.7487,297.00,25.60
wal8,52.5068,770.00,61.40
ksa32,3.30076,393.00,21.30
wal8,2.99928,1022.00,64.40
rca32,1.27866e-05,667.00,30.10
cla32,0.178443,750.00,47.30
ksa32,0.379369,490.00,25.50
rca32,6.99079e-05,612.00,30.70
ksa32,0.641865,549.00,23.60
rca32,237.713,126.00,19.00
ksa32,3.35617,360.00,23.10
mtp8,3.9722,1000.00,60.50
ksa32,0.037485,770.00,28.40
ksa32,0.847633,440.00,23.30
ksa32,0.00614428,828.00,30.00
ksa32,0.00290238,1015.00,28.80
cla32,0.798766,557.00,42.70
rca32,4.4639e-05,628.00,30.10
ksa32,0.0505264,856.00,26.20
cla32,0.256314,792.00,41.10
mtp8,24.5227,870.00,58.60
cla32,0.329633,651.00,43.40
rca32,0.000180694,577.00,27.90
ksa32,0.382743,537.00,23.80
cla32,340.819,131.00,24.90
wal8,139.24,588.00,56.00
wal8,28.6536,847.00,66.60
cla32,0.509788,760.00,48.10
ksa32,0.382903,826.00,24.80
mtp8,150.499,678.00,56.30
mtp8,197.879,641.00,55.90
rca32,23.4088,194.00,22.80
cla32,132.844,129.00,25.30
ksa32,0.64397,550.00,23.60
cla32,2.03704,334.00,37.50
rca32,0.043592,421.00,28.60
cla32,45.3801,227.00,30.40
ksa32,388.172,124.00,18.60
cla32,2.45268,333.00,38.00
cla32,246.604,163.00,24.90
rca32,39.4496,172.00,22.80
rca32,0.000401659,554.00,27.90
wal8,136.807,595.00,57.80
ksa32,0.382774,660.00,24.50
cla32,0.265603,592.00,37.30
cla32,4.5194,276.00,34.40
ksa32,0.527723,579.00,23.20
wal8,65.761,727.00,60.80
cla32,0.42412,529.00,36.60
ksa32,114.109,182.00,18.40
ksa32,0.38146,561.00,24.80
cla32,0.423792,850.00,44.60
wal8,45.831,805.00,65.40
ksa32,107.755,236.00,22.00
cla32,181.867,149.00,24.90
rca32,22.1478,202.00,23.30
ksa32,0.0388766,754.00,28.90
rca32,0.0114299,452.00,27.50
cla32,2.47819,353.00,37.20
ksa32,0.966838,436.00,23.30
rca32,0.000367461,555.00,28.00
ksa32,46.4043,255.00,26.10
cla32,0.849629,836.00,49.20
cla32,0.309139,783.00,48.40
cla32,0.298109,670.00,42.00
ksa32,0.0501117,598.00,26.20
ksa32,3.20885,488.00,24.80
ksa32,4.04685,382.00,23.10
ksa32,0.182655,506.00,24.20
cla32,0.834025,433.00,36.80
rca32,0.000400038,555.00,30.10
rca32,92.8824,154.00,21.00
rca32,0.76571,322.00,28.20
ksa32,0.381796,497.00,25.10
wal8,133.114,598.00,57.80
ksa32,4.05956,368.00,21.60
ksa32,0.0313307,810.00,26.90
ksa32,0.078768,756.00,27.00
cla32,3.00127,314.00,37.00
mtp8,0,1036.00,62.40
rca32,3.09629,265.00,26.10
wal8,212.446,526.00,52.10
rca32,2.25151e-05,648.00,30.10
wal8,405.956,405.00,52.80
ksa32,0.0400712,784.00,28.50
rca32,1.46022e-05,656.00,30.10
ksa32,0.381706,490.00,25.50
cla32,4.54705,287.00,36.40
cla32,123.763,156.00,29.80
cla32,0.840806,678.00,45.50
ksa32,24.0221,253.00,20.70
rca32,0.0261607,428.00,28.70
ksa32,0.383177,851.00,23.50
mtp8,34.4248,851.00,58.60
cla32,0.103423,679.00,48.10
wal8,123.194,617.00,57.80
cla32,4.54048,276.00,34.40
ksa32,1.73397,564.00,30.30
ksa32,14.736,330.00,25.10
cla32,0.899986,446.00,34.70
cla32,39.1419,235.00,34.40
cla32,113.152,187.00,29.30
wal8,15.6171,900.00,67.50
wal8,251.276,475.00,49.90
ksa32,0.381222,490.00,25.50
cla32,0.334356,568.00,35.50
ksa32,0.0505238,634.00,26.40
ksa32,2.19015,421.00,21.00
ksa32,2.66452,449.00,23.60
ksa32,265.92,125.00,18.60
ksa32,0.383634,620.00,23.60
wal8,6.1866,932.00,62.60
cla32,7.19619,270.00,34.30
ksa32,0.0310699,826.00,26.60
rca32,4.32924e-05,632.00,28.00
rca32,6.96355e-05,612.00,30.70
wal8,49.4223,757.00,61.00
cla32,0.609362,662.00,48.30
rca32,0.0011758,533.00,27.40
ksa32,103.936,220.00,20.10
mtp8,1.89761,1019.00,61.10
mtp8,148.517,678.00,56.30
rca32,0.932319,331.00,28.60
cla32,0.510727,644.00,43.40
ksa32,0.182538,506.00,25.90
ksa32,0.0311868,831.00,26.60
rca32,0.0063557,466.00,27.50
wal8,51.9881,797.00,65.40
wal8,18.4991,879.00,61.60
cla32,0.689586,529.00,42.70
ksa32,386.703,148.00,19.40
cla32,0.944575,386.00,41.80
mtp8,0,1031.00,60.60
cla32,0.187215,680.00,44.30
cla32,0.760046,370.00,39.40
cla32,0.769211,469.00,37.50
ksa32,1.07484,415.00,23.00
ksa32,15.7533,303.00,22.80
cla32,22.3324,249.00,33.50
ksa32,228.19,154.00,20.60
rca32,0.25502,347.00,28.70
wal8,220.553,524.00,55.70
ksa32,2.73236,389.00,23.10
cla32,0.616332,534.00,37.60
ksa32,0.18195,512.00,24.10
mtp8,187.167,646.00,55.90
ksa32,0.00240105,990.00,28.40
ksa32,23.5823,290.00,25.60
cla32,0.000976563,902.00,50.20
rca32,93.0393,154.00,21.00
ksa32,3.34769,360.00,23.10
rca32,1.13016,310.00,28.20
rca32,0.00274165,492.00,33.10
ksa32,0.381829,489.00,25.50
ksa32,0.0253692,891.00,29.00
cla32,7.87035,284.00,36.20
rca32,176.817,134.00,23.80
mtp8,160.546,662.00,55.90
rca32,0.133655,370.00,28.70
ksa32,0.383182,631.00,23.60
rca32,3.11044,252.00,26.10
ksa32,6.98555,350.00,23.70
wal8,32.1576,838.00,66.60
ksa32,185.91,160.00,20.00
wal8,6.7249,949.00,64.40
rca32,9.53065,237.00,26.30
wal8,51.263,798.00,65.30
ksa32,0.382667,539.00,28.00
ksa32,0.384559,572.00,24.70
ksa32,0.022799,873.00,30.30
rca32,0.000180236,596.00,30.10
mtp8,76.1523,758.00,57.20
wal8,82.9957,664.00,58.70
rca32,0.0101702,460.00,30.50
rca32,0.267912,344.00,28.60
wal8,32.0146,833.00,61.80
ksa32,26.0403,295.00,26.30
wal8,98.4166,654.00,58.60
ksa32,0.0331444,826.00,26.60
cla32,0.471393,623.00,37.20
cla32,0.807115,501.00,34.50
cla32,0.783903,469.00,39.80
ksa32,0.371332,474.00,23.70
ksa32,0.381028,488.00,25.50
ksa32,0.798809,493.00,23.70
cla32,0.587933,845.00,50.30
rca32,0.0831758,402.00,27.40
cla32,3.02304,314.00,37.00
ksa32,0.370902,467.00,23.70
ksa32,7.27251,371.00,26.00
cla32,4.18426,286.00,36.40
cla32,33.8957,220.00,33.90
cla32,0.599621,835.00,48.40
rca32,4.32316e-05,634.00,30.10
cla32,0.780618,377.00,37.10
rca32,117.653,152.00,23.20
ksa32,0.38019,490.00,25.50
wal8,2.74452,1039.00,66.50
rca32,1.01861e-05,669.00,30.10
ksa32,0.036227,724.00,28.90
mtp8,82.4926,752.00,56.20
cla32,7.36054,270.00,35.10
wal8,40.7991,783.00,60.90
ksa32,1.33612,429.00,24.00
rca32,0.0375053,423.00,30.50
ksa32,0.00188864,947.00,26.40
rca32,1.5409,276.00,25.80
rca32,27.0735,209.00,23.20
ksa32,389.704,124.00,18.60
cla32,0.949771,369.00,37.30
wal8,285.088,487.00,59.10
ksa32,228.912,157.00,20.60
ksa32,0,1110.00,27.00
cla32,0.0487763,680.00,42.00
rca32,26.7493,198.00,22.80
wal8,5.51534,933.00,62.50
wal8,34.0158,794.00,60.90
cla32,27.196,236.00,35.10
ksa32,0.0510222,726.00,26.20
ksa32,23.5956,290.00,25.70
ksa32,24.131,297.00,22.90
cla32,0.830416,510.00,37.80
rca32,1.54597,276.00,25.80
ksa32,0.06541,646.00,26.60
cla32,1.09971,486.00,33.40
rca32,1.06493,308.00,28.20
mtp8,160.778,662.00,55.90
mtp8,82.2127,756.00,56.60
cla32,340.05,129.00,23.70
cla32,1.14657,582.00,44.60
ksa32,0.383229,776.00,25.60
wal8,6.31858,956.00,62.60
ksa32,1.07419,415.00,23.00
wal8,63.9774,727.00,60.80
cla32,0.934678,523.00,40.10
cla32,0.788496,446.00,39.10
ksa32,0.382801,614.00,24.10
ksa32,0.912804,472.00,24.50
wal8,132.982,605.00,57.80
cla32,0.759146,525.00,35.00
ksa32,28.6456,248.00,22.00
ksa32,99.9127,198.00,20.10
ksa32,5.85637,353.00,23.10
rca32,0.0515233,411.00,27.40
ksa32,0.383152,851.00,23.90
ksa32,10.9478,340.00,24.50
cla32,0.07366,794.00,47.00
ksa32,1.06859,568.00,30.20
ksa32,0.384065,866.00,24.10
ksa32,1.07189,415.00,23.00
ksa32,0.381166,541.00,24.80
ksa32,2.28782,568.00,30.30
mtp8,113.537,709.00,56.90
cla32,248.268,164.00,24.30
cla32,0.250482,705.00,37.60
cla32,0.111992,740.00,45.50
ksa32,0.0309615,826.00,26.60
ksa32,0.0389311,588.00,25.20
ksa32,16.043,334.00,24.10
cla32,336.251,125.00,26.10
ksa32,24.7809,273.00,24.80
ksa32,0.00738616,871.00,30.30
wal8,121.861,631.00,59.10
ksa32,0.0501588,604.00,26.20
cla32,0.513061,529.00,36.60
mtp8,24.1118,874.00,58.60
rca32,9.42973e-05,606.00,31.40
rca32,2.73934,263.00,26.10
ksa32,0.0342373,639.00,26.00
ksa32,0.00476564,1016.00,26.50
wal8,33.8626,794.00,60.90
ksa32,0.38173,488.00,25.50
mtp8,139.849,678.00,55.90
rca32,45.8723,182.00,23.20
rca32,9.53922,237.00,26.30
rca32,270.516,118.00,17.90
cla32,123.388,162.00,28.50
ksa32,0.383221,539.00,28.00
wal8,30.4826,843.00,66.60
ksa32,0.382753,873.00,24.10
ksa32,0.0507356,644.00,26.40
rca32,23.3554,194.00,22.80
ksa32,1.67692,408.00,23.00
wal8,5.54565,933.00,62.50
mtp8,498.096,497.00,55.00
cla32,61.2264,218.00,34.50
ksa32,46.8541,254.00,26.10
cla32,58.1966,203.00,33.20
ksa32,0.786964,488.00,23.70
cla32,0.468647,525.00,35.30
cla32,1.56421,347.00,36.00
cla32,4.53678,275.00,34.40
rca32,11.0766,236.00,25.80
cla32,133.053,150.00,25.70
cla32,338.849,120.00,26.10
wal8,33.8231,794.00,60.90
ksa32,0.380216,489.00,25.50
rca32,6.54679,223.00,24.60
cla32,1.99791,426.00,33.40
rca32,0.0555508,406.00,28.60
ksa32,0.183277,520.00,24.70
wal8,37.459,822.00,65.40
mtp8,7.20989,986.00,60.60
cla32,72.506,207.00,29.70
wal8,399.39,415.00,52.60
cla32,70.018,168.00,31.10
cla32,1.24735,541.00,43.10
wal8,5.71283,928.00,66.20
cla32,70.9665,194.00,32.30
ksa32,0.383878,821.00,24.80
cla32,0.765478,469.00,37.50
ksa32,23.7402,296.00,25.10
cla32,195.576,181.00,29.50
ksa32,16.128,337.00,24.10
ksa32,26.6057,293.00,24.40
ksa32,1.71602,404.00,23.50
ksa32,0.00074631,1106.00,27.00
cla32,0.449628,752.00,48.10
cla32,0.814269,492.00,36.40
ksa32,1.68198,417.00,21.00
cla32,0.718803,490.00,38.40
mtp8,440.073,535.00,55.00
cla32,5.96546,269.00,34.40
rca32,0.0362279,443.00,28.60
cla32,4.55362,283.00,33.20
ksa32,0.049955,598.00,26.20
wal8,99.6868,662.00,58.60
rca32,5.44756e-05,627.00,27.90
cla32,0.214109,652.00,43.40
cla32,0.190198,587.00,37.60
cla32,4.74419,297.00,37.20
ksa32,229.08,153.00,20.60
cla32,0.96565,518.00,39.50
ksa32,0.383484,646.00,24.30
mtp8,8.46372,972.00,60.10
ksa32,229.165,157.00,20.60
wal8,16.2848,885.00,61.60
cla32,0.861583,572.00,39.80
mtp8,67.3682,775.00,57.20
cla32,0.190689,688.00,37.00
ksa32,0.0506705,755.00,26.20
cla32,0.174587,706.00,45.10
wal8,16.4266,884.00,61.60
cla32,440.622,127.00,24.90
mtp8,24.1434,874.00,58.60
ksa32,15.7495,317.00,22.60
cla32,0.751347,380.00,38.80
wal8,5.53573,932.00,64.50
wal8,99.8075,665.00,58.60
ksa32,0.384369,618.00,24.10
cla32,0.997926,788.00,48.40
ksa32,0.0501588,604.00,26.20
cla32,0.114601,713.00,44.80
rca32,43.2258,182.00,23.20
rca32,2.75044,263.00,26.10
rca32,3.31339,274.00,25.80
rca32,250.823,130.00,21.60
ksa32,0.0500054,598.00,26.20
cla32,3.22843,312.00,37.20
cla32,0.547904,679.00,42.00
ksa32,3.96497,528.00,26.00
cla32,0.808409,478.00,40.20
ksa32,0.00169076,1073.00,28.00
mtp8,84.6011,728.00,56.20
ksa32,0.0507627,665.00,26.20
cla32,1.01572,540.00,37.00
cla32,3.53529,308.00,36.00
ksa32,0.195045,514.00,23.00
rca32,0.00633524,466.00,27.50
rca32,1.41745,328.00,26.70
rca32,50.429,184.00,23.20
cla32,0.548892,555.00,42.00
mtp8,16.1404,919.00,59.00
cla32,0.633347,543.00,43.10
cla32,0.278526,513.00,35.00
ksa32,0.0340768,646.00,26.60
rca32,36.6853,184.00,22.80
wal8,103.047,652.00,58.60
cla32,0.179801,606.00,47.50
cla32,260.283,156.00,24.90
rca32,0.512317,355.00,27.20
ksa32,186.655,160.00,20.00
rca32,88.966,161.00,22.00
rca32,1.45108e-05,656.00,30.10
cla32,1.20248,579.00,37.00
cla32,1.91205,488.00,33.40
mtp8,24.049,874.00,58.60
cla32,341.143,131.00,24.90
ksa32,0.0428053,818.00,26.60
rca32,0.0116104,453.00,30.50
rca32,1.55009,276.00,25.80
cla32,0.171624,819.00,48.40
ksa32,0.712216,456.00,24.20
ksa32,0.383248,614.00,24.10
ksa32,229.459,156.00,20.60
ksa32,0.0341287,636.00,25.10
rca32,0.000496616,542.00,30.20
cla32,0.705664,421.00,40.00
mtp8,81.4537,762.00,57.20
cla32,0.118827,759.00,48.90
rca32,1.50706,298.00,27.80
rca32,0.00152234,523.00,29.50
cla32,0.292087,845.00,48.70
rca32,0.000166121,599.00,27.90
ksa32,0.0508056,686.00,26.60
rca32,187.502,132.00,21.00
cla32,0.298237,810.00,42.00
mtp8,295.273,610.00,55.10
mtp8,68.5281,778.00,57.20
rca32,0.00710228,472.00,30.50
cla32,0.250144,708.00,37.50
cla32,41.6098,224.00,30.00
mtp8,96.6075,718.00,56.90
rca32,0.0468679,415.00,27.40
ksa32,103.88,236.00,22.00
ksa32,0.039067,588.00,25.20
ksa32,1.6767,412.00,22.90
wal8,252.131,475.00,49.90
rca32,8.74873e-06,679.00,30.10
cla32,0.752776,387.00,37.30
ksa32,0.825489,467.00,24.20
cla32,1.56119,361.00,37.40
rca32,2.73681,274.00,26.10
ksa32,0.382923,537.00,23.80
ksa32,426.174,120.00,18.60
rca32,0.00391086,479.00,29.10
cla32,1.57545,361.00,37.40
wal8,294.829,476.00,58.60
ksa32,0.00690397,819.00,27.20
mtp8,16.7373,905.00,58.60
ksa32,0.380033,886.00,24.50
ksa32,0.840838,440.00,23.30
ksa32,427.578,123.00,20.00
cla32,60.9118,210.00,29.60
cla32,124.111,171.00,31.10
cla32,0.565155,571.00,36.60
ksa32,0.07922,772.00,26.20
ksa32,24.6297,253.00,20.40
ksa32,99.7986,185.00,21.60
rca32,50.4628,186.00,23.90
cla32,0.086502,878.00,55.50
ksa32,0.197724,597.00,23.70
wal8,129.112,610.00,57.80
ksa32,0.0342435,681.00,27.40
cla32,0.100133,792.00,49.70
ksa32,0.381276,488.00,25.50
cla32,23.6622,245.00,34.60
rca32,1.71438,297.00,28.10
wal8,98.4995,645.00,58.70
wal8,273.245,494.00,56.10
rca32,1.01892,299.00,27.80
cla32,2.03728,333.00,38.30
cla32,0,942.00,57.00
cla32,0.247093,811.00,51.00
ksa32,19.3648,306.00,25.40
rca32,56.9791,173.00,22.80
mtp8,62.2673,785.00,57.70
cla32,0.778563,378.00,36.80
rca32,0.0269251,427.00,27.40
ksa32,0.0388906,588.00,25.20
ksa32,0.0502776,598.00,26.20
cla32,0.631227,787.00,46.40
cla32,0.686291,463.00,37.90
cla32,16.4825,231.00,30.10
cla32,15.8913,247.00,32.90
rca32,48.7843,176.00,22.80
mtp8,159.895,668.00,55.90
cla32,6.38086,300.00,37.20
ksa32,3.35048,510.00,26.30
mtp8,46.144,827.00,58.10
ksa32,0.0505236,644.00,26.20
mtp8,35.2148,853.00,58.60
mtp8,24.0787,874.00,58.60
rca32,2.67816,269.00,25.80
rca32,0.00049675,542.00,30.20
ksa32,0.520209,551.00,23.60
cla32,260.388,151.00,23.90
cla32,0.118736,842.00,42.80
ksa32,0.84426,440.00,23.30
mtp8,388.354,559.00,55.00
cla32,1.08509,749.00,48.00
ksa32,0.710722,435.00,23.90
ksa32,0.0635878,743.00,27.50
rca32,0.00993818,470.00,28.90
wal8,290.483,484.00,58.80
rca32,6.34715,259.00,26.10
ksa32,2.10475,556.00,25.70
ksa32,0.0507581,848.00,26.20
ksa32,0.0507312,674.00,26.20
cla32,1.60399,364.00,37.10
rca32,1.45704e-05,656.00,30.10
rca32,4.84275e-05,629.00,30.10
ksa32,0.0507722,814.00,26.20
rca32,11.6752,222.00,24.10
cla32,0.0477523,521.00,42.40
wal8,35.7363,827.00,65.40
rca32,0.000366569,557.00,30.10
ksa32,0.0389543,588.00,25.20
rca32,2.75288,263.00,26.10
ksa32,46.7981,254.00,23.70
cla32,67.802,213.00,31.20
cla32,0.450664,622.00,34.90
rca32,0.00140131,530.00,27.40
ksa32,1.75896,402.00,23.00
ksa32,28.6622,248.00,22.00
ksa32,9.66899,368.00,22.40
cla32,0.784745,422.00,44.40
cla32,0.686831,458.00,37.90
ksa32,0.405621,491.00,23.70
cla32,0.0490297,521.00,42.40
ksa32,1.07141,415.00,23.00
mtp8,50.6429,820.00,58.00
ksa32,0.182538,508.00,24.20
rca32,1.02283e-05,669.00,30.10
ksa32,0.380812,488.00,25.50
cla32,0.704416,412.00,40.00
ksa32,0.382757,531.00,25.10
wal8,195.638,550.00,57.00
wal8,295.77,468.00,59.20
rca32,0.00471696,466.00,27.40
rca32,1.4515e-05,656.00,30.10
mtp8,52.747,805.00,57.60
wal8,64.9404,739.00,60.90
mtp8,0,1055.00,62.80
wal8,59.0668,750.00,62.70
cla32,0.886621,443.00,37.00
ksa32,3.6499,475.00,25.20
cla32,15.0369,266.00,36.00
wal8,115.76,644.00,58.60
rca32,96.4171,158.00,23.70
ksa32,3.33487,360.00,23.10
wal8,69.4457,733.00,60.90
mtp8,35.6602,842.00,58.20
wal8,84.3595,664.00,58.70
ksa32,0.709114,437.00,25.00
rca32,46.4931,170.00,22.80
ksa32,0.050807,675.00,26.20
wal8,18.0209,890.00,66.00
ksa32,101.206,220.00,20.10
cla32,4.17227,286.00,36.40
ksa32,280.625,160.00,19.10
cla32,0.694196,794.00,48.40
rca32,0.0828183,398.00,27.50
rca32,6.15185,259.00,25.90
cla32,0.228296,722.00,45.50
rca32,1.02607e-05,673.00,30.10
rca32,375.902,105.00,18.70
cla32,0.882666,438.00,34.70
cla32,16.4828,267.00,32.80
cla32,0.552891,692.00,45.00
rca32,4.45773e-05,628.00,30.10
mtp8,140.209,678.00,55.90
cla32,4.73727,299.00,37.20
ksa32,1.6849,408.00,23.00
cla32,0.683452,466.00,37.90
ksa32,427.035,123.00,20.00
wal8,164.286,563.00,57.00
ksa32,0.00768929,879.00,29.70
cla32,0.334286,624.00,34.90
wal8,52.2838,770.00,61.40
cla32,0.262917,663.00,37.00
ksa32,3.90056,469.00,28.50
ksa32,0.383585,799.00,24.80
rca32,1.06506,302.00,26.10
wal8,101.69,662.00,58.60
rca32,4.45778e-05,628.00,30.10
mtp8,51.4799,816.00,57.60
wal8,42.0046,779.00,60.90
wal8,7.58148,921.00,66.20
rca32,7.73031e-05,617.00,27.90
ksa32,0.0550328,588.00,25.20
ksa32,0.557239,479.00,25.80
mtp8,112.419,710.00,55.90
mtp8,15.6226,923.00,59.00
cla32,0.351203,783.00,51.00
rca32,236.808,129.00,19.00
ksa32,0.010126,984.00,29.50
rca32,86.637,165.00,22.10
ksa32,0.0632261,776.00,29.20
rca32,0.766817,318.00,28.20
cla32,3.52443,296.00,36.40
cla32,44.8232,216.00,34.60
cla32,0.298253,511.00,42.30
ksa32,24.5663,311.00,25.00
ksa32,186.552,160.00,20.00
ksa32,0.182676,517.00,24.70
cla32,17.8594,245.00,33.30
ksa32,0.00216208,1016.00,28.90
rca32,0.108521,393.00,27.20
cla32,0.304917,656.00,43.40
cla32,0.789258,442.00,42.30
ksa32,0.385722,502.00,25.30
rca32,4.94406,250.00,29.00
ksa32,0.0341458,646.00,26.60
wal8,0,1063.00,64.90
ksa32,266.258,134.00,20.00
ksa32,1.701,399.00,22.20
ksa32,0.00753066,972.00,26.60
ksa32,0.0388902,588.00,25.20
wal8,3.05629,989.00,64.40
ksa32,60.9719,213.00,22.20
cla32,0.657129,511.00,36.00
cla32,0.164582,803.00,51.00
wal8,19.9875,866.00,61.60
cla32,10.404,264.00,34.10
ksa32,0.063174,763.00,26.20
wal8,3.0992,987.00,64.40
cla32,0.219709,519.00,39.50
wal8,141.928,578.00,57.00
wal8,401.204,412.00,52.60
cla32,33.7675,220.00,33.90
cla32,0.639248,561.00,43.10
ksa32,1.68057,408.00,23.00
cla32,1.66612,565.00,42.70
ksa32,0.182817,504.00,24.10
cla32,0.129537,852.00,53.20
ksa32,0.382106,488.00,25.50
rca32,1.47331,287.00,26.10
cla32,27.2259,236.00,35.10
ksa32,2.58045,403.00,23.70
rca32,0.0239607,438.00,27.50
rca32,8.77015e-06,679.00,30.10
cla32,1.18891,577.00,44.60
rca32,0.000367602,555.00,28.00
ksa32,25.2576,296.00,25.40
rca32,10.0976,213.00,23.70
rca32,1.18227,297.00,26.10
ksa32,0.0507911,668.00,26.20
ksa32,0.00749062,862.00,30.30
ksa32,0.381609,488.00,25.50
ksa32,0.381431,546.00,23.60
cla32,1.84411,331.00,37.20
cla32,15.1153,245.00,33.30
ksa32,0.0506944,667.00,26.20
ksa32,0.0253412,920.00,27.90
ksa32,23.939,253.00,20.70
ksa32,0.380153,484.00,25.80
cla32,7.84716,284.00,36.20
cla32,33.9783,220.00,33.90
cla32,1.8469,332.00,37.10
ksa32,7.30827,347.00,23.70
cla32,0.81877,545.00,34.70
ksa32,0.383454,853.00,24.10
rca32,185.576,145.00,20.20
cla32,133.404,141.00,25.70
ksa32,0.0380169,588.00,25.20
ksa32,0.00930655,1097.00,27.00
ksa32,0.0507586,758.00,26.20
cla32,0.76056,368.00,37.30
ksa32,388.03,124.00,18.60
cla32,0.298263,697.00,42.00
ksa32,0.0508142,659.00,26.20
cla32,0.426339,553.00,34.30
rca32,93.2798,150.00,21.20
ksa32,389.688,124.00,18.60
rca32,4.57839e-05,631.00,27.90
cla32,1.43552,518.00,39.80
ksa32,0.370348,467.00,23.70
cla32,1.11444,506.00,37.10
rca32,1.26815e-05,667.00,30.10
ksa32,0.385729,502.00,25.60
rca32,270.047,113.00,18.20
cla32,113.696,190.00,29.30
rca32,0.129412,373.00,28.70
cla32,1.14177,499.00,39.40
ksa32,1.50585,409.00,23.00
cla32,0.298576,681.00,42.00
cla32,3.03823,314.00,37.00
ksa32,0.379945,488.00,25.50
rca32,237.138,123.00,19.00
cla32,0.344855,754.00,48.10
ksa32,0.382117,923.00,23.00
mtp8,0,1031.00,62.40
cla32,7.88749,292.00,36.20
wal8,8.43444,922.00,59.50
ksa32,0.0355888,807.00,30.30
rca32,0.000991782,508.00,29.50
rca32,7.23734e-05,613.00,30.70
cla32,3.00972,328.00,36.00
mtp8,0,1051.00,62.80
rca32,0.0553894,406.00,27.40
cla32,0.325206,533.00,37.50
ksa32,24.5214,301.00,25.50
cla32,0.784117,471.00,38.60
ksa32,0.38023,488.00,25.50
cla32,0,919.00,56.50
rca32,1.01586,303.00,28.20
ksa32,0.403581,581.00,23.20
wal8,52.2879,770.00,61.40
rca32,3.10845,252.00,26.10
cla32,72.8406,193.00,29.30
ksa32,3.20459,468.00,25.20
ksa32,0.0342258,681.00,27.40
ksa32,0.183082,517.00,24.70
rca32,0.139352,371.00,27.20
wal8,250.84,475.00,49.90
rca32,1.01124e-05,673.00,30.10
cla32,39.811,218.00,34.60
wal8,7.43064,928.00,59.60
ksa32,0.381075,887.00,24.50
cla32,69.2349,187.00,32.30
rca32,236.561,121.00,19.00
rca32,0.380537,361.00,28.60
mtp8,17.057,947.00,58.90
rca32,0.221184,370.00,27.20
rca32,0.00551162,478.00,27.50
cla32,0.782595,425.00,36.80
wal8,52.4249,770.00,61.40
wal8,11.9695,901.00,61.60
ksa32,2.06149,418.00,23.80
wal8,0,1065.00,64.90
ksa32,121.033,209.00,20.80
wal8,291.408,470.00,59.20
rca32,3.10467,253.00,26.10
cla32,0.786581,418.00,41.60
ksa32,1.95778,393.00,21.40
cla32,0.0484901,511.00,42.30
wal8,78.4346,723.00,61.00
cla32,0.299121,678.00,42.00
ksa32,0.05018,598.00,26.20
wal8,6.16892,932.00,62.60
cla32,0.680429,674.00,37.00
ksa32,0.0389725,588.00,25.20
cla32,337.681,124.00,26.10
cla32,2.48308,353.00,37.20
cla32,0.0821778,854.00,54.30
ksa32,0.00179493,878.00,30.30
rca32,93.2755,146.00,21.20
mtp8,76.1784,752.00,57.20
ksa32,46.9894,248.00,26.10
mtp8,0,1059.00,63.10
rca32,0.00471479,466.00,27.40
ksa32,0.383788,799.00,24.80
wal8,293.499,476.00,58.60
ksa32,0.0177747,986.00,28.40
ksa32,0.0388344,588.00,25.20
cla32,0.114599,886.00,52.60
wal8,55.7468,733.00,60.80
wal8,123.145,626.00,57.80
wal8,87.3698,666.00,58.70
cla32,15.0813,245.00,33.30
cla32,0.748677,482.00,37.50
ksa32,0.60477,462.00,23.70
rca32,0.0286234,434.00,28.60
cla32,4.39271,311.00,37.20
wal8,158.751,565.00,57.00
ksa32,0.00313381,997.00,29.50
wal8,64.3547,727.00,60.80
rca32,236.933,127.00,19.00
ksa32,0.383428,762.00,25.60
rca32,0.361642,343.00,28.70
cla32,0.29861,674.00,42.00
rca32,0.0691007,405.00,27.50
rca32,0.0117079,468.00,29.30
ksa32,99.174,185.00,21.60
wal8,251.965,475.00,49.90
cla32,0.548287,731.00,42.00
ksa32,0.0162877,942.00,29.30
rca32,0.0209976,436.00,27.40
rca32,0.00018245,578.00,27.90
ksa32,0.383061,621.00,24.10
ksa32,0.437785,514.00,23.00
cla32,0.0490692,764.00,42.00
ksa32,0.00235847,990.00,29.50
ksa32,0.0312946,820.00,26.60
cla32,0.787977,442.00,42.30
rca32,1.2214,313.00,26.70
ksa32,0.382956,677.00,24.50
cla32,1.48143,431.00,33.40
rca32,2.91655e-06,687.00,30.10
ksa32,99.7046,184.00,21.60
cla32,0.548456,608.00,42.00
ksa32,0.0510405,759.00,26.20
cla32,0.797892,476.00,39.00
ksa32,113.789,182.00,18.40
rca32,6.56153,242.00,29.00
rca32,5.76406e-05,626.00,28.00
wal8,409.863,400.00,52.60
wal8,5.44436,963.00,64.40
cla32,106.631,180.00,33.20
ksa32,0.3825,639.00,24.30
wal8,56.6913,766.00,61.40
cla32,3.19723,329.00,37.70
cla32,0.132433,737.00,48.00
rca32,0.0215086,457.00,27.40
ksa32,35.0499,259.00,23.70
rca32,26.8547,209.00,22.20
ksa32,16.9797,311.00,23.70
ksa32,0.18334,506.00,25.90
ksa32,265.799,129.00,18.60
ksa32,387.563,140.00,18.10
cla32,0.99209,856.00,44.60
mtp8,24.9907,865.00,58.60
rca32,1.45414e-05,649.00,30.10
rca32,1.01752,299.00,28.10
ksa32,0.0379296,1047.00,27.90
ksa32,0.369146,467.00,23.70
ksa32,0.383844,826.00,24.80
rca32,11.7191,222.00,24.10
mtp8,8.9933,968.00,59.40
cla32,2.49375,330.00,38.00
ksa32,428.071,121.00,18.60
ksa32,0.0312736,832.00,26.90
ksa32,0.0508719,699.00,26.30
rca32,0.00229685,488.00,29.70
rca32,46.7066,168.00,22.80
ksa32,0.0633119,769.00,26.00
ksa32,0.383238,577.00,24.70
cla32,1.28711,493.00,33.40
ksa32,3.34338,487.00,24.80
rca32,0.000368332,557.00,30.10
ksa32,11.5672,356.00,24.90
cla32,0.905594,571.00,42.70
wal8,97.7831,648.00,58.70
mtp8,0,1047.00,62.40
ksa32,0.0507685,675.00,26.60
ksa32,0.8681,428.00,23.90
wal8,5.35238,966.00,64.40
cla32,0.798588,674.00,42.00
rca32,1.18591,324.00,26.70
ksa32,3.43028,482.00,24.60
cla32,0.819326,499.00,35.30
ksa32,0.381579,893.00,24.50
ksa32,0.0505271,625.00,26.20
rca32,42.0972,180.00,22.80
ksa32,0.0135378,916.00,28.50
ksa32,3.15222,505.00,25.90
ksa32,3.35003,360.00,23.10
rca32,0.0120172,445.00,30.50
ksa32,265.124,135.00,20.00
wal8,164.528,575.00,56.00
cla32,0.781772,383.00,38.00
rca32,0.0025477,497.00,27.40
ksa32,0.0398536,768.00,28.50
rca32,0.000181544,578.00,27.90
ksa32,0.380886,485.00,25.50
wal8,294.474,469.00,59.20
rca32,0.00362725,504.00,27.40
cla32,15.1067,245.00,33.30
ksa32,0.381198,830.00,24.80
cla32,0.409214,513.00,40.10
ksa32,101.973,229.00,20.30
wal8,3.04137,1002.00,64.60
ksa32,0.380508,488.00,25.50
wal8,51.8121,752.00,60.90
cla32,2.50749,330.00,38.00
wal8,27.827,851.00,66.90
wal8,256.341,483.00,51.50
ksa32,386.827,140.00,18.10
wal8,17.9383,880.00,61.60
ksa32,0.748676,480.00,23.70
cla32,72.6185,193.00,29.30
rca32,4.83971e-05,629.00,30.10
rca32,3.308,274.00,25.80
ksa32,3.71127,531.00,25.00
ksa32,0.0223976,905.00,28.50
rca32,0.367611,339.00,28.60
ksa32,102.639,230.00,18.50
ksa32,0.866811,428.00,23.90
wal8,168.544,556.00,57.00
ksa32,70.629,217.00,21.10
rca32,0.000181246,577.00,27.90
wal8,241.944,506.00,55.60
cla32,0.776763,401.00,38.10
ksa32,0.0070317,838.00,27.70
ksa32,0.0501194,581.00,23.80
wal8,357.955,434.00,52.70
rca32,5.80971e-05,628.00,27.90
mtp8,16.1368,941.00,59.40
ksa32,0.0017158,803.00,26.90
cla32,0.501768,836.00,42.80
cla32,72.521,193.00,29.30
ksa32,0.0142836,907.00,28.30
rca32,13.31,212.00,23.70
cla32,0.214153,514.00,39.70
ksa32,0,1114.00,27.00
ksa32,0.380562,488.00,25.50
ksa32,0.050108,604.00,26.20
wal8,2.25074,1016.00,64.40
ksa32,0.380762,546.00,23.60
cla32,2.02864,349.00,38.90
rca32,0.000497206,542.00,30.20
wal8,39.519,816.00,65.40
ksa32,0.381639,884.00,24.50
cla32,0.578871,678.00,48.10
ksa32,0.776362,440.00,24.00
rca32,95.3538,152.00,21.70
ksa32,2.5829,406.00,23.70
cla32,13.2218,272.00,36.40
cla32,0.693574,497.00,34.70
ksa32,2.58313,568.00,30.20
cla32,0.402655,636.00,48.20
rca32,0.379909,361.00,28.60
mtp8,178.427,651.00,55.90
cla32,0.659302,776.00,48.10
cla32,0.048077,785.00,42.00
rca32,2.90072e-06,687.00,30.10
cla32,1.43631,521.00,39.80
cla32,112.294,181.00,33.20
cla32,132.775,133.00,25.70
ksa32,4.03315,364.00,23.60
ksa32,4.01754,358.00,23.60
ksa32,100.593,220.00,20.10
ksa32,0.384511,816.00,24.80
ksa32,0.0396813,778.00,28.40
rca32,0.571142,350.00,27.20
ksa32,0.384421,656.00,24.30
rca32,0.0023046,488.00,29.70
cla32,0.0480142,743.00,42.00
rca32,1.27294e-05,666.00,30.10
ksa32,227.31,169.00,20.00
ksa32,0.0508655,790.00,26.20
rca32,3.10772,253.00,26.10
ksa32,0.383138,717.00,24.80
ksa32,0.71355,437.00,25.00
cla32,3.03691,314.00,37.00
rca32,19.5925,203.00,23.30
ksa32,0.0220237,915.00,28.20
cla32,2.33368,360.00,40.80
cla32,0.777242,378.00,36.80
rca32,1.4545e-05,656.00,30.10
ksa32,0.383106,575.00,24.70
wal8,403.597,406.00,52.60
ksa32,8.53001,339.00,26.40
ksa32,0.379119,490.00,25.50
ksa32,0.0507413,727.00,26.20
rca32,0.000366522,557.00,30.10
cla32,61.0939,213.00,29.60
ksa32,0.382015,650.00,24.30
rca32,1.45047e-05,656.00,30.10
wal8,251.691,480.00,51.50
cla32,0.24004,639.00,43.40
cla32,0.498193,609.00,38.10
ksa32,0.504507,544.00,23.80
mtp8,347.155,589.00,55.00
cla32,0.259749,597.00,37.30
ksa32,99.7532,185.00,21.60
mtp8,9.44372,970.00,60.10
wal8,2.23813,1016.00,64.40
wal8,252.119,475.00,49.90
ksa32,118.158,217.00,20.80
rca32,26.8674,209.00,23.20
cla32,1.0834,455.00,34.20
ksa32,0.0684462,956.00,26.40
ksa32,83.0821,191.00,18.60
wal8,11.8216,903.00,69.30
cla32,39.3218,235.00,34.40
cla32,1.84834,332.00,37.10
ksa32,0.00465131,1112.00,27.00
ksa32,0.382067,715.00,24.80
wal8,38.8362,787.00,60.90
cla32,0,937.00,56.80
wal8,16.2081,892.00,61.60
ksa32,0.775812,440.00,24.00
wal8,126.89,612.00,57.80
ksa32,0.0366995,778.00,25.50
rca32,0.10617,398.00,30.10
wal8,50.0547,754.00,60.90
ksa32,265.329,129.00,18.60
rca32,0.000181362,577.00,27.90
mtp8,488.936,504.00,55.00
ksa32,0.637243,477.00,24.50
ksa32,0.773815,579.00,23.20
rca32,0.0687508,405.00,27.50
wal8,210.837,526.00,52.10
ksa32,1.78497,417.00,23.20
ksa32,73.6166,206.00,24.10
ksa32,4.87302,366.00,26.50
rca32,0.125594,382.00,27.20
cla32,0,906.00,53.40
rca32,97.6763,168.00,22.80
rca32,0.00319788,516.00,29.60
ksa32,17.3401,310.00,25.90
ksa32,0.050574,912.00,26.20
ksa32,0.0390689,588.00,25.20
cla32,1.47433,488.00,33.40
cla32,0.798859,702.00,42.00
ksa32,427.286,121.00,18.60
ksa32,6.03076,333.00,23.70
ksa32,0.371276,467.00,23.70
ksa32,0.505566,543.00,23.80
wal8,294.255,468.00,59.20
ksa32,6.03547,353.00,23.60
ksa32,0.0342435,679.00,25.80
mtp8,41.8985,833.00,58.00
rca32,1.58411,290.00,26.10
mtp8,487.873,510.00,55.00
ksa32,0.0499443,598.00,26.20
mtp8,76.7913,773.00,56.70
wal8,252.006,475.00,49.90
wal8,54.9671,737.00,60.80
cla32,0.703303,431.00,40.30
rca32,0.0592561,405.00,27.40
cla32,103.413,165.00,27.90
ksa32,239.234,166.00,20.00
cla32,0.336947,778.00,50.30
cla32,2.45264,345.00,37.20
ksa32,0.743264,434.00,23.90
ksa32,17.9054,313.00,27.10
rca32,0.269072,343.00,28.60
rca32,0.000181969,596.00,30.10
ksa32,0.507737,537.00,23.80
rca32,1.18595,297.00,26.10
ksa32,0.038977,588.00,25.20
ksa32,4.21641,511.00,26.30
cla32,4.54194,283.00,33.20
mtp8,121.7,706.00,55.90
cla32,0.0886576,678.00,45.50
cla32,2.45552,355.00,37.20
ksa32,0.035723,800.00,28.50
cla32,232.245,170.00,28.80
cla32,0.200297,573.00,43.60
mtp8,102.171,718.00,56.30
rca32,23.3294,194.00,22.80
ksa32,0.382922,882.00,24.10
ksa32,0.0399945,785.00,28.50
rca32,0.000366415,558.00,30.10
cla32,1.8411,332.00,37.10
ksa32,0.381265,490.00,25.50
ksa32,0.00670237,913.00,30.50
cla32,1.77978,388.00,35.30
rca32,376.125,105.00,18.70
cla32,12.9495,269.00,36.00
ksa32,0.035159,713.00,28.80
wal8,9.33266,913.00,66.70
ksa32,23.8963,253.00,20.70
cla32,0.422565,536.00,37.00
rca32,5.73287,244.00,26.10
rca32,10.5751,220.00,24.60
rca32,376.096,109.00,18.70
ksa32,0.382984,562.00,24.70
cla32,0.755484,371.00,37.30
cla32,0.344463,843.00,52.80
rca32,2.4688,272.00,25.80
ksa32,23.9038,296.00,23.60
mtp8,11.342,952.00,59.40
ksa32,0.0391129,588.00,25.20
cla32,123.862,156.00,29.80
ksa32,0.034071,962.00,26.40
cla32,2.01763,426.00,33.40
cla32,0.255081,650.00,37.00
ksa32,0.00262276,949.00,27.90
wal8,212.307,526.00,52.10
ksa32,6.99177,350.00,23.70
cla32,1.47321,476.00,33.40
wal8,23.1131,864.00,61.60
wal8,212.845,526.00,52.10
ksa32,0.034095,700.00,28.60
ksa32,0.754613,482.00,23.70
rca32,0.0573959,420.00,28.70
cla32,0.112481,660.00,47.60
mtp8,142.509,692.00,56.30
cla32,0.405746,629.00,46.80
rca32,3.31621,267.00,25.80
wal8,8.38535,922.00,59.50
cla32,65.011,225.00,34.50
cla32,0.787835,422.00,41.60
ksa32,3.35517,360.00,23.10
rca32,0.00430397,494.00,27.40
cla32,0.753603,387.00,37.30
ksa32,0.00214778,990.00,28.40
cla32,0.0484794,637.00,42.00
ksa32,1.66775,412.00,23.70
ksa32,24.4404,285.00,25.70
ksa32,0.00746403,844.00,29.00
mtp8,5.79333,991.00,60.50
cla32,132.01,129.00,25.30
cla32,0.81637,506.00,37.10
wal8,5.52605,974.00,64.50
rca32,9.64876e-05,604.00,30.60
cla32,0.400351,890.00,53.00
ksa32,0.382272,677.00,24.80
ksa32,0.0720803,831.00,26.60
wal8,53.1465,768.00,61.40
rca32,0.742548,316.00,28.20
mtp8,55.4767,807.00,57.60
cla32,2.12342,465.00,33.40
wal8,25.6478,858.00,67.20
ksa32,47.0122,262.00,23.70
rca32,0.366312,351.00,28.60
cla32,5.19286,302.00,37.00
mtp8,169.738,656.00,55.90
cla32,1.56276,349.00,34.70
rca32,0.00593966,470.00,27.50
ksa32,0.0506885,757.00,26.20
wal8,212.989,526.00,52.10
mtp8,4.05319,1000.00,60.50
cla32,0.55841,821.00,48.40
rca32,0.000993215,508.00,29.50
cla32,0.949904,570.00,43.50
ksa32,0.777632,442.00,25.90
cla32,0.783179,418.00,41.60
cla32,0.196426,868.00,50.20
ksa32,0.442975,487.00,23.70
ksa32,16.1498,313.00,26.00
rca32,10.7294,227.00,26.90
cla32,0.562461,833.00,48.40
cla32,0.198452,765.00,48.70
ksa32,0.0339365,1075.00,27.90
rca32,2.24761e-05,645.00,30.10
ksa32,0.710992,448.00,25.10
ksa32,1.07216,423.00,23.00
ksa32,0.379811,543.00,23.80
ksa32,0.0315821,869.00,30.30
ksa32,1.67976,407.00,23.00
ksa32,1.68658,417.00,21.00
cla32,24.6366,241.00,34.70
rca32,1.33969,293.00,26.10
rca32,376.745,106.00,18.70
ksa32,0.417172,538.00,26.20
rca32,0.00998661,447.00,28.60
cla32,0.0485606,707.00,42.00
cla32,133.116,129.00,25.30
cla32,1.63449,571.00,42.70
ksa32,162.902,177.00,21.60
wal8,17.9652,889.00,66.00
cla32,0.182091,777.00,51.00
wal8,122.756,617.00,56.90
ksa32,77.2418,217.00,21.10
ksa32,0.0391967,757.00,28.90
cla32,1.80551,393.00,35.30
cla32,0.724046,674.00,44.30
wal8,51.8061,752.00,60.90
ksa32,266.048,135.00,20.00
cla32,4.01013,308.00,37.20
ksa32,6.06525,345.00,24.50
ksa32,0.0502318,598.00,26.20
cla32,13.2302,272.00,36.40
cla32,0.548605,735.00,42.00
ksa32,24.668,259.00,20.40
ksa32,0.050123,598.00,26.20
ksa32,0.0399807,783.00,28.40
ksa32,0.199623,605.00,23.70
ksa32,0.638697,492.00,25.70
cla32,1.95717,454.00,34.80
cla32,0.426972,720.00,45.50
ksa32,6.04574,351.00,23.60
ksa32,0.05005,604.00,26.20
ksa32,0.0505394,853.00,26.20
ksa32,0.0508804,850.00,26.20
rca32,0.00409758,500.00,29.50
rca32,0.0831013,399.00,28.70
cla32,0.299063,624.00,42.00
rca32,2.68069,268.00,25.80
ksa32,3.5129,540.00,26.10
ksa32,0.580602,462.00,23.70
ksa32,0.049937,598.00,26.20
cla32,58.1874,234.00,34.50
ksa32,0.0502113,604.00,26.20
ksa32,0.0349399,818.00,26.70
cla32,0.805024,746.00,47.30
wal8,9.25112,910.00,59.50
ksa32,187.05,157.00,20.60
rca32,0.00170497,519.00,29.50
cla32,67.7167,215.00,30.10
ksa32,0.0507005,825.00,26.20
cla32,0.585233,708.00,45.10
cla32,0.901997,448.00,37.00
cla32,0.202913,588.00,37.60
ksa32,0.183466,504.00,24.20
rca32,0.000180206,595.00,27.90
cla32,0.203901,767.00,48.70
ksa32,427.488,123.00,20.00
wal8,215.05,539.00,55.90
ksa32,0.370487,467.00,23.70
wal8,16.1043,892.00,61.60
ksa32,0.382572,675.00,24.50
ksa32,66.8983,251.00,21.10
rca32,1.64007,281.00,26.10
rca32,10.9817,239.00,25.90
ksa32,0.380785,490.00,25.50
rca32,0.547766,347.00,28.60
mtp8,13.2303,931.00,59.00
rca32,1.18495,309.00,26.70
ksa32,0.0502389,598.00,26.20
mtp8,490.963,506.00,55.00
wal8,199.023,549.00,56.40
rca32,36.4657,184.00,22.80
ksa32,0.0506491,916.00,26.20
ksa32,0.0389531,588.00,25.20
cla32,1.55851,347.00,36.00
rca32,0.0643189,405.00,27.40
cla32,0.298859,632.00,42.00
wal8,187.796,560.00,56.40
mtp8,159.31,668.00,55.90
mtp8,499.691,515.00,55.00
ksa32,1.9596,393.00,21.40
cla32,0.782735,438.00,41.90
mtp8,86.8313,737.00,56.80
ksa32,7.88585,332.00,22.90
cla32,438.979,120.00,24.50
wal8,396.792,416.00,52.60
cla32,41.6148,215.00,30.00
ksa32,23.9662,253.00,20.70
ksa32,0.0401213,778.00,28.40
ksa32,4.07615,391.00,23.70
cla32,2.25645,365.00,40.80
rca32,0.000367205,555.00,28.00
cla32,0.298478,573.00,42.00
ksa32,14.6128,342.00,24.40
ksa32,0.382477,524.00,25.10
ksa32,0.379773,490.00,25.50
mtp8,197.961,641.00,55.90
ksa32,0.0500505,604.00,26.20
cla32,4.53009,289.00,35.80
cla32,7.20715,271.00,35.10
wal8,2.2688,1019.00,64.40
wal8,218.247,516.00,55.70
rca32,1.06127,298.00,26.10
wal8,282.955,487.00,56.20
ksa32,0.0350246,832.00,26.70
rca32,0.00539902,481.00,29.30
ksa32,0.0388598,588.00,25.20
ksa32,0.0633993,740.00,27.50
wal8,175.032,570.00,56.40
rca32,0.130983,376.00,27.20
cla32,0.708093,456.00,37.90
wal8,309.52,451.00,52.70
wal8,33.7694,794.00,60.90
ksa32,0.383138,568.00,24.70
ksa32,15.7654,303.00,22.80
mtp8,18.216,901.00,58.60
wal8,35.3168,831.00,66.60
wal8,51.8822,752.00,60.90
wal8,121.875,622.00,58.60
wal8,9.31644,915.00,66.70
ksa32,0.380233,488.00,25.50
ksa32,20.9185,296.00,26.00
cla32,0.578261,754.00,48.10
rca32,9.79458,219.00,25.20
rca32,0.255197,352.00,28.70
cla32,68.3605,207.00,30.90
ksa32,0.034133,662.00,27.40
cla32,0.784101,461.00,39.40
cla32,0.794162,622.00,37.20
cla32,7.88196,285.00,36.20
cla32,1.42801,537.00,42.70
ksa32,0.0173282,880.00,29.70
ksa32,0.0341183,681.00,27.40
cla32,0.474367,588.00,37.60
cla32,0.125015,882.00,48.40
cla32,3.50902,308.00,36.00
cla32,251.375,140.00,24.90
ksa32,0.0507122,772.00,26.20
rca32,0.000496349,540.00,29.60
ksa32,0.0615538,711.00,25.30
cla32,4.53654,289.00,35.80
ksa32,0.03125,1111.00,27.00
wal8,33.9569,794.00,60.90
rca32,1.01767,300.00,28.20
rca32,0.761197,335.00,27.40
cla32,3.01545,319.00,38.00
rca32,42.2619,180.00,22.80
rca32,0.00170778,514.00,29.50
mtp8,2.84434,1011.00,60.50
rca32,1.0149e-05,669.00,30.10
cla32,0.212538,777.00,50.70
ksa32,0.0636178,743.00,27.50
cla32,0.859355,468.00,34.20
ksa32,2.57605,403.00,23.70
ksa32,5.84742,347.00,24.00
mtp8,347.12,595.00,55.00
ksa32,15.7579,324.00,24.30
wal8,408.947,409.00,52.60
ksa32,0.0311685,810.00,26.90
ksa32,0.506285,546.00,23.60
rca32,0.740956,316.00,28.20
ksa32,0.381643,537.00,23.80
rca32,0.104357,391.00,30.70
cla32,0.785494,377.00,37.10
ksa32,0.0330758,830.00,29.30
wal8,94.9678,698.00,60.90
cla32,0.27728,605.00,37.30
ksa32,83.1206,191.00,18.60
rca32,0.00455517,497.00,27.50
cla32,1.60855,333.00,36.00
cla32,0.548128,619.00,42.00
ksa32,8.12724,329.00,23.00
mtp8,44.3183,829.00,58.00
ksa32,140.178,169.00,20.00
rca32,1.45945e-05,656.00,30.10
rca32,0.000181081,577.00,27.90
cla32,394.954,132.00,24.90
ksa32,24.7156,253.00,20.40
ksa32,0.0148723,864.00,30.30
ksa32,0.00706323,871.00,30.30
cla32,0.898732,533.00,37.30
rca32,10.7104,225.00,24.10
cla32,132.764,139.00,25.70
ksa32,3.35088,360.00,23.10
ksa32,0.0390515,594.00,25.20
cla32,0.137877,681.00,37.00
mtp8,15.6041,932.00,59.40
cla32,5.95764,269.00,34.40
cla32,0.258439,565.00,41.20
cla32,124.296,157.00,28.10
ksa32,1.80022,417.00,23.00
rca32,7.58292e-05,618.00,30.10
ksa32,0.0341569,681.00,27.40
ksa32,0.383704,531.00,24.80
ksa32,0.0400121,779.00,28.50
wal8,131.682,607.00,57.80
ksa32,83.0531,191.00,18.60
ksa32,0.0499946,598.00,26.20
cla32,336.571,125.00,26.10
ksa32,0.0507055,771.00,26.20
ksa32,1.67809,406.00,23.00
ksa32,0.509264,537.00,23.80
ksa32,15.1667,336.00,24.50
mtp8,82.5264,758.00,56.70
ksa32,0.0347677,819.00,26.70
wal8,282.099,487.00,56.20
cla32,0.933423,521.00,39.80
rca32,0.000182055,579.00,30.10
ksa32,0.0511706,712.00,26.30
ksa32,59.545,213.00,22.20
mtp8,286.923,610.00,55.10
cla32,0.190852,591.00,34.80
cla32,0.596968,694.00,45.00
cla32,14.0351,254.00,34.10
rca32,2.2524e-05,648.00,30.10
cla32,0.780864,379.00,37.60
mtp8,24.0268,874.00,58.60
rca32,1.02116,299.00,28.10
cla32,0.375,887.00,50.20
rca32,187.525,132.00,22.10
cla32,0.00195313,899.00,53.80
wal8,293.507,468.00,59.20
cla32,0.946914,385.00,41.40
mtp8,140.143,678.00,55.90
ksa32,4.20305,548.00,28.50
rca32,95.8394,152.00,21.70
rca32,0.121129,383.00,27.20
cla32,0.778271,528.00,35.00
wal8,3.0331,989.00,64.40
cla32,0,912.00,56.50
rca32,13.2677,217.00,25.50
wal8,138.885,588.00,56.00
ksa32,0.00282383,938.00,25.40
ksa32,0.0388426,588.00,25.20
rca32,95.2268,146.00,22.10
cla32,0.787434,511.00,35.70
mtp8,25.1395,863.00,58.60
ksa32,0.369527,474.00,23.70
ksa32,1.50649,429.00,25.90
mtp8,0,1026.00,60.60
cla32,1.99966,415.00,35.50
wal8,99.0771,645.00,58.70
ksa32,0.0499619,598.00,26.20
ksa32,29.5661,292.00,22.50
ksa32,0.380909,484.00,25.80
ksa32,23.9926,253.00,20.70
cla32,441.71,125.00,24.90
ksa32,0.381233,546.00,23.60
rca32,1.54961,280.00,25.80
rca32,44.3495,183.00,23.20
mtp8,0,1043.00,62.40
ksa32,0.136385,811.00,27.80
ksa32,0.00718297,836.00,27.70
ksa32,0.837443,429.00,23.90
rca32,4.80125e-05,626.00,28.00
ksa32,0.381954,661.00,24.50
ksa32,0.381955,769.00,25.60
cla32,7.16653,270.00,34.30
ksa32,0.00535782,933.00,27.90
ksa32,77.2704,217.00,21.10
cla32,1.84398,332.00,37.10
mtp8,492.427,508.00,55.00
ksa32,0.0630238,716.00,28.10
ksa32,0.381149,655.00,24.30
ksa32,0.381773,582.00,25.00
ksa32,20.6548,318.00,25.40
mtp8,0,1038.00,62.40
rca32,13.2526,212.00,23.70
ksa32,187.136,157.00,20.60
cla32,82.3298,190.00,33.20
cla32,41.5857,212.00,30.00
ksa32,0.050827,713.00,26.30
mtp8,22.0994,870.00,58.60
cla32,0.942935,381.00,41.40
ksa32,0.382351,838.00,24.80
cla32,123.994,163.00,29.10
cla32,1.64799,459.00,33.40
cla32,0.345823,658.00,47.50
wal8,35.2673,828.00,66.60
mtp8,20.4666,876.00,58.70
mtp8,0,1024.00,61.00
rca32,3.31823,267.00,25.80
cla32,0.298723,757.00,42.00
mtp8,72.0297,775.00,56.70
cla32,2.35865,331.00,37.90
rca32,0.000366731,558.00,30.10
cla32,0.185608,535.00,43.10
cla32,0.299018,684.00,42.00
mtp8,35.2395,847.00,58.60
rca32,0.0533376,416.00,28.60
cla32,0.391799,545.00,34.90
wal8,236.042,509.00,52.00
wal8,33.8469,794.00,60.90
ksa32,0.0552453,588.00,25.20
ksa32,23.9875,253.00,20.70
wal8,27.0658,847.00,61.50
ksa32,0.034138,700.00,28.60
ksa32,3.55707,472.00,25.20
rca32,0.0736059,396.00,28.60
mtp8,494.93,508.00,55.00
rca32,0.0210311,436.00,27.40
ksa32,8.29773,368.00,22.40
ksa32,0.183721,522.00,24.70
cla32,0.44811,563.00,36.90
ksa32,0.0501808,598.00,26.20
ksa32,229.672,154.00,20.00
rca32,10.5761,228.00,24.50
ksa32,46.8063,245.00,26.10
ksa32,0.0163693,1098.00,27.00
cla32,73.5044,202.00,30.90
rca32,5.46288e-05,628.00,30.10
rca32,2.46962e-05,643.00,27.90
ksa32,264.563,135.00,20.00
ksa32,0.00464821,1118.00,27.00
wal8,35.2681,828.00,66.60
ksa32,0.379499,544.00,23.80
ksa32,0.774361,442.00,25.90
cla32,0.13946,819.00,42.20
cla32,0.298226,827.00,42.00
cla32,0.445768,569.00,37.20
rca32,0.012831,462.00,28.90
rca32,0.00230379,497.00,27.40
rca32,0.0136017,459.00,28.90
ksa32,72.8676,217.00,21.10
cla32,65.6173,228.00,34.50
wal8,25.3088,866.00,65.90
cla32,1.91385,487.00,33.40
ksa32,0.00845694,893.00,29.00
cla32,0.103704,700.00,47.70
ksa32,0.629999,478.00,24.50
ksa32,0.00674465,944.00,25.40
ksa32,29.6848,301.00,25.40
rca32,3.32608,280.00,30.00
rca32,0.0205293,437.00,28.60
cla32,0.0485557,554.00,42.60
wal8,16.1003,900.00,66.00
rca32,178.352,135.00,23.90
cla32,1.56339,355.00,37.00
rca32,10.5799,227.00,24.60
mtp8,8.95457,961.00,59.40
ksa32,0.0508886,939.00,26.20
mtp8,1.06911,1021.00,61.40
ksa32,0.382998,601.00,25.00
rca32,9.43919e-05,606.00,31.40
rca32,10.5586,228.00,24.50
wal8,262.233,496.00,55.30
rca32,3.90606e-05,634.00,30.10
ksa32,0.097853,709.00,28.60
wal8,282.408,487.00,56.20
cla32,0.464353,514.00,35.00
ksa32,0.381539,708.00,24.80
rca32,0.0263986,453.00,28.90
cla32,0.752228,475.00,37.50
ksa32,0.0125716,937.00,29.30
wal8,287.238,474.00,58.50
cla32,0.27718,530.00,35.00
rca32,0.000737612,536.00,29.60
cla32,0.338312,643.00,37.00
ksa32,0.382017,916.00,23.10
rca32,0.0535549,418.00,28.60
wal8,0,1076.00,66.40
rca32,1.18277,297.00,26.10
cla32,24.5271,253.00,33.40
rca32,237.792,128.00,19.00
wal8,103.997,700.00,61.10
ksa32,0.0506833,707.00,26.30
ksa32,0.0508029,732.00,26.20
ksa32,0.00630266,830.00,30.00
wal8,0,1065.00,64.90
rca32,0.0412441,415.00,27.40
cla32,0,912.00,53.20
wal8,31.2264,841.00,66.60
rca32,0.0839399,402.00,27.40
ksa32,17.9463,311.00,26.00
rca32,374.955,106.00,18.70
wal8,0,1071.00,64.90
cla32,0.278673,525.00,35.00
ksa32,0.0636634,748.00,27.50
wal8,350.697,442.00,52.70
cla32,0.25,918.00,54.00
mtp8,76.5676,752.00,57.20
ksa32,266.459,129.00,18.60
cla32,0.39097,796.00,41.10
ksa32,23.6648,290.00,25.70
cla32,440.703,122.00,24.90
ksa32,2.56909,394.00,21.60
rca32,46.6819,169.00,22.80
ksa32,0.0501945,604.00,26.20
wal8,168.263,556.00,57.00
cla32,123.876,177.00,29.80
ksa32,18.63,323.00,25.10
mtp8,17.0188,907.00,59.00
rca32,231.969,128.00,20.30
ksa32,23.8885,253.00,20.70
ksa32,0.483141,615.00,25.10
ksa32,0.536597,494.00,25.70
rca32,19.9388,219.00,25.20
ksa32,18.7454,319.00,25.10
ksa32,59.7444,213.00,22.60
cla32,116.233,183.00,33.20
cla32,0.0896735,681.00,44.40
wal8,7.84768,926.00,59.60
wal8,64.7817,740.00,60.90
cla32,0.31575,680.00,37.00
cla32,0.522893,515.00,36.00
mtp8,3.3803,1011.00,61.00
rca32,0.00171159,504.00,29.30
rca32,1.49544,287.00,26.10
ksa32,0.384313,758.00,25.30
wal8,52.4319,770.00,61.40
cla32,0.121671,830.00,49.20
ksa32,0.050144,598.00,26.20
cla32,70.1714,175.00,30.90
ksa32,0.0463212,777.00,28.40
wal8,251.856,476.00,49.90
wal8,54.5891,735.00,60.80
ksa32,0.00223964,1087.00,27.00
wal8,18.4859,867.00,61.60
mtp8,471.392,531.00,55.00
ksa32,0.0508994,757.00,26.20
ksa32,0.0655011,1101.00,28.40
cla32,14.6822,266.00,32.80
ksa32,2.04066,563.00,30.30
ksa32,0.0509194,871.00,26.20
cla32,0.396434,748.00,48.80
cla32,0.812849,502.00,36.40
rca32,0.269256,343.00,28.60
ksa32,62.417,212.00,24.10
ksa32,7.15318,386.00,23.70
ksa32,3.33875,493.00,24.80
mtp8,14.752,927.00,59.00
cla32,0.503188,816.00,42.20
ksa32,1.53623,562.00,25.20
ksa32,0.0390467,594.00,25.20
ksa32,0.0507158,787.00,26.20
mtp8,26.2919,862.00,58.60
cla32,0.798243,509.00,34.50
ksa32,0.0502347,598.00,26.20
wal8,174.164,554.00,57.00
ksa32,229.137,149.00,20.60
ksa32,0.0506438,869.00,26.20
ksa32,0.0341491,670.00,27.40
ksa32,2.58202,403.00,23.70
ksa32,57.7398,212.00,24.10
cla32,41.8623,223.00,30.00
mtp8,210.298,634.00,55.60
mtp8,417.323,546.00,55.00
ksa32,0.58695,533.00,30.70
ksa32,0.580233,462.00,23.70
ksa32,0.0378636,770.00,28.40
ksa32,241.517,166.00,20.00
ksa32,0.00854743,926.00,25.40
ksa32,0.381021,747.00,24.90
mtp8,3.1303,1008.00,60.50
ksa32,0.0500324,598.00,26.20
rca32,0.0903583,389.00,28.60
ksa32,387.069,124.00,18.60
mtp8,21.3037,872.00,58.60
wal8,80.2006,723.00,61.00
cla32,0.4653,518.00,39.50
ksa32,1.93253,558.00,25.70
ksa32,62.5119,212.00,24.10
cla32,0.221598,876.00,50.20
ksa32,0.0506788,699.00,26.30
rca32,0.000497517,543.00,30.20
rca32,0.123588,385.00,28.60
wal8,224.017,514.00,55.60
ksa32,1.07272,415.00,23.00
cla32,2.62357,331.00,39.10
rca32,0.54547,349.00,28.60
rca32,0.180769,376.00,27.40
ksa32,0.0309624,830.00,26.60
ksa32,100.51,220.00,20.10
ksa32,0.0341771,704.00,28.60
ksa32,24.6656,253.00,20.40
ksa32,23.681,290.00,25.70
rca32,0.0801394,403.00,28.70
cla32,0.350799,827.00,51.00
ksa32,0.0505141,619.00,26.20
cla32,1.39682,551.00,43.10
cla32,0.0485242,649.00,42.00
cla32,0.0481867,554.00,42.60
rca32,0.546121,349.00,28.60
wal8,102.181,690.00,61.10
ksa32,0.0359646,720.00,28.80
wal8,298.199,474.00,58.50
ksa32,0.0217573,965.00,27.00
ksa32,0.0516948,841.00,30.30
mtp8,262.648,623.00,55.10
rca32,0.0027438,491.00,33.10
ksa32,3.1654,397.00,21.30
ksa32,0.381376,744.00,24.90
rca32,0.00393781,497.00,29.90
cla32,5.95732,270.00,35.20
rca32,1.02225e-05,669.00,30.10
ksa32,1.68612,407.00,23.00
cla32,340.703,130.00,23.70
rca32,1.45104e-05,656.00,30.10
mtp8,77.4705,749.00,56.20
ksa32,17.2509,318.00,22.90
rca32,9.52396e-05,605.00,30.60
rca32,1.09948,314.00,28.20
rca32,376.75,109.00,18.70
wal8,89.6427,658.00,58.70
rca32,0.0108197,458.00,30.50
rca32,10.7591,219.00,24.20
rca32,11.8688,216.00,24.70
ksa32,1.34443,429.00,24.00
cla32,0.548751,633.00,42.00
cla32,0.334718,745.00,48.40
rca32,375.403,104.00,18.70
cla32,1.56253,360.00,37.30
ksa32,0.383054,907.00,24.30
ksa32,34.933,259.00,23.70
cla32,0.347409,662.00,47.60
rca32,23.4532,194.00,22.80
ksa32,1.6811,406.00,23.00
ksa32,0.0501645,615.00,26.20
ksa32,24.7841,288.00,25.40
ksa32,0.0619549,711.00,25.30
ksa32,25.4405,281.00,25.70
wal8,6.1496,932.00,62.60
ksa32,0.0504839,750.00,26.20
ksa32,3.27446,535.00,25.00
ksa32,3.59752,381.00,23.10
cla32,4.33889,309.00,37.20
mtp8,7.46436,980.00,60.60
cla32,0.79527,430.00,44.40
ksa32,24.6971,253.00,20.40
rca32,0.153892,373.00,27.40
rca32,7.19421e-05,614.00,31.50
cla32,231.694,173.00,28.80
cla32,1.84526,332.00,37.10
rca32,3.31082,267.00,25.80
ksa32,0.0351054,885.00,29.80
rca32,0.0828682,399.00,27.50
wal8,79.9159,728.00,60.30
rca32,236.429,128.00,19.00
rca32,3.89584e-05,634.00,30.10
cla32,10.3697,264.00,34.10
ksa32,0.854114,475.00,24.50
ksa32,0.0503108,598.00,26.20
rca32,0.110801,387.00,28.60
wal8,310.7,451.00,52.70
ksa32,0.410011,586.00,23.80
rca32,0.113864,384.00,28.60
mtp8,166.624,657.00,55.90
ksa32,61.7565,213.00,22.20
rca32,39.4738,181.00,22.80
cla32,0.803494,474.00,40.20
ksa32,0.775437,440.00,24.00
ksa32,2.95896,398.00,23.70
ksa32,27.1468,295.00,25.30
cla32,0.298998,792.00,42.00
ksa32,426.874,119.00,18.60
cla32,0.0486015,781.00,42.00
rca32,0.0214856,437.00,27.80
rca32,47.5705,172.00,22.70
cla32,0.655016,635.00,48.20
ksa32,0.709794,435.00,23.90
wal8,15.8445,900.00,67.50
wal8,46.8997,805.00,65.40
mtp8,346.603,582.00,55.00
wal8,7.56567,921.00,66.20
wal8,289.735,484.00,58.80
wal8,136.438,607.00,56.90
wal8,1.53811,1053.00,64.80
mtp8,357.518,575.00,55.00
wal8,49.8041,800.00,65.40
ksa32,23.9623,253.00,20.70
mtp8,82.5401,752.00,56.20
ksa32,0.385083,582.00,25.00
ksa32,68.6379,206.00,24.10
rca32,5.45315e-05,628.00,30.10
ksa32,265.892,129.00,18.60
rca32,0.00539329,480.00,29.30
cla32,1.5963,365.00,36.30
wal8,80.4961,728.00,60.30
mtp8,8.96507,964.00,59.40
ksa32,0.944082,437.00,23.30
ksa32,0.0168323,1096.00,27.00
ksa32,0.370975,479.00,23.70
mtp8,1.24834,1017.00,61.00
rca32,0.375554,357.00,28.60
wal8,6.23714,967.00,64.50
rca32,1.54901,280.00,25.80
mtp8,343.076,595.00,55.00
rca32,0.00016572,599.00,27.90
ksa32,0.605737,512.00,25.80
ksa32,0.370223,478.00,23.70
ksa32,4.87906,367.00,23.00
ksa32,0.382938,587.00,25.00
ksa32,0.0630462,797.00,26.00
ksa32,0.0388183,588.00,25.20
ksa32,2.29734,553.00,30.20
rca32,4.31255e-05,635.00,30.10
cla32,0.784471,422.00,44.40
ksa32,0,1120.00,27.00
rca32,2.16317,280.00,26.10
cla32,0.22795,565.00,41.20
ksa32,0.0389529,588.00,25.20
ksa32,0.0343221,822.00,26.70
ksa32,0.182836,506.00,25.90
ksa32,0.382715,847.00,24.80
cla32,0.0484715,522.00,42.40
cla32,0.191662,870.00,55.50
ksa32,0.384528,781.00,25.60
ksa32,0.84503,440.00,23.30
ksa32,0.380106,488.00,25.50
cla32,69.7304,191.00,32.30
ksa32,24.7512,275.00,22.60
ksa32,0.00218569,963.00,29.30
ksa32,0.0153942,945.00,27.90
cla32,0.750287,377.00,38.80
rca32,0.000368325,557.00,30.10
ksa32,0.00358306,803.00,28.10
cla32,41.4126,224.00,30.00
cla32,0.777833,516.00,35.30
wal8,6.15537,932.00,62.60
ksa32,0.0177983,1070.00,28.50
mtp8,0,1034.00,62.40
wal8,0,1065.00,64.90
cla32,61.0943,210.00,29.60
cla32,2.45934,333.00,38.00
ksa32,16.0035,324.00,24.30
ksa32,9.63499,364.00,25.20
cla32,0.309625,713.00,45.10
ksa32,140.327,169.00,20.00
ksa32,0.38454,854.00,23.50
cla32,0.197485,700.00,37.00
ksa32,0.00574661,830.00,29.30
ksa32,35.0709,259.00,23.70
ksa32,0.0505768,935.00,26.20
rca32,46.7251,173.00,22.80
cla32,0.697244,842.00,49.30
rca32,10.5327,228.00,24.50
cla32,13.3384,253.00,34.10
ksa32,0.00175047,1081.00,28.00
ksa32,0.379671,488.00,25.50
ksa32,0.0341327,681.00,27.40
mtp8,42.8353,830.00,58.10
wal8,251.211,475.00,49.90
rca32,6.52913,240.00,26.20
cla32,0.648726,590.00,37.60
cla32,0.716614,482.00,38.40
cla32,0.468857,518.00,40.10
ksa32,0.0499786,595.00,24.50
ksa32,388.48,124.00,18.60
ksa32,0.845893,440.00,23.30
cla32,0.548682,729.00,42.00
ksa32,2.72458,399.00,23.00
mtp8,8.13194,976.00,60.30
cla32,0.201472,560.00,37.30
mtp8,7.87788,976.00,60.60
ksa32,0.00668096,908.00,27.60
cla32,0.135671,656.00,48.20
ksa32,0.0341371,646.00,26.60
wal8,96.1977,701.00,60.80
cla32,0.807733,481.00,39.30
rca32,0.187723,362.00,28.60
cla32,0.241411,717.00,37.50
ksa32,0.183667,512.00,24.10
ksa32,0.37071,479.00,23.70
mtp8,4.59953,1005.00,61.00
ksa32,64.1985,213.00,22.60
cla32,0.939985,385.00,41.40
rca32,1.46047e-05,656.00,30.10
rca32,0.00973173,453.00,27.40
ksa32,1.79692,417.00,23.20
cla32,0.89716,366.00,38.40
ksa32,186.849,157.00,20.60
wal8,0,1066.00,64.90
ksa32,0.380014,489.00,25.50
wal8,101.322,665.00,58.60
ksa32,0.38064,866.00,24.10
ksa32,83.0075,191.00,18.60
ksa32,0.382874,644.00,24.30
ksa32,426.652,121.00,20.00
ksa32,3.34485,360.00,23.10
cla32,2.25794,370.00,41.60
ksa32,24.1121,297.00,22.90
cla32,0.326037,850.00,48.70
wal8,19.7797,882.00,66.00
ksa32,7.01308,357.00,26.50
ksa32,23.8977,253.00,20.70
wal8,5.49749,932.00,64.50
wal8,137.372,589.00,57.00
wal8,48.2329,761.00,60.90
rca32,1.07997,343.00,28.60
ksa32,0.0177751,1011.00,27.70
ksa32,25.4436,252.00,22.00
cla32,0.386683,821.00,48.40
cla32,0.788033,421.00,44.40
rca32,1.63698,297.00,28.10
ksa32,25.4132,302.00,25.40
wal8,5.52944,932.00,64.50
ksa32,47.2012,253.00,23.70
ksa32,0.00598347,953.00,26.40
ksa32,3.55265,484.00,24.80
wal8,17.8732,880.00,61.60
ksa32,23.948,253.00,20.70
rca32,0.00806627,475.00,27.40
ksa32,0.184146,504.00,24.20
cla32,0.425282,540.00,37.30
ksa32,4.59839,373.00,23.10
cla32,2.5891,328.00,37.20
mtp8,10.1262,963.00,60.10
rca32,0.0116718,449.00,30.50
rca32,246.761,129.00,19.00
cla32,3.83266,312.00,37.20
cla32,0.378691,816.00,42.20
wal8,28.7896,844.00,61.50
cla32,0.350912,859.00,51.40
wal8,106.475,711.00,61.10
ksa32,3.11374,527.00,26.10
rca32,1.23839,314.00,27.80
cla32,0.624143,572.00,43.60
ksa32,0.384513,867.00,24.10
wal8,96.6649,651.00,58.70
ksa32,0.183148,504.00,24.20
ksa32,23.9627,253.00,20.70
ksa32,6.6842,333.00,23.50
ksa32,229.676,150.00,20.60
cla32,0.182782,642.00,37.00
wal8,5.79657,956.00,64.40
mtp8,12.796,942.00,59.40
cla32,0.705941,444.00,37.90
cla32,0.293371,852.00,51.80
cla32,0.0484358,768.00,42.00
cla32,0.754418,537.00,42.70
cla32,0.362876,614.00,37.20
wal8,12.5873,903.00,69.30
ksa32,0.0502814,598.00,26.20
rca32,1.64293,278.00,26.10
cla32,0.209414,646.00,43.40
rca32,0.767316,318.00,28.20
cla32,1.56966,366.00,34.40
ksa32,3.16666,498.00,25.90
wal8,0,1061.00,64.90
cla32,71.1213,194.00,32.30
wal8,12.0252,901.00,61.60
rca32,0.00393931,494.00,29.90
ksa32,4.02991,362.00,21.60
cla32,0.0959044,885.00,52.60
cla32,0.239996,670.00,44.70
wal8,51.8638,770.00,61.40
cla32,0.16703,577.00,37.30
rca32,0.00596629,470.00,27.50
wal8,0,1064.00,64.90
rca32,6.5031,237.00,25.80
rca32,12.9311,227.00,27.10
rca32,0.0270752,432.00,28.70
ksa32,9.4376,359.00,25.20
ksa32,8.13374,329.00,23.00
ksa32,187.191,175.00,21.50
ksa32,0.381996,488.00,25.50
ksa32,4.55647,377.00,23.10
ksa32,11.4932,343.00,24.50
cla32,0.418236,678.00,48.10
ksa32,0.0502461,598.00,26.20
ksa32,0.183371,520.00,24.70
rca32,1.4801,290.00,26.10
wal8,18.3897,879.00,61.60
ksa32,0.384361,872.00,24.80
cla32,0.725259,491.00,34.70
mtp8,315.045,601.00,55.00
ksa32,0.209424,630.00,25.40
cla32,0.402615,534.00,35.00
rca32,0.120379,380.00,27.30
ksa32,0.017796,1091.00,27.10
cla32,124.088,157.00,28.10
cla32,132.635,139.00,25.70
cla32,0.775372,377.00,37.10
wal8,291.86,468.00,59.20
cla32,0.0984562,674.00,45.50
wal8,2.97484,1022.00,64.40
mtp8,94.1756,724.00,56.70
cla32,0.686391,777.00,37.20
ksa32,0.0642473,837.00,29.30
rca32,0.000341569,575.00,30.10
ksa32,23.8724,253.00,20.70
rca32,1.01577e-05,669.00,30.10
ksa32,114.336,199.00,20.10
rca32,0.00537426,491.00,29.70
wal8,8.41328,922.00,59.50
rca32,0.0736837,396.00,28.60
wal8,6.17134,932.00,62.60
cla32,0.782716,425.00,39.80
rca32,93.3265,153.00,21.00
ksa32,0.0359328,778.00,25.50
rca32,0.394463,357.00,28.60
rca32,2.90526e-06,687.00,30.10
ksa32,1.06996,415.00,23.00
rca32,0.000738644,539.00,30.20
ksa32,12.1379,358.00,25.10
rca32,0.743847,316.00,28.20
mtp8,0.759228,1021.00,61.00
ksa32,1.68632,408.00,23.00
cla32,0.797285,491.00,34.70
ksa32,23.9756,253.00,20.70
ksa32,186.886,157.00,20.60
ksa32,0.183976,504.00,24.20
cla32,3.8385,293.00,36.40
ksa32,0.0509254,747.00,26.20
ksa32,0.382982,531.00,24.80
ksa32,0.38282,615.00,24.10
ksa32,0,1108.00,27.00
wal8,5.52731,932.00,64.50
ksa32,0.709785,437.00,23.90
wal8,4.38059,991.00,64.50
cla32,1.84416,332.00,37.10
rca32,2.75743,263.00,26.10
ksa32,0.0356172,829.00,26.70
wal8,34.4829,792.00,60.90
ksa32,0.0499184,598.00,26.20
ksa32,385.379,142.00,18.10
ksa32,0.00215401,1025.00,27.70
ksa32,114.037,182.00,18.40
wal8,100.861,657.00,58.60
ksa32,24.6956,288.00,25.40
cla32,0.67953,586.00,37.30
rca32,0.767682,318.00,28.20
mtp8,16.7564,912.00,58.60
cla32,1.58919,379.00,35.00
cla32,0.414631,642.00,45.30
wal8,18.076,890.00,66.00
cla32,0.728437,544.00,34.70
ksa32,5.83724,336.00,23.50
cla32,7.17891,283.00,35.60
wal8,297.184,477.00,58.60
wal8,76.0072,717.00,60.80
ksa32,4.34119,529.00,25.00
ksa32,8.05624,368.00,22.40
ksa32,0.00223956,996.00,29.50
cla32,300.315,148.00,23.90
rca32,0.000398446,553.00,28.00
cla32,0.824526,627.00,37.00
cla32,0.570928,645.00,43.40
mtp8,16.0007,917.00,59.00
cla32,0.923345,512.00,42.40
ksa32,0.0507147,881.00,26.20
cla32,132.046,151.00,25.70
wal8,10.4487,903.00,58.10
cla32,0.552286,787.00,42.00
rca32,2.73742,263.00,26.10
mtp8,15.6278,924.00,59.40
cla32,0.329516,694.00,45.00
wal8,213.173,514.00,52.10
rca32,22.1159,207.00,25.50
ksa32,427.454,121.00,18.60
ksa32,0.0506712,885.00,26.20
cla32,0.802699,368.00,37.30
ksa32,0.096685,637.00,25.30
cla32,0.668199,463.00,37.90
cla32,0.54561,512.00,36.00
cla32,0.700735,460.00,34.20
ksa32,0.713454,462.00,24.20
cla32,0.581775,711.00,44.80
rca32,3.03366,279.00,26.10
ksa32,0.0506583,786.00,26.20
ksa32,24.1929,307.00,25.00
rca32,0.0555508,406.00,27.40
cla32,0.429383,519.00,39.80
wal8,11.571,903.00,61.60
ksa32,4.58165,377.00,23.10
wal8,252.432,475.00,49.90
cla32,10.4108,263.00,34.10
ksa32,102.402,234.00,21.30
mtp8,25.7638,887.00,58.30
ksa32,6.96622,354.00,23.70
rca32,2.94065e-06,687.00,30.10
rca32,5.75467,251.00,26.10
cla32,0.0482474,708.00,42.00
ksa32,0.00328263,945.00,27.90
wal8,401.924,407.00,52.60
ksa32,0.0402185,785.00,28.50
ksa32,265.123,135.00,18.00
