alu4,0.00354,2426.00,41.40
c7552,0.00217,2463.00,157.00
c1908,0.02724,484.00,49.50
c7552,0.00139,2488.00,157.00
ksa32,0.01264,950.00,24.50
cla32,1e-05,906.00,53.40
alu4,0.00382,2404.00,41.30
alu4,0.00622,2291.00,44.00
ksa32,9e-05,1036.00,23.20
c7552,0.00087,2494.00,157.00
alu4,0.04332,1341.00,36.30
cla32,5e-05,864.00,51.20
cla32,1e-05,899.00,53.80
c7552,0.00075,2507.00,155.40
c2670,1e-05,974.00,47.40
alu4,0.00465,2379.00,44.20
cla32,1e-05,897.00,50.20
alu4,0.00201,2557.00,46.20
c7552,0.00132,2490.00,156.60
alu4,0.00458,2368.00,40.70
alu4,0.01953,1782.00,41.00
cla32,0.00624,814.00,48.10
alu4,0,2730.00,49.30
c1908,0.01774,618.00,57.00
alu4,0.00818,2165.00,42.80
alu4,0.00311,2470.00,45.50
ksa32,6e-05,1034.00,24.00
c7552,0.00094,2485.00,157.00
alu4,0.00654,2276.00,44.60
alu4,0.00794,2200.00,41.60
c7552,0.00022,2567.00,161.80
c7552,0.00041,2522.00,161.00
c5315,0,2381.00,74.90
c5315,0.00956,2310.00,74.80
alu4,0.00128,2593.00,48.40
c2670,0,978.00,47.70
c5315,0.00542,2331.00,75.90
alu4,0.0007,2633.00,46.60
alu4,0.01487,1951.00,45.00
c7552,0.00417,2433.00,156.80
alu4,0.04887,1278.00,37.20
c1908,0.0311,437.00,53.80
alu4,0,2730.00,49.00
alu4,0.00687,2230.00,40.40
wal8,0,1063.00,65.40
alu4,0.00615,2304.00,40.50
c1908,0.02339,540.00,55.00
alu4,0.00514,2333.00,45.30
alu4,0,2728.00,48.90
alu4,0.00253,2495.00,46.00
alu4,0.00245,2499.00,48.00
alu4,0.00128,2595.00,46.40
c1908,0.02165,556.00,55.90
alu4,0.0097,2144.00,40.50
c880,0.03632,497.00,34.40
alu4,0.03469,1447.00,38.00
cla32,5e-05,879.00,49.80
rca32,0.00351,664.00,28.00
c7552,0.00022,2574.00,160.60
c2670,0.00906,931.00,46.30
alu4,0.00054,2669.00,46.90
c3540,0.00091,1579.00,83.20
c7552,0.00031,2534.00,155.40
alu4,0.00014,2710.00,47.10
alu4,0.00026,2682.00,46.90
cla32,5e-05,871.00,51.60
alu4,6e-05,2714.00,47.10
c5315,0,2377.00,76.30
ksa32,3e-05,1033.00,24.00
ksa32,0.00354,1021.00,24.30
alu4,0.00099,2609.00,46.20
alu4,0.00304,2451.00,41.70
alu4,0.02846,1610.00,38.90
cla32,0.00243,827.00,47.70
c7552,7e-05,2643.00,160.80
alu4,0.00332,2442.00,41.70
c7552,0.00059,2555.00,161.80
c5315,0,2382.00,76.30
c1908,0.03263,423.00,47.10
alu4,0.0199,1820.00,44.10
alu4,0.0031,2465.00,46.20
ksa32,3e-05,1092.00,31.10
alu4,0.00164,2571.00,45.20
alu4,0.00915,2179.00,45.10
c5315,0,2372.00,75.90
alu4,0.02376,1654.00,38.50
c1908,0.03395,397.00,45.10
cla32,0.04989,779.00,52.00
alu4,0.0008,2634.00,46.20
alu4,0.02059,1727.00,37.00
alu4,0.00215,2522.00,48.30
alu4,0.01533,1946.00,42.70
c7552,0.00087,2530.00,160.60
c880,0.0029,547.00,38.60
alu4,0.00278,2481.00,47.10
c2670,0.02989,900.00,40.00
alu4,0.01541,1920.00,42.50
c3540,0.00989,1549.00,83.50
ksa32,3e-05,1110.00,30.70
c3540,0,1596.00,83.20
alu4,0.00123,2596.00,45.90
cla32,0.00596,820.00,47.70
ksa32,0.01949,884.00,24.50
ksa32,2e-05,1046.00,25.60
alu4,0.0031,2438.00,41.70
alu4,0.00376,2437.00,45.40
alu4,0.00066,2649.00,46.60
cla32,0.00028,851.00,46.80
alu4,0.00384,2426.00,44.90
c5315,0,2385.00,74.90
c880,0.0052,528.00,38.40
alu4,0.00558,2329.00,41.90
c5315,0,2377.00,75.90
c7552,0.00025,2554.00,160.60
c7552,9e-05,2613.00,161.20
alu4,7e-05,2709.00,46.90
c7552,0.00041,2549.00,161.00
alu4,0.00464,2381.00,44.60
c2670,0,965.00,47.40
alu4,0.00773,2203.00,45.40
alu4,0.02111,1767.00,44.30
ksa32,3e-05,1117.00,27.30
c2670,0,972.00,47.40
c3540,0.04367,1359.00,81.40
alu4,0.01228,2046.00,39.40
c3540,0.00619,1557.00,83.50
alu4,0.01029,2083.00,42.10
alu4,0.04737,1295.00,37.40
alu4,0.01464,1969.00,41.20
alu4,0.047,1353.00,39.60
c3540,0.03588,1436.00,83.20
alu4,0.01325,2024.00,39.00
alu4,0.00134,2572.00,42.70
alu4,0.00228,2531.00,46.00
alu4,0,2743.00,48.80
alu4,0.00391,2405.00,43.00
alu4,0.01887,1852.00,44.30
alu4,0.00457,2386.00,44.60
c5315,0,2384.00,76.30
alu4,0.00046,2682.00,46.90
c7552,0.00043,2540.00,161.40
alu4,0.00751,2226.00,41.20
alu4,0.00432,2348.00,46.80
alu4,0.00401,2390.00,44.00
alu4,0.00237,2522.00,46.20
c2670,0,972.00,47.40
alu4,0.00393,2396.00,41.20
ksa32,1e-05,1105.00,27.00
alu4,0.01335,2004.00,45.50
c3540,0.00493,1562.00,83.50
alu4,0.01732,1856.00,41.60
c7552,0.0006,2514.00,155.60
alu4,0.03182,1483.00,38.10
ksa32,1e-05,1093.00,26.60
c3540,0.00408,1564.00,83.50
c880,0.00069,551.00,38.80
alu4,0.00031,2678.00,47.20
alu4,0.00084,2631.00,46.60
c3540,0.02063,1514.00,82.10
alu4,0.0071,2243.00,45.70
alu4,0.01996,1813.00,44.10
c7552,0.00085,2530.00,160.60
alu4,0.02621,1681.00,43.30
alu4,0.0052,2326.00,43.20
c3540,0.00083,1582.00,83.80
alu4,0.01885,1824.00,44.30
ksa32,4e-05,1082.00,31.10
ksa32,0.00868,970.00,22.80
c2670,0.00698,944.00,46.90
alu4,0.02928,1556.00,39.30
alu4,0.01852,1856.00,44.80
c2670,0.01413,924.00,45.60
c2670,0.00289,957.00,43.90
alu4,0.00017,2705.00,47.10
alu4,0.01017,2121.00,39.60
alu4,6e-05,2711.00,49.10
c2670,0,972.00,47.40
c7552,0.00096,2500.00,160.80
ksa32,2e-05,1075.00,28.40
ksa32,0.02021,884.00,24.50
c5315,0,2369.00,74.90
c1908,0.02482,517.00,53.30
c3540,0.00467,1560.00,83.50
alu4,0.01075,2098.00,42.60
alu4,0.01858,1819.00,42.30
c5315,0.00631,2320.00,75.90
alu4,0.00343,2428.00,45.20
c2670,2e-05,968.00,47.40
alu4,0.00859,2182.00,44.20
alu4,0.00508,2345.00,42.20
alu4,0.00407,2394.00,45.00
alu4,0.02309,1660.00,38.40
c7552,9e-05,2629.00,161.20
alu4,0.00532,2353.00,42.70
alu4,0.015,1966.00,41.70
alu4,0.00023,2688.00,47.10
ksa32,0.02262,863.00,20.90
alu4,0.006,2314.00,40.70
alu4,0.00504,2331.00,42.70
c7552,3e-05,2632.00,160.80
alu4,0.02441,1728.00,42.40
c7552,0.00016,2616.00,161.20
c2670,0.00117,960.00,46.80
ksa32,0.00546,983.00,25.30
alu4,0.00947,2127.00,42.40
cla32,0.0022,837.00,46.70
alu4,0.00546,2342.00,40.80
wal8,0,1073.00,65.40
c7552,0.00039,2535.00,161.40
alu4,0.00816,2207.00,43.00
alu4,0.00069,2654.00,46.80
c7552,0.00027,2558.00,161.40
c7552,0.00082,2507.00,157.00
c3540,0,1598.00,83.40
c7552,0.00021,2618.00,161.20
alu4,0.00462,2363.00,47.10
alu4,0.00876,2179.00,45.40
alu4,0.03552,1493.00,43.00
c5315,0,2385.00,74.90
c5315,0,2380.00,75.90
c5315,0.00718,2317.00,75.90
alu4,0.0068,2258.00,40.70
c2670,0.0027,955.00,46.90
cla32,7e-05,880.00,54.00
alu4,0.01223,2049.00,39.40
c5315,0.00521,2328.00,75.90
alu4,0.02853,1566.00,37.30
alu4,0.01965,1717.00,39.30
alu4,0.0068,2241.00,44.50
c2670,1e-05,974.00,47.40
cla32,0.00025,851.00,47.20
alu4,0.00162,2584.00,45.50
rca32,0.00017,677.00,28.50
c1908,0.02495,524.00,53.70
rca32,0.00193,670.00,26.90
alu4,0.00273,2493.00,48.00
c5315,0,2375.00,74.90
alu4,0.00391,2394.00,47.50
c7552,2e-05,2629.00,161.20
c5315,0,2382.00,74.90
wal8,0.04672,1019.00,68.10
c5315,0.01203,2295.00,73.90
c7552,0.0005,2513.00,156.60
alu4,0.02905,1540.00,39.40
c2670,0.027,905.00,40.20
alu4,0.0494,1311.00,34.60
c7552,0,2667.00,161.10
alu4,0.03004,1516.00,39.20
alu4,0.00551,2314.00,41.20
c7552,0.00059,2525.00,161.40
alu4,0.00104,2628.00,46.40
c5315,0.00704,2317.00,75.90
c7552,0.00012,2594.00,160.60
alu4,0.00899,2142.00,42.40
alu4,0.00424,2381.00,41.00
alu4,0.00207,2531.00,47.50
c2670,1e-05,965.00,47.40
cla32,1e-05,942.00,57.00
alu4,0.00341,2428.00,43.20
alu4,0.00379,2444.00,43.20
alu4,0.00026,2673.00,46.60
alu4,0.01591,1890.00,42.90
alu4,0.00288,2495.00,47.50
cla32,6e-05,863.00,51.20
alu4,0.01824,1865.00,44.30
c3540,0.00074,1582.00,83.80
ksa32,7e-05,1055.00,25.60
alu4,0.00453,2383.00,46.20
alu4,0.00122,2590.00,48.40
c5315,0,2370.00,74.90
c2670,0,974.00,47.40
alu4,0.00758,2222.00,42.30
alu4,0.02283,1673.00,39.50
c7552,0.00013,2625.00,161.20
c7552,0.00038,2579.00,161.20
alu4,0.0438,1380.00,39.90
alu4,0.00363,2419.00,43.20
c7552,0,2677.00,161.10
alu4,0.00228,2512.00,45.80
alu4,0.02292,1707.00,44.40
alu4,0.00015,2697.00,47.10
c3540,0.00056,1584.00,83.80
alu4,0.00596,2302.00,44.70
ksa32,8e-05,1032.00,24.00
c2670,0.00299,955.00,46.90
c7552,3e-05,2664.00,161.10
alu4,0.00295,2471.00,45.10
alu4,0.00457,2360.00,45.10
alu4,0.02005,1794.00,44.30
c1908,0.01041,668.00,60.90
alu4,0.00499,2338.00,42.70
alu4,0.00432,2382.00,44.60
alu4,0.01029,2075.00,40.80
mtp8,0.00501,1010.00,61.00
alu4,0.00917,2132.00,48.50
alu4,0.00035,2667.00,46.40
c7552,0.00093,2509.00,161.40
alu4,0.00736,2225.00,40.40
alu4,0.00313,2444.00,41.80
alu4,0.01309,2003.00,40.50
c5315,0.00498,2331.00,75.90
ksa32,0.02281,863.00,20.90
alu4,0.02518,1630.00,39.30
alu4,0.00339,2457.00,41.70
alu4,0.0033,2433.00,41.40
c5315,0.01118,2296.00,73.90
alu4,0.00082,2631.00,48.50
alu4,0.00528,2324.00,45.30
c1908,0,758.00,60.30
alu4,0.02265,1680.00,38.00
wal8,0,1069.00,64.90
wal8,0,1059.00,64.90
cla32,2e-05,867.00,51.60
cla32,0.01779,798.00,48.10
alu4,0.03893,1462.00,42.70
c7552,0.00023,2579.00,161.00
alu4,0.03219,1478.00,38.10
c7552,0.01714,2404.00,157.20
c1908,0.03531,401.00,46.30
ksa32,4e-05,1066.00,26.30
c5315,0.00815,2307.00,75.00
c5315,0.00536,2328.00,75.90
alu4,0.02409,1644.00,39.50
c7552,0.00038,2532.00,161.40
c2670,0.01741,922.00,41.50
alu4,0.02706,1658.00,43.30
c1908,0.02679,499.00,49.60
alu4,0.00545,2331.00,42.20
cla32,6e-05,867.00,46.40
cla32,1e-05,876.00,49.80
alu4,0.03014,1612.00,38.90
alu4,0.01808,1772.00,36.80
alu4,0.0032,2446.00,41.80
alu4,0.00596,2287.00,43.80
alu4,0.01228,2046.00,39.10
c1908,0.12817,719.00,60.40
ksa32,7e-05,1051.00,26.30
alu4,0.00301,2464.00,46.20
ksa32,0.00206,1023.00,24.00
c2670,0.02239,913.00,41.30
c5315,0,2367.00,74.90
ksa32,6e-05,1062.00,26.30
c7552,0.00075,2543.00,160.60
alu4,0.00477,2377.00,46.20
alu4,0.02076,1687.00,40.00
c5315,0.00566,2328.00,75.90
c7552,0.0004,2572.00,161.40
alu4,0.00358,2408.00,41.40
alu4,0.01258,2011.00,40.50
mtp8,0,1032.00,62.80
ksa32,0.01229,952.00,24.50
alu4,0.01903,1743.00,38.00
alu4,0.02537,1625.00,37.50
alu4,0.00577,2300.00,44.10
alu4,0.00101,2642.00,46.40
alu4,0.00035,2665.00,46.60
alu4,0.00692,2257.00,42.70
alu4,0.00608,2267.00,41.70
alu4,0.01523,1952.00,39.00
c7552,0.00031,2557.00,161.40
c7552,0.00028,2562.00,161.40
alu4,0.0046,2366.00,45.40
c880,0.0095,525.00,38.30
alu4,0.01327,2001.00,38.90
ksa32,8e-05,1032.00,24.00
alu4,0.01999,1803.00,44.30
alu4,0.00015,2704.00,48.50
c5315,0,2370.00,75.90
wal8,0.0055,1057.00,70.30
wal8,0.00954,1054.00,68.20
alu4,0.00269,2495.00,45.60
c5315,0.00567,2331.00,75.90
c5315,0.00934,2303.00,75.00
c7552,0.00049,2522.00,157.30
alu4,0.00771,2208.00,40.30
alu4,0.00528,2333.00,44.90
c880,0.02691,508.00,34.50
c3540,0.04315,1357.00,81.40
alu4,0.00827,2179.00,41.20
alu4,0.00859,2162.00,40.20
alu4,0.01926,1751.00,39.70
cla32,0.01269,800.00,48.10
cla32,0,912.00,56.50
c5315,0.01488,2289.00,73.90
c3540,0.03306,1462.00,83.20
alu4,0.00211,2537.00,42.30
alu4,0.00191,2545.00,47.50
alu4,0,2738.00,49.30
alu4,0.00423,2392.00,41.20
ksa32,7e-05,1032.00,24.00
alu4,5e-05,2711.00,47.10
alu4,0.02836,1535.00,39.70
alu4,0.02561,1647.00,36.70
c7552,0.00014,2627.00,160.80
alu4,0.00653,2282.00,41.70
alu4,0.03084,1507.00,37.90
mtp8,0,1029.00,61.00
c7552,0.00048,2520.00,157.30
c3540,4e-05,1589.00,83.20
alu4,0.01821,1794.00,39.20
c7552,7e-05,2629.00,161.20
c1908,0.00867,683.00,60.40
alu4,0.01944,1723.00,39.60
c7552,0.00013,2588.00,161.20
alu4,0.00348,2445.00,45.40
c880,0.00062,551.00,38.80
alu4,0.00517,2344.00,45.30
wal8,0.0268,1027.00,68.10
alu4,0.0033,2400.00,41.30
c2670,0.00614,939.00,46.60
alu4,8e-05,2705.00,47.10
c1908,0.03352,399.00,45.10
alu4,0.02556,1658.00,36.50
alu4,0.00078,2643.00,46.00
cla32,3e-05,895.00,50.60
wal8,0,1067.00,64.90
alu4,0.00726,2226.00,43.00
c2670,0,968.00,47.40
ksa32,0,1116.00,27.00
alu4,0.00197,2550.00,45.40
cla32,0,914.00,56.50
cla32,7e-05,861.00,54.40
alu4,0.00708,2218.00,40.40
alu4,0.02536,1626.00,36.40
c1908,0.02311,539.00,56.00
c1908,0.00241,722.00,60.40
alu4,0.02335,1664.00,38.40
c3540,0.0398,1405.00,83.20
alu4,0.00391,2410.00,47.40
c2670,0,974.00,47.40
alu4,7e-05,2722.00,49.00
alu4,0.00515,2355.00,42.50
alu4,0.0302,1521.00,39.20
c3540,0.0136,1536.00,84.60
c7552,0.00047,2547.00,161.40
alu4,0.01033,2074.00,42.10
cla32,0.0272,792.00,48.10
alu4,0.00201,2530.00,45.40
c1908,0.02095,572.00,55.90
c7552,0.00369,2438.00,157.00
alu4,0.00181,2530.00,48.10
c1908,0.03449,384.00,45.10
alu4,0.02695,1589.00,36.80
alu4,0.00282,2503.00,47.50
alu4,0.00554,2298.00,40.50
c5315,0,2368.00,75.90
cla32,7e-05,881.00,51.20
alu4,0.00566,2321.00,44.70
alu4,0.02497,1638.00,36.70
c880,0.00493,528.00,38.40
alu4,0.00082,2657.00,46.40
alu4,0.00015,2709.00,48.90
c7552,2e-05,2649.00,160.80
c5315,0.01594,2284.00,73.90
c7552,0.00849,2418.00,157.20
c2670,0.01475,927.00,45.60
alu4,0.02285,1685.00,39.90
alu4,0.00717,2216.00,42.80
c3540,0.02853,1489.00,82.80
c3540,0.00204,1571.00,82.90
alu4,0.00867,2140.00,40.70
c3540,0.04805,1322.00,81.40
alu4,0.01597,1915.00,40.20
c5315,0.00104,2354.00,75.90
alu4,0.01308,1994.00,43.40
alu4,0.00252,2496.00,45.60
c2670,1e-05,963.00,47.40
c7552,0.00198,2463.00,157.00
c2670,1e-05,968.00,47.40
alu4,0.02801,1594.00,36.80
alu4,0.02185,1685.00,37.00
alu4,0.00481,2360.00,42.30
c3540,0.04523,1328.00,82.50
alu4,0.00157,2570.00,45.20
alu4,0.00881,2182.00,45.40
ksa32,5e-05,1034.00,23.20
alu4,0.00547,2322.00,44.70
alu4,0.01635,1920.00,44.60
alu4,0.01011,2082.00,42.20
c2670,0.02357,909.00,40.80
cla32,0.00011,858.00,54.00
cla32,2e-05,912.00,56.50
alu4,0.00206,2516.00,48.30
alu4,0.00437,2395.00,47.30
cla32,0.0001,874.00,54.00
cla32,0.00404,837.00,47.70
alu4,0.00337,2457.00,45.50
cla32,6e-05,869.00,46.80
c7552,7e-05,2645.00,161.20
alu4,0.01557,1911.00,42.40
alu4,0.02094,1711.00,37.10
c880,0.0027,540.00,38.50
alu4,0.03401,1467.00,38.00
c880,0.00065,551.00,38.80
c5315,0.00096,2354.00,75.90
c7552,0.00603,2428.00,157.20
alu4,0.01566,1916.00,44.50
alu4,0.02795,1632.00,39.00
c7552,0.00097,2505.00,155.80
c1908,0.02944,468.00,48.80
cla32,4e-05,896.00,53.80
c1908,0.00826,683.00,60.40
c7552,0.00053,2552.00,161.00
rca32,0.00372,664.00,28.00
c2670,1e-05,968.00,47.40
alu4,0.01102,2057.00,39.10
ksa32,6e-05,1034.00,24.00
cla32,0.00236,843.00,46.70
c7552,5e-05,2621.00,160.80
alu4,0.00517,2353.00,42.30
c5315,0.00631,2320.00,75.90
alu4,0.00033,2685.00,46.90
c2670,0,968.00,47.40
alu4,0.00854,2176.00,45.00
wal8,0,1061.00,64.90
alu4,0.01499,1977.00,39.00
c7552,3e-05,2621.00,160.80
c5315,0,2387.00,76.30
alu4,5e-05,2711.00,47.10
wal8,0,1071.00,65.40
c1908,0.03216,427.00,47.10
c2670,0,970.00,47.40
cla32,0.0188,798.00,48.10
c7552,0.00048,2524.00,155.80
alu4,0.00845,2171.00,42.00
alu4,0.00731,2223.00,40.50
alu4,0.00042,2671.00,47.20
alu4,0.00807,2201.00,40.90
ksa32,6e-05,1084.00,26.60
alu4,0.01015,2087.00,42.20
c2670,0.01781,921.00,41.50
cla32,0.00043,841.00,46.70
alu4,0.00275,2491.00,47.90
c7552,0.00186,2476.00,157.00
cla32,5e-05,868.00,46.40
alu4,0.02776,1604.00,38.70
c2670,1e-05,978.00,47.70
alu4,0.0081,2175.00,41.80
alu4,0.00147,2585.00,46.30
c5315,0,2390.00,76.30
c2670,0,966.00,47.40
c7552,0.0003,2535.00,160.80
alu4,0.00229,2504.00,48.00
ksa32,9e-05,1030.00,24.00
cla32,0.00019,858.00,47.20
alu4,0.0207,1783.00,43.60
alu4,0.00363,2416.00,44.60
alu4,0.00877,2136.00,42.70
c5315,0.00717,2317.00,75.90
alu4,0.02931,1552.00,41.70
alu4,0.01665,1881.00,42.50
alu4,0.00871,2166.00,41.20
alu4,0.00344,2409.00,44.10
rca32,9e-05,677.00,28.50
c7552,0.00098,2524.00,161.00
alu4,0.01576,1951.00,42.50
alu4,0.00869,2161.00,40.70
alu4,0.02896,1584.00,38.90
c5315,0.04943,2247.00,73.90
c7552,0.00085,2506.00,160.80
ksa32,0.00452,989.00,25.30
alu4,0.03489,1515.00,37.70
alu4,0.00021,2691.00,46.90
alu4,0.00055,2676.00,46.60
ksa32,4e-05,1049.00,29.30
alu4,0.01309,2029.00,39.10
c3540,0.02182,1513.00,82.80
alu4,0.00244,2505.00,45.60
alu4,0.00107,2599.00,48.40
c3540,0.00483,1560.00,83.50
alu4,0.0027,2500.00,45.60
alu4,0.00665,2253.00,44.60
ksa32,3e-05,1036.00,23.20
c1908,0.03898,279.00,23.80
alu4,0.01441,1967.00,45.20
ksa32,3e-05,1032.00,24.00
cla32,0.00461,825.00,47.70
c1908,0.03744,279.00,23.80
c1908,0.031,440.00,51.50
c1908,0,755.00,60.40
alu4,0.00378,2402.00,45.20
alu4,0.0017,2583.00,47.50
c3540,0.02662,1496.00,82.10
alu4,0.00028,2688.00,47.10
c1908,0.00478,699.00,60.60
alu4,0.00011,2703.00,47.10
ksa32,6e-05,1043.00,25.60
c5315,0.00998,2302.00,75.00
c1908,0.01965,595.00,57.10
alu4,0.02702,1567.00,38.00
c1908,0.00099,730.00,60.40
alu4,0.00591,2294.00,42.30
alu4,0.006,2312.00,44.70
c7552,0.01228,2412.00,157.20
ksa32,0.0001,1033.00,24.00
ksa32,2e-05,1051.00,26.30
rca32,0.00216,670.00,26.90
c3540,0.04067,1381.00,81.40
mtp8,0.00521,1009.00,61.00
ksa32,6e-05,1032.00,24.00
c7552,0.0004,2567.00,161.00
alu4,0.016,1908.00,42.30
alu4,0.00892,2152.00,40.70
alu4,0.01887,1856.00,44.30
wal8,0.02564,1027.00,68.10
alu4,0.01043,2096.00,43.00
cla32,0.00237,834.00,46.70
c880,0.00469,528.00,38.40
alu4,0.02697,1570.00,39.50
c7552,0.00028,2554.00,160.60
c2670,0,970.00,47.40
c2670,0.0303,899.00,39.80
alu4,0.00863,2188.00,40.60
alu4,0.00415,2386.00,45.00
alu4,0.01748,1849.00,42.10
alu4,0.00348,2453.00,45.90
alu4,0.00417,2389.00,45.00
c5315,0,2392.00,76.30
c3540,0.02755,1483.00,83.20
alu4,0.03127,1503.00,37.00
alu4,0.00392,2399.00,41.30
alu4,0.0005,2675.00,49.50
alu4,0.00275,2482.00,46.00
alu4,0.01541,1930.00,42.50
wal8,0.00965,1048.00,68.20
alu4,0.0017,2561.00,42.50
alu4,0.0287,1539.00,39.70
alu4,0.00026,2683.00,47.10
cla32,0.0002,851.00,46.80
alu4,0.01069,2067.00,42.40
c5315,0.00671,2320.00,75.90
alu4,0.00144,2567.00,42.50
alu4,0.00661,2259.00,43.40
c7552,0.0006,2517.00,155.80
alu4,0.00638,2259.00,43.40
alu4,0.00227,2503.00,45.40
alu4,0.00468,2386.00,47.30
c880,0.00287,540.00,38.50
cla32,7e-05,853.00,47.20
c1908,0.02984,466.00,48.80
alu4,0.01905,1835.00,42.10
ksa32,5e-05,1035.00,24.00
alu4,8e-05,2710.00,47.10
alu4,0.00205,2515.00,47.50
cla32,0.01763,799.00,48.10
c7552,0.00056,2547.00,161.80
alu4,0.00356,2398.00,44.10
cla32,0.03838,782.00,48.10
alu4,0.02717,1666.00,43.50
alu4,0.03378,1460.00,38.00
c7552,4e-05,2646.00,160.80
alu4,0.00539,2338.00,44.20
c1908,0.00125,730.00,60.40
ksa32,5e-05,1030.00,24.00
c880,0.00061,551.00,38.80
alu4,0.01464,1942.00,42.30
cla32,8e-05,875.00,46.80
cla32,0.00103,836.00,46.70
cla32,0.00361,824.00,47.70
alu4,0.00585,2290.00,44.90
c7552,0.00055,2512.00,155.60
c1908,0.01724,610.00,58.00
c7552,0.00027,2579.00,161.00
c7552,0.00041,2575.00,161.00
c7552,0.00029,2573.00,161.00
ksa32,4e-05,1101.00,27.00
alu4,5e-05,2710.00,47.10
c7552,0.00032,2559.00,161.00
cla32,0.03849,784.00,48.10
alu4,0.00067,2653.00,46.20
alu4,0.02993,1600.00,38.70
c2670,0.00545,939.00,46.60
c1908,0.03566,352.00,42.40
c2670,0.02014,914.00,44.90
alu4,0.02775,1578.00,37.50
c7552,0.00027,2592.00,160.60
c3540,0.00625,1557.00,83.50
ksa32,1e-05,1100.00,27.00
alu4,0.00129,2606.00,46.40
alu4,0.00781,2190.00,39.90
alu4,7e-05,2715.00,46.70
alu4,0.00956,2137.00,40.90
c7552,0.00068,2536.00,161.40
alu4,0.00515,2371.00,42.50
ksa32,0.02325,851.00,19.60
c2670,0.00443,944.00,46.50
c3540,0.00436,1565.00,83.50
wal8,0.01532,1039.00,68.20
c880,0.00454,528.00,38.40
c1908,0.0074,696.00,60.40
alu4,0.00746,2230.00,42.60
ksa32,3e-05,1030.00,24.00
c7552,0.02469,2392.00,156.80
alu4,0.00121,2594.00,42.30
wal8,0.00123,1057.00,67.80
c7552,0.00091,2499.00,157.00
alu4,0.01549,1949.00,45.00
alu4,0.01172,2032.00,40.50
alu4,0.01373,1957.00,42.30
alu4,0.00787,2190.00,41.50
wal8,0.01384,1040.00,68.20
c7552,0.00109,2516.00,161.00
c880,0.00476,528.00,38.40
alu4,7e-05,2714.00,46.70
rca32,0.04852,651.00,28.00
c7552,0.00608,2426.00,156.80
cla32,1e-05,890.00,50.20
cla32,1e-05,901.00,53.40
ksa32,3e-05,1034.00,24.00
ksa32,1e-05,1114.00,27.00
alu4,0.0067,2252.00,43.40
alu4,0.02916,1541.00,39.40
alu4,0.00088,2621.00,46.30
alu4,0.00574,2316.00,46.70
alu4,0.00861,2187.00,45.40
alu4,0.00494,2339.00,45.30
alu4,0.00312,2450.00,45.90
ksa32,0.0001,1051.00,26.30
alu4,0.01862,1864.00,44.30
alu4,0.00666,2239.00,43.50
alu4,4e-05,2716.00,46.90
alu4,0.00289,2478.00,45.10
cla32,3e-05,906.00,53.40
alu4,0.00733,2263.00,41.90
alu4,0.00792,2194.00,39.60
c7552,0.00619,2423.00,156.80
rca32,0.00015,677.00,28.50
alu4,4e-05,2711.00,47.10
c7552,0.0003,2567.00,161.40
c7552,0.00213,2463.00,157.00
c1908,0,758.00,60.30
c3540,0.00458,1560.00,83.50
alu4,0.00167,2547.00,45.80
alu4,0.03024,1572.00,38.90
alu4,0.00224,2526.00,46.20
alu4,0.01861,1839.00,41.40
alu4,0.02275,1680.00,37.00
c7552,0.00109,2488.00,160.80
cla32,0.00071,844.00,46.70
c3540,0.04239,1359.00,81.40
alu4,0.00131,2617.00,47.90
cla32,8e-05,869.00,46.80
c5315,0,2392.00,76.30
alu4,0.00082,2650.00,46.40
alu4,0.00272,2502.00,47.50
alu4,0.0037,2412.00,45.10
alu4,6e-05,2718.00,47.20
c7552,0.00046,2529.00,161.00
ksa32,0.0079,977.00,22.80
alu4,0.01277,2011.00,38.70
c1908,0.00951,681.00,60.40
alu4,0.00572,2342.00,42.00
cla32,0.00013,867.00,46.40
alu4,0.00081,2655.00,46.70
c2670,0,963.00,47.40
c1908,0.02932,469.00,49.10
alu4,0.00115,2606.00,48.40
ksa32,6e-05,1052.00,26.30
cla32,5e-05,878.00,46.20
alu4,0.00012,2707.00,49.10
ksa32,3e-05,1034.00,24.00
ksa32,3e-05,1033.00,24.00
c1908,0.03612,352.00,42.40
c2670,0.00011,1002.00,48.30
alu4,0.00448,2384.00,44.00
alu4,0.01006,2118.00,42.60
alu4,0.00669,2242.00,41.90
c880,0.00046,551.00,38.80
alu4,0.02555,1621.00,38.30
alu4,0.00606,2285.00,41.90
alu4,0.03116,1488.00,36.80
alu4,0.00219,2534.00,47.50
alu4,0.00518,2334.00,42.70
cla32,6e-05,874.00,46.40
c7552,0.00028,2561.00,161.40
alu4,0.00237,2490.00,47.50
alu4,0.00539,2325.00,44.10
alu4,0.02519,1638.00,36.50
c5315,0,2380.00,76.30
c3540,0.00063,1584.00,83.80
c880,0.00059,551.00,38.80
c3540,0.00054,1584.00,83.80
c5315,0,2375.00,76.30
c7552,0.00041,2601.00,161.60
alu4,0.00433,2388.00,44.60
alu4,0.007,2234.00,40.40
alu4,0.01589,1910.00,42.40
alu4,0.00521,2354.00,44.10
alu4,0.00585,2308.00,44.70
alu4,0.00397,2392.00,47.50
alu4,6e-05,2709.00,48.40
c3540,0.00484,1562.00,83.50
alu4,0.00046,2674.00,46.90
alu4,0.00109,2593.00,46.00
c7552,0.00036,2572.00,161.40
c1908,0.01886,591.00,58.00
alu4,0.00628,2279.00,44.70
c1908,0.01414,643.00,58.30
c7552,0.00413,2433.00,156.80
alu4,0,2713.00,48.40
alu4,0.0012,2618.00,46.20
alu4,0.00456,2374.00,40.70
c7552,0.00082,2513.00,161.00
alu4,0.00201,2548.00,47.50
c7552,0.00116,2504.00,157.00
alu4,0.01004,2091.00,40.60
alu4,0.01242,2028.00,45.30
cla32,0.00397,825.00,47.70
alu4,0.00065,2662.00,46.90
alu4,0.02229,1684.00,39.90
c1908,0.02957,469.00,49.10
c7552,0.00083,2548.00,160.60
alu4,0.00867,2147.00,43.20
c3540,0.00018,1587.00,83.80
c7552,0.00052,2517.00,155.40
c5315,0,2365.00,76.30
cla32,0.0001,871.00,46.80
wal8,0,1060.00,64.90
alu4,0.00727,2235.00,42.80
wal8,0.00357,1057.00,67.40
c5315,0.01011,2300.00,73.90
alu4,0.04971,1298.00,34.60
alu4,0.03552,1501.00,43.40
alu4,0.0098,2125.00,40.00
alu4,0.01999,1732.00,37.50
alu4,0.003,2472.00,45.50
alu4,0.00794,2199.00,43.20
alu4,0.00792,2189.00,41.30
c2670,0.00884,931.00,46.30
c3540,0.00201,1571.00,82.90
c1908,0.01141,655.00,58.90
ksa32,0.00384,991.00,25.30
alu4,0.01518,1941.00,42.50
alu4,0.00588,2317.00,41.80
c3540,0.04771,1310.00,82.90
c2670,0,1145.00,48.50
ksa32,3e-05,1093.00,27.00
alu4,0.00632,2284.00,40.50
alu4,0.00971,2105.00,42.80
alu4,0.00085,2617.00,46.20
c3540,0.0396,1420.00,85.90
c1908,0.03124,429.00,47.10
c7552,0.00032,2528.00,157.30
cla32,6e-05,870.00,46.80
alu4,0.02041,1791.00,42.70
c5315,0.00115,2354.00,75.90
c880,0.00263,540.00,38.50
alu4,0.00815,2193.00,39.60
alu4,0.00738,2227.00,42.10
alu4,0.01704,1827.00,37.20
alu4,0.01956,1801.00,41.30
c5315,0,2366.00,76.30
alu4,0.01377,1978.00,40.70
alu4,0.00019,2701.00,48.40
cla32,0.00041,848.00,46.70
alu4,0.00464,2366.00,41.10
alu4,6e-05,2717.00,49.00
alu4,0.00588,2303.00,41.70
c1908,0.00243,721.00,60.40
alu4,0.01139,2064.00,39.40
c7552,0.00024,2559.00,161.00
alu4,0.04149,1342.00,36.30
c1908,0.00735,696.00,60.40
c7552,0.00093,2532.00,161.40
alu4,0.00593,2312.00,44.10
c1908,0.03417,395.00,45.10
c1908,0.0247,517.00,53.30
cla32,0.00013,863.00,46.80
alu4,0,2722.00,49.00
c5315,0.00187,2348.00,75.90
c7552,0.00033,2564.00,160.60
ksa32,0.00177,1023.00,24.00
c880,0.0197,513.00,34.50
alu4,0.0019,2548.00,47.60
cla32,0,919.00,56.50
alu4,0.00213,2550.00,45.80
alu4,0.01252,2017.00,45.30
ksa32,8e-05,1058.00,25.60
c2670,0.03177,888.00,39.60
c7552,0.00015,2607.00,160.80
alu4,0.00736,2212.00,40.30
c3540,0.00753,1552.00,83.80
alu4,4e-05,2716.00,49.10
alu4,0.01483,1951.00,45.00
alu4,0.02391,1690.00,43.40
cla32,0.004,820.00,47.70
alu4,0.00791,2188.00,39.90
alu4,0.00525,2347.00,42.00
alu4,0.00013,2707.00,46.90
c7552,0.00069,2522.00,155.40
cla32,5e-05,872.00,52.30
c2670,0.04828,877.00,39.60
cla32,3e-05,876.00,46.10
c7552,0.00064,2508.00,157.00
alu4,0.00154,2587.00,46.30
c1908,0.02141,579.00,58.00
ksa32,0.00381,991.00,25.30
alu4,0.00604,2292.00,44.90
c7552,0.00032,2536.00,155.40
alu4,0.01477,1941.00,45.00
wal8,5e-05,1057.00,64.90
cla32,3e-05,887.00,46.10
alu4,0.02454,1688.00,43.30
alu4,0.01636,1846.00,39.60
alu4,0.0006,2673.00,46.60
ksa32,0.00011,1033.00,24.00
alu4,0.00439,2391.00,44.20
alu4,0.00172,2543.00,42.30
c7552,0.0006,2520.00,161.40
alu4,0.00229,2523.00,47.50
c3540,0.00556,1563.00,83.50
ksa32,6e-05,1035.00,24.00
alu4,0.01193,2019.00,43.50
alu4,0.00462,2368.00,41.00
alu4,0.0076,2204.00,42.20
c1908,0,759.00,60.30
c1908,0.02365,555.00,55.00
c7552,0.00047,2522.00,155.80
c2670,1e-05,966.00,47.40
c7552,0.00032,2572.00,161.40
alu4,0.00254,2490.00,45.10
alu4,0.00613,2282.00,44.70
alu4,0.0359,1427.00,37.50
alu4,0.0239,1724.00,42.40
c3540,0,1600.00,83.40
wal8,0.00767,1056.00,70.30
alu4,0.00342,2433.00,44.90
alu4,0.00926,2128.00,39.80
alu4,0.0294,1531.00,39.30
alu4,0.02646,1583.00,38.00
ksa32,0.01109,953.00,24.50
c7552,0.00063,2543.00,161.40
c1908,0.00126,732.00,60.40
c7552,0.00101,2514.00,160.60
c7552,0.00021,2564.00,161.00
alu4,0.0458,1368.00,39.80
c7552,4e-05,2616.00,161.20
ksa32,4e-05,1036.00,23.20
c3540,0.00024,1587.00,83.80
alu4,0.00183,2553.00,45.80
c880,0.00064,551.00,38.80
alu4,0.01231,2018.00,40.50
alu4,0.00682,2271.00,44.10
alu4,0.01487,1954.00,39.20
c5315,0,2375.00,76.30
alu4,0.03953,1443.00,41.40
c2670,0,974.00,47.40
alu4,0.00172,2566.00,46.20
alu4,0.00498,2325.00,44.70
c3540,0.0343,1441.00,85.90
cla32,0.0001,865.00,46.40
alu4,0.00332,2423.00,47.80
alu4,0.00382,2440.00,45.40
alu4,0.01486,1981.00,45.10
c7552,0.00027,2535.00,160.80
alu4,9e-05,2728.00,49.30
alu4,0.01876,1818.00,41.60
cla32,0,950.00,57.30
c2670,0.02073,917.00,40.90
alu4,0.00719,2247.00,41.20
cla32,0.00033,851.00,47.20
alu4,0.04419,1367.00,39.80
c7552,0.00162,2477.00,157.00
alu4,0.02832,1546.00,39.30
c3540,0.04384,1355.00,82.50
c5315,0,2409.00,76.30
c1908,0.03308,426.00,47.10
c7552,4e-05,2626.00,161.20
alu4,0.00259,2495.00,45.40
c2670,0,968.00,47.40
alu4,0.00131,2593.00,48.40
alu4,0.03635,1485.00,42.60
c7552,0.0008,2511.00,161.40
alu4,0.03562,1483.00,42.60
alu4,0.00599,2276.00,42.20
c7552,0.00093,2508.00,160.80
c7552,0.00369,2438.00,157.00
alu4,0.00563,2310.00,40.70
alu4,0.01737,1879.00,44.30
c1908,0.01982,576.00,58.00
alu4,0.01359,1981.00,40.70
alu4,0.00807,2203.00,40.10
ksa32,3e-05,1097.00,26.60
alu4,0.00402,2416.00,47.80
alu4,0.00056,2643.00,46.00
alu4,0.00122,2606.00,46.10
alu4,0.01645,1930.00,45.10
c7552,0.00059,2514.00,155.60
cla32,0.00079,847.00,46.40
alu4,0.00051,2652.00,46.60
alu4,0.02498,1640.00,36.70
c7552,0.00625,2423.00,156.80
alu4,0.04431,1375.00,39.90
c3540,0.04154,1386.00,82.50
alu4,0.0058,2292.00,40.50
alu4,0.00865,2165.00,45.40
c7552,0.00083,2506.00,160.80
alu4,0.00221,2537.00,47.50
alu4,0.04806,1334.00,39.60
c7552,0.00308,2443.00,157.00
alu4,0.00189,2527.00,48.30
alu4,0.01869,1756.00,37.50
alu4,0,2728.00,48.90
alu4,0.00879,2156.00,43.20
alu4,0.00325,2463.00,45.50
cla32,9e-05,863.00,54.40
alu4,0.00234,2522.00,47.50
c5315,0.01463,2292.00,73.90
c7552,0.00165,2476.00,157.00
alu4,0.04903,1269.00,33.60
rca32,0.00383,664.00,28.00
c1908,0.02078,572.00,55.90
alu4,0.00612,2283.00,42.50
c7552,2e-05,2667.00,161.10
c3540,0.02643,1495.00,82.80
c7552,0.00085,2493.00,157.00
cla32,0.00227,832.00,47.70
c7552,0.00025,2602.00,162.00
c1908,9e-05,746.00,60.40
alu4,0.00398,2428.00,45.60
mtp8,0.02922,1006.00,61.00
alu4,0.00792,2191.00,41.60
alu4,0.00977,2154.00,45.20
cla32,0.00626,815.00,47.70
alu4,0.00152,2582.00,42.90
ksa32,2e-05,1031.00,27.50
c880,0.01363,519.00,34.40
alu4,0.00229,2524.00,45.40
alu4,0.00457,2384.00,46.20
c7552,0.00172,2483.00,157.00
ksa32,6e-05,1073.00,26.50
ksa32,8e-05,1036.00,23.20
c5315,0.00812,2313.00,75.90
alu4,0.00611,2314.00,40.70
mtp8,0,1036.00,62.40
c2670,0.00107,960.00,46.80
c1908,0.03748,279.00,23.80
alu4,0.02191,1710.00,37.40
c7552,0.00037,2534.00,155.40
c7552,0.00105,2532.00,160.60
alu4,0.01479,1958.00,39.20
alu4,0.01274,2009.00,45.20
alu4,0.00946,2172.00,45.20
alu4,0.00674,2253.00,43.80
alu4,0.04862,1340.00,39.60
alu4,0.00092,2644.00,46.40
alu4,0.00444,2383.00,45.80
ksa32,6e-05,1033.00,24.00
c1908,0.00012,746.00,60.40
alu4,0.00871,2187.00,39.60
alu4,0.00057,2667.00,46.60
alu4,0.00138,2571.00,46.00
alu4,0.02391,1714.00,42.40
alu4,0.00394,2391.00,42.50
ksa32,4e-05,1080.00,26.30
alu4,0.00989,2122.00,40.50
c1908,0.03843,279.00,23.80
alu4,0.01199,2030.00,45.30
alu4,0.00663,2241.00,40.40
c7552,9e-05,2622.00,160.80
ksa32,6e-05,1030.00,24.00
alu4,9e-05,2720.00,46.70
alu4,0.03321,1473.00,38.00
alu4,0.00529,2315.00,43.00
alu4,0.00374,2417.00,41.40
c1908,0.02197,556.00,55.90
mtp8,0.00389,1014.00,61.00
alu4,0.02101,1703.00,40.20
alu4,0.00719,2241.00,42.60
alu4,0.00077,2620.00,46.60
c1908,0.00127,732.00,60.40
alu4,0.00579,2295.00,40.50
alu4,0.00443,2373.00,44.90
alu4,0.00836,2168.00,41.20
alu4,0.01089,2041.00,42.00
alu4,0.01076,2080.00,42.10
alu4,0.00492,2354.00,44.10
alu4,0.0067,2253.00,40.10
alu4,0.01471,1973.00,45.30
alu4,0.00111,2613.00,46.20
mtp8,0,1031.00,61.20
alu4,0.00226,2509.00,48.30
alu4,0.0016,2564.00,45.40
c7552,0.00097,2514.00,160.60
alu4,0.01953,1836.00,42.10
alu4,0.00691,2228.00,43.20
alu4,0.00037,2664.00,47.10
wal8,8e-05,1057.00,64.90
alu4,0.00444,2380.00,41.10
ksa32,0,1085.00,27.30
alu4,0.00283,2486.00,47.10
c1908,0.02992,442.00,52.60
c3540,0,1598.00,83.40
alu4,0.00635,2297.00,41.70
alu4,0.02757,1582.00,39.50
alu4,0.00448,2347.00,45.30
c7552,0.00057,2509.00,157.00
c880,0.00079,551.00,38.80
alu4,0.00024,2678.00,46.60
cla32,0.00013,860.00,47.20
c5315,0.00391,2337.00,75.90
alu4,0.02919,1615.00,38.90
c880,0.0139,519.00,34.40
alu4,0.00402,2417.00,44.10
ksa32,0.00178,1023.00,24.00
c7552,0.00057,2542.00,161.40
cla32,2e-05,895.00,50.60
alu4,0.0032,2441.00,41.70
c7552,0.0002,2581.00,161.00
c7552,0.00054,2522.00,155.80
alu4,0.02977,1596.00,38.70
alu4,0.0082,2175.00,40.70
alu4,0.0037,2417.00,45.10
c880,0.00053,551.00,38.80
c7552,0.00097,2513.00,155.80
alu4,0.00068,2642.00,46.40
c2670,0.03282,891.00,39.60
ksa32,2e-05,1109.00,27.00
alu4,0.01836,1841.00,41.40
wal8,0.00316,1056.00,67.40
c5315,0,2383.00,75.90
c7552,0.00034,2569.00,161.80
alu4,0.0025,2494.00,47.50
ksa32,0.00064,1029.00,24.00
alu4,7e-05,2717.00,46.80
alu4,0.00406,2378.00,47.30
alu4,0.00278,2484.00,45.10
alu4,0.00828,2185.00,41.30
alu4,0.00964,2143.00,40.00
alu4,0.00218,2534.00,46.00
c5315,0,2365.00,75.90
c1908,0.03068,431.00,53.50
c2670,0.00128,960.00,46.80
alu4,0.00608,2275.00,47.30
c5315,0.00737,2317.00,75.90
alu4,0.0015,2571.00,46.30
c3540,6e-05,1589.00,83.20
alu4,0.00653,2261.00,40.80
ksa32,3e-05,1073.00,26.30
alu4,0.00434,2394.00,40.90
alu4,0.00067,2655.00,46.60
c2670,0.00644,939.00,46.60
c7552,0.00034,2575.00,160.60
alu4,0.00018,2697.00,46.90
alu4,0.00209,2544.00,45.80
c7552,0.00084,2504.00,157.00
alu4,0.00871,2182.00,41.00
alu4,0.01798,1870.00,41.40
c5315,0.00597,2320.00,75.90
alu4,0.00615,2281.00,41.90
c880,0.00061,551.00,38.80
ksa32,3e-05,1086.00,26.30
c5315,0.04611,2283.00,73.90
alu4,0.00464,2363.00,47.10
alu4,0.00683,2262.00,41.90
alu4,0.03861,1436.00,41.00
alu4,0.005,2355.00,42.70
ksa32,0.01013,964.00,22.80
alu4,0,2722.00,49.30
alu4,0.00699,2247.00,42.10
alu4,0.00161,2564.00,47.40
c2670,1e-05,972.00,47.40
alu4,0.04321,1391.00,40.10
cla32,0.00149,836.00,46.70
alu4,0.01558,1933.00,40.90
alu4,0.02479,1631.00,40.80
alu4,0.01215,2030.00,44.90
alu4,0.00013,2709.00,46.70
alu4,0.00528,2343.00,44.10
c1908,0.02733,484.00,49.50
c1908,0.01036,667.00,60.60
alu4,0.00774,2215.00,45.40
c1908,0.01898,591.00,58.00
c3540,0.02638,1498.00,82.80
ksa32,0.01087,960.00,24.50
c1908,0,756.00,60.30
c7552,0.00104,2498.00,160.80
cla32,0,895.00,50.60
alu4,0.02731,1566.00,38.00
ksa32,2e-05,1086.00,26.60
c7552,7e-05,2610.00,160.80
mtp8,0.00369,1022.00,61.00
cla32,0.00208,843.00,46.70
wal8,0.03971,1022.00,68.10
c7552,0.00037,2574.00,161.00
c1908,0.02865,477.00,49.40
alu4,0.00593,2268.00,44.60
alu4,0.0234,1701.00,43.20
c7552,0.00037,2537.00,161.40
c3540,9e-05,1587.00,83.80
c1908,0.02736,503.00,50.00
alu4,0.01998,1742.00,37.30
c2670,0,978.00,47.70
c7552,0.00207,2463.00,157.00
c1908,0.01241,655.00,58.90
ksa32,2e-05,1081.00,28.40
alu4,0.00066,2660.00,46.60
c1908,0.13269,679.00,60.40
c3540,0.00025,1588.00,83.80
c3540,0.04851,1304.00,82.50
rca32,0.00013,677.00,28.50
c3540,0.00241,1571.00,82.90
c7552,0.00046,2550.00,161.80
alu4,0.03293,1483.00,38.10
c2670,1e-05,968.00,47.40
alu4,0.00698,2242.00,43.50
ksa32,0.02983,851.00,19.00
c5315,0,2398.00,76.30
cla32,0.00024,855.00,46.70
alu4,0.02666,1579.00,39.50
c7552,0.00124,2502.00,157.00
alu4,0.00614,2263.00,42.50
rca32,0.00206,670.00,26.90
alu4,0.00533,2333.00,42.20
alu4,0.02986,1524.00,42.20
alu4,0.0088,2155.00,40.60
c5315,0.04866,2247.00,73.90
alu4,0.02245,1707.00,44.40
c5315,0.00435,2337.00,75.90
alu4,0.02715,1659.00,43.30
c5315,0,2365.00,77.30
c3540,0.00469,1566.00,83.50
alu4,0.03993,1358.00,36.30
c3540,0.00985,1550.00,83.50
cla32,0.003,827.00,47.70
rca32,0.00365,664.00,28.00
c7552,0.0012,2486.00,157.00
alu4,0.01591,1945.00,45.00
ksa32,7e-05,1030.00,24.00
alu4,0.04848,1271.00,33.90
alu4,0.02485,1707.00,42.80
cla32,0.00011,851.00,52.30
alu4,0.03091,1558.00,38.80
alu4,0.00135,2593.00,47.50
cla32,0.00046,846.00,46.70
c5315,0,2387.00,74.90
cla32,1e-05,907.00,56.50
c7552,0.00771,2425.00,157.20
c880,0.00065,551.00,38.80
alu4,0.00704,2248.00,43.50
cla32,1e-05,891.00,53.40
mtp8,0.03617,998.00,61.00
c1908,0.02796,492.00,49.60
alu4,0.00646,2261.00,41.50
alu4,0.00589,2313.00,44.70
ksa32,3e-05,1033.00,24.00
alu4,0.00349,2430.00,44.40
alu4,0.00713,2220.00,40.50
ksa32,8e-05,1034.00,23.20
alu4,0,2720.00,47.20
alu4,0.00478,2346.00,40.80
alu4,0.00705,2247.00,40.40
alu4,0.01914,1777.00,41.00
alu4,0.04351,1315.00,34.90
c7552,0.00025,2603.00,161.60
cla32,1e-05,909.00,56.50
c7552,0.00031,2562.00,160.60
alu4,0.00616,2267.00,43.90
alu4,0.00492,2357.00,42.50
c2670,0,985.00,48.10
alu4,0.02182,1764.00,44.30
wal8,9e-05,1057.00,64.90
alu4,0.00269,2482.00,47.50
alu4,0.01444,1945.00,42.30
alu4,0.00417,2384.00,42.50
c5315,0,2369.00,75.90
c5315,0.01072,2300.00,73.90
c7552,0.00128,2484.00,157.00
c1908,0.0355,387.00,45.10
alu4,0.00455,2369.00,45.10
alu4,0.00025,2687.00,46.90
cla32,6e-05,860.00,54.00
alu4,0.00243,2494.00,48.00
alu4,0.001,2598.00,46.00
c7552,0.00071,2535.00,161.40
alu4,0.00792,2235.00,45.40
alu4,0.00417,2381.00,41.00
alu4,0.0277,1583.00,37.50
c1908,0.02904,447.00,48.20
c1908,0.00118,730.00,60.40
mtp8,0.004,1014.00,61.00
alu4,0.00618,2263.00,44.80
alu4,0.00384,2388.00,40.90
alu4,0.00013,2707.00,46.90
c2670,0.0012,960.00,46.80
alu4,0.00613,2289.00,43.90
alu4,0.02643,1604.00,37.40
alu4,0.00162,2568.00,47.50
c1908,0.02326,540.00,55.00
alu4,0.00431,2390.00,47.30
alu4,0.00094,2636.00,46.80
c3540,0.04649,1325.00,82.50
alu4,0.0393,1382.00,36.60
c1908,0.02638,500.00,49.60
ksa32,0.0001,1032.00,24.00
alu4,0.00072,2662.00,46.60
alu4,0.00038,2674.00,46.60
alu4,0.00072,2647.00,46.50
c1908,0.00716,696.00,60.40
alu4,0.0016,2548.00,42.30
ksa32,0.00605,982.00,22.80
alu4,0.00448,2363.00,41.10
alu4,0.00378,2419.00,47.80
c7552,4e-05,2667.00,161.10
alu4,0.00468,2376.00,44.20
alu4,0.00112,2609.00,48.40
alu4,0.00554,2320.00,41.20
wal8,0.00579,1056.00,70.30
alu4,0.02094,1785.00,42.50
c2670,0,966.00,47.40
alu4,0.00682,2238.00,43.20
alu4,0.00446,2362.00,47.30
c1908,0.0286,477.00,49.40
alu4,0.00467,2338.00,46.80
ksa32,0.00011,1032.00,24.00
c7552,8e-05,2601.00,160.80
ksa32,0.00828,973.00,22.80
alu4,0.01558,1915.00,42.50
alu4,0.00111,2608.00,46.10
c1908,0.02747,489.00,51.70
c2670,7e-05,1014.00,48.30
ksa32,4e-05,1111.00,27.30
alu4,0.01063,2117.00,39.60
alu4,6e-05,2709.00,46.90
c2670,0,974.00,47.40
c7552,0.00105,2506.00,161.40
alu4,0.01271,2009.00,40.50
cla32,0.02439,796.00,48.10
c1908,0.03391,403.00,46.30
c7552,0.00096,2506.00,157.00
alu4,0.02423,1632.00,38.30
c2670,2e-05,1080.00,48.50
alu4,0.00463,2363.00,45.10
alu4,0.00743,2213.00,40.30
alu4,0.00562,2297.00,44.10
wal8,0.02286,1029.00,68.20
alu4,0.00821,2157.00,43.20
ksa32,1e-05,1110.00,27.00
alu4,0.03367,1454.00,38.00
c1908,0.02029,576.00,58.00
wal8,0.01267,1040.00,68.20
alu4,0.00627,2309.00,41.00
alu4,0.03885,1460.00,39.60
c1908,0,751.00,60.40
alu4,0.002,2546.00,45.40
alu4,0.00887,2177.00,45.40
c5315,0.01444,2289.00,73.90
alu4,0.00092,2648.00,46.80
alu4,0.00886,2151.00,40.50
alu4,0.03314,1518.00,38.00
alu4,0.03408,1447.00,38.00
alu4,0.04071,1352.00,36.30
alu4,0.02163,1759.00,43.30
c2670,0.00135,960.00,46.80
alu4,0.02461,1614.00,38.00
cla32,0.00409,819.00,47.70
ksa32,8e-05,1032.00,24.00
alu4,0.01686,1813.00,37.20
alu4,0.00509,2336.00,44.90
alu4,0.00101,2614.00,48.50
c7552,4e-05,2618.00,160.80
c1908,0.01304,643.00,58.30
wal8,0.00936,1048.00,68.20
ksa32,1e-05,1106.00,30.70
c1908,0.03071,429.00,47.10
c5315,0.00403,2337.00,75.90
cla32,0.0006,842.00,46.70
alu4,0.00534,2331.00,46.80
alu4,0.00039,2664.00,46.20
ksa32,5e-05,1030.00,24.00
c7552,0.00091,2509.00,161.40
c7552,0.0021,2463.00,157.00
c7552,0.00038,2557.00,161.40
alu4,0.00717,2222.00,40.40
c2670,2e-05,970.00,47.40
c1908,0.02827,472.00,47.20
cla32,0.03829,787.00,52.00
alu4,0.00088,2623.00,46.40
c5315,0,2394.00,76.30
c3540,0,1597.00,83.40
alu4,0.01446,1983.00,40.70
alu4,0.02409,1686.00,43.30
alu4,0.01061,2080.00,42.10
c5315,0.00209,2348.00,75.90
alu4,0.00054,2675.00,46.90
alu4,0.00946,2114.00,43.00
alu4,0.00149,2579.00,46.20
c5315,0,2401.00,76.30
c7552,0.00033,2567.00,161.40
alu4,0.00325,2414.00,43.20
rca32,0.00209,670.00,26.90
alu4,0.02325,1729.00,44.60
c1908,0.02164,559.00,57.10
c2670,0,963.00,47.40
c1908,0.02388,539.00,56.00
c7552,0.00042,2532.00,161.40
alu4,0.02495,1604.00,38.30
alu4,0.03013,1514.00,38.90
c3540,0.02746,1483.00,82.80
c2670,0,985.00,48.10
alu4,0.01023,2100.00,41.30
alu4,0.02406,1694.00,43.20
c7552,0.00036,2571.00,161.40
c5315,0.01944,2277.00,73.90
alu4,0.02079,1705.00,37.10
c5315,0,2389.00,76.30
c2670,7e-05,1002.00,48.30
ksa32,9e-05,1036.00,23.20
c3540,0.02519,1504.00,82.10
alu4,0.00079,2654.00,46.80
alu4,0.00818,2124.00,42.40
alu4,0.02431,1623.00,38.30
alu4,0.01718,1802.00,39.00
alu4,0.00012,2707.00,46.90
c880,0.00075,551.00,38.80
alu4,0.00318,2468.00,45.70
ksa32,1e-05,1103.00,27.00
alu4,0,2733.00,49.00
ksa32,4e-05,1092.00,27.30
mtp8,0,1055.00,62.80
c3540,0,1600.00,83.40
alu4,0.00185,2551.00,47.60
alu4,0.02786,1570.00,39.70
alu4,0.00157,2559.00,46.00
alu4,4e-05,2716.00,47.20
c1908,0.02433,524.00,53.70
alu4,0.00286,2474.00,45.10
alu4,0.02281,1746.00,42.50
alu4,0.00698,2238.00,41.20
alu4,0.00576,2296.00,44.90
alu4,0.00035,2680.00,46.70
c7552,0.00065,2523.00,161.40
c7552,0.00125,2498.00,157.00
alu4,1e-05,2713.00,47.10
c7552,0.00014,2601.00,160.80
c2670,0,963.00,47.40
alu4,0.01744,1870.00,42.30
alu4,0.01442,1965.00,41.10
alu4,0.00453,2399.00,44.90
alu4,0.03329,1546.00,38.30
c7552,0.00115,2488.00,160.80
c7552,0.00022,2542.00,161.40
c7552,6e-05,2647.00,161.10
alu4,0.00873,2192.00,40.90
alu4,0.00074,2657.00,46.60
alu4,0.03902,1453.00,41.40
alu4,0.00256,2510.00,47.50
alu4,0.00052,2661.00,46.60
c2670,0.00746,938.00,43.00
c1908,0.00409,713.00,60.40
alu4,0.00288,2486.00,46.00
c5315,0,2396.00,76.30
alu4,0.00423,2376.00,41.00
c5315,0.00614,2320.00,75.90
wal8,0.00549,1056.00,70.30
ksa32,9e-05,1085.00,28.70
wal8,0,1063.00,64.90
c7552,0.00011,2610.00,161.20
cla32,4e-05,875.00,50.10
c7552,0.00081,2543.00,160.60
cla32,0.00013,850.00,46.70
c2670,2e-05,968.00,47.40
c880,0.00013,578.00,38.80
c5315,0,2373.00,76.30
c7552,0.00047,2547.00,161.40
alu4,0.00246,2513.00,48.30
alu4,0.00679,2313.00,41.80
alu4,0.00302,2456.00,45.90
c2670,1e-05,974.00,47.40
ksa32,0.00219,1023.00,24.30
alu4,0.00729,2215.00,43.30
alu4,0.01118,2062.00,43.20
cla32,7e-05,903.00,53.40
alu4,0.02005,1801.00,44.30
c7552,0.04639,2297.00,154.60
c7552,0.00012,2616.00,160.80
c2670,0.00418,953.00,43.30
alu4,0.03422,1516.00,37.70
c1908,0.02205,559.00,57.10
cla32,5e-05,898.00,56.30
alu4,0.01293,2010.00,45.20
alu4,0.00316,2446.00,41.70
c1908,0.00225,722.00,60.40
alu4,0.00753,2220.00,43.00
alu4,0.02535,1620.00,36.30
alu4,0.00643,2245.00,43.40
alu4,0.00891,2158.00,40.70
alu4,0.0164,1921.00,42.50
c3540,0.00524,1562.00,83.50
alu4,0.00306,2459.00,42.00
cla32,9e-05,864.00,46.30
alu4,0.0005,2662.00,46.60
wal8,0.03682,1024.00,68.10
c5315,0.00803,2307.00,75.00
alu4,0.01056,2090.00,42.80
c5315,0.00277,2345.00,75.90
alu4,0.01768,1846.00,41.60
c1908,0.01813,608.00,57.10
alu4,0.01667,1892.00,42.50
c3540,0,1594.00,83.20
c7552,0.00095,2535.00,161.00
c5315,0,2369.00,74.90
alu4,0.00068,2648.00,46.40
alu4,0.00022,2697.00,46.90
c1908,0.00492,699.00,60.60
alu4,0.02544,1687.00,43.30
alu4,0.00313,2462.00,45.50
alu4,0.0013,2592.00,46.30
ksa32,2e-05,1030.00,24.00
alu4,0.01215,2033.00,43.50
alu4,0.0217,1698.00,40.20
alu4,0.0083,2189.00,45.40
alu4,0.02099,1782.00,42.60
ksa32,0.02171,874.00,21.20
c7552,0.00046,2527.00,161.40
alu4,0.03147,1510.00,37.90
rca32,0.00222,670.00,26.90
c3540,0.00072,1582.00,83.80
ksa32,0.00446,990.00,22.80
cla32,3e-05,885.00,53.40
alu4,0.01038,2091.00,40.60
alu4,0.02156,1694.00,40.20
ksa32,0.00901,969.00,24.50
ksa32,0.01937,895.00,24.50
alu4,0.02561,1635.00,36.70
alu4,0.01574,1892.00,39.90
alu4,0.00488,2320.00,43.00
alu4,0.01852,1796.00,42.70
alu4,0.00671,2268.00,41.70
alu4,0.04967,1275.00,36.90
c1908,0.02971,465.00,48.80
alu4,0.00701,2250.00,42.70
c1908,0.00122,732.00,60.40
alu4,0.01894,1845.00,44.30
alu4,0.01432,1969.00,41.20
alu4,0.01174,2069.00,41.90
alu4,0.01168,2026.00,40.50
alu4,0.02549,1662.00,36.90
alu4,0.00418,2383.00,46.90
c7552,0.00028,2544.00,161.00
c7552,0.00043,2533.00,157.00
cla32,0.00599,821.00,48.10
c7552,0.0001,2605.00,161.20
cla32,0,919.00,56.50
alu4,0.01719,1881.00,42.50
alu4,0.00915,2146.00,40.50
c5315,0,2372.00,74.90
alu4,0.00959,2132.00,42.90
c7552,0.00434,2433.00,156.80
c7552,0.00099,2508.00,161.00
alu4,0.00119,2613.00,46.10
alu4,0.01868,1758.00,39.70
alu4,0.00185,2556.00,45.80
c1908,0.03731,279.00,23.80
alu4,0.00187,2546.00,45.80
alu4,0.00011,2711.00,48.90
alu4,0.03845,1395.00,36.90
c7552,0.04782,2331.00,154.60
c5315,0.01076,2300.00,75.00
alu4,0.01917,1744.00,37.50
ksa32,5e-05,1030.00,24.00
wal8,0.00559,1057.00,70.30
alu4,0.00073,2658.00,49.10
alu4,0.01349,1999.00,45.50
alu4,0.04069,1363.00,36.50
alu4,0.00186,2552.00,42.30
c2670,0.00882,931.00,46.30
ksa32,4e-05,1060.00,26.30
c1908,0.00124,730.00,60.40
wal8,0,1062.00,64.90
c5315,0.00648,2320.00,75.90
c2670,0.02417,914.00,40.60
alu4,0.03591,1441.00,38.00
alu4,0.0041,2403.00,45.10
mtp8,0.00506,1009.00,61.00
alu4,0.00178,2577.00,46.20
c5315,0.02572,2271.00,73.30
alu4,0.00157,2574.00,45.30
mtp8,0,1059.00,63.10
c1908,0.01012,668.00,60.90
c7552,0.00801,2416.00,156.80
alu4,0.00531,2376.00,42.50
alu4,0.00102,2603.00,46.20
alu4,0.04558,1361.00,39.60
c3540,0.02889,1480.00,83.20
c3540,0.00022,1587.00,83.80
alu4,0.0017,2577.00,42.90
alu4,0.00159,2577.00,47.50
alu4,0.01548,1944.00,41.00
alu4,0.00016,2702.00,46.90
c5315,0.00659,2320.00,75.90
alu4,0.00143,2594.00,45.70
alu4,0.00402,2376.00,47.30
c1908,0.01914,587.00,56.80
c7552,0.00086,2500.00,160.80
alu4,0.00744,2238.00,45.40
alu4,0.00242,2504.00,46.20
c5315,0.00085,2354.00,75.90
ksa32,4e-05,1034.00,23.20
c2670,0,966.00,47.40
c2670,0.00104,960.00,46.80
c7552,0.00121,2504.00,161.40
c880,0.02008,513.00,34.50
c3540,0.04475,1349.00,82.50
alu4,0.00121,2601.00,45.90
alu4,3e-05,2720.00,48.90
alu4,0.00362,2439.00,41.70
c7552,0.00011,2601.00,160.80
alu4,0.03273,1479.00,38.10
ksa32,0,1030.00,24.00
alu4,0.0061,2335.00,44.50
alu4,0.00552,2340.00,44.30
c5315,0,2419.00,76.30
ksa32,4e-05,1050.00,25.60
alu4,0.03497,1434.00,37.80
alu4,0.00596,2282.00,44.70
c1908,0.02532,520.00,54.90
alu4,0.00389,2399.00,44.10
alu4,0.02838,1558.00,39.00
alu4,0,2718.00,47.10
alu4,0.00458,2372.00,44.20
cla32,0.02376,796.00,48.10
c1908,0.00056,738.00,60.40
c5315,0.04672,2259.00,73.90
alu4,0.00083,2629.00,46.40
cla32,0.00408,828.00,47.70
alu4,0.00223,2520.00,48.30
alu4,0.0094,2145.00,41.00
c1908,0.01541,625.00,58.50
c7552,0.00039,2560.00,161.80
alu4,0.00958,2119.00,48.20
alu4,0.003,2477.00,45.70
alu4,0.00442,2397.00,44.20
alu4,0.00025,2684.00,46.60
c5315,0.00606,2320.00,75.90
alu4,0.00136,2584.00,45.50
alu4,0.02396,1685.00,43.30
alu4,0.00134,2589.00,46.30
alu4,0.00416,2375.00,41.10
alu4,0.00027,2694.00,46.90
c7552,0.04959,2294.00,154.50
alu4,0.00504,2373.00,44.30
c3540,0.00092,1582.00,83.80
c3540,0.02339,1503.00,82.80
alu4,0.0144,1972.00,45.30
c7552,8e-05,2618.00,161.20
c7552,0.00106,2508.00,161.00
mtp8,0,1047.00,62.40
c1908,0.02441,516.00,54.90
alu4,0.008,2203.00,40.00
alu4,0,2718.00,47.10
ksa32,0.00226,1023.00,24.00
cla32,0.00031,854.00,47.20
alu4,0.00669,2262.00,40.80
mtp8,0.02342,1007.00,61.00
alu4,0.00404,2416.00,47.40
c2670,0.03996,884.00,39.60
c7552,0.00318,2443.00,157.00
alu4,0.00504,2375.00,45.20
ksa32,0.01813,895.00,24.50
alu4,0.00743,2244.00,44.50
alu4,0.00422,2398.00,44.20
c2670,0,978.00,47.70
ksa32,4e-05,1030.00,24.00
alu4,0.02837,1528.00,39.00
alu4,0.03602,1490.00,43.00
alu4,0.00539,2321.00,47.00
c2670,1e-05,966.00,47.40
alu4,0.04871,1287.00,37.40
alu4,0.02957,1518.00,38.90
alu4,0.01575,1895.00,42.80
c7552,0.00065,2515.00,161.40
alu4,0.01033,2122.00,39.60
alu4,0.00239,2517.00,47.50
ksa32,6e-05,1033.00,24.00
c5315,0.00619,2320.00,75.90
c7552,0.00079,2536.00,160.60
c7552,0.00018,2589.00,160.80
c2670,0.0042,949.00,46.80
cla32,0,908.00,50.00
alu4,0.00644,2293.00,40.70
c3540,0.00895,1552.00,83.50
cla32,1e-05,902.00,50.20
alu4,0.00023,2680.00,46.60
alu4,0.02767,1549.00,39.70
c2670,2e-05,968.00,47.40
c5315,0,2374.00,74.90
c5315,0.00437,2337.00,75.90
alu4,0.00237,2522.00,45.40
c2670,3e-05,968.00,47.40
ksa32,6e-05,1049.00,29.30
alu4,0.02924,1542.00,39.30
c5315,0.00742,2313.00,75.90
c7552,0.00442,2433.00,156.80
rca32,0.00221,670.00,26.90
c7552,0.00039,2538.00,161.40
alu4,0.01332,1969.00,42.90
c1908,0.03673,284.00,23.70
c880,0.00057,551.00,38.80
ksa32,0,1116.00,27.00
c7552,0.00045,2516.00,155.40
c3540,0.0333,1453.00,83.20
c7552,0.00074,2510.00,155.40
c7552,8e-05,2599.00,161.20
alu4,0.02228,1739.00,42.70
alu4,2e-05,2722.00,49.00
cla32,9e-05,874.00,50.80
alu4,0.0076,2230.00,45.40
alu4,0.00017,2690.00,47.10
alu4,0.00448,2378.00,41.10
c7552,0.00448,2433.00,156.80
alu4,0.01615,1938.00,45.00
c5315,0.00203,2348.00,75.90
c7552,0.00057,2525.00,161.40
c1908,0.03538,371.00,45.90
ksa32,4e-05,1034.00,24.00
cla32,0.0001,870.00,54.00
ksa32,3e-05,1057.00,26.30
c7552,0.00035,2583.00,161.40
c3540,0.03413,1457.00,83.20
alu4,0.01898,1746.00,38.00
c3540,0.00363,1564.00,82.90
c7552,0.00038,2555.00,161.40
c1908,0.00124,732.00,60.40
cla32,0,890.00,56.30
alu4,6e-05,2714.00,46.90
c3540,0.02301,1506.00,82.80
c5315,0,2368.00,75.90
alu4,0.01828,1815.00,42.30
c1908,0.03285,421.00,46.90
wal8,0.02995,1025.00,68.10
alu4,0.02218,1699.00,40.20
c2670,1e-05,978.00,47.70
wal8,0,1065.00,65.40
alu4,0.00218,2530.00,46.00
cla32,0.00574,833.00,47.70
c7552,0.00247,2458.00,157.00
alu4,0.01169,2069.00,39.20
c1908,0,759.00,60.40
c5315,0.01543,2284.00,73.90
alu4,0.01586,1921.00,44.60
alu4,0.0005,2667.00,47.10
alu4,0.01153,2077.00,39.30
alu4,0.02676,1645.00,42.90
wal8,0.00361,1057.00,67.40
ksa32,0.01488,938.00,24.50
alu4,0.0026,2500.00,47.50
mtp8,0,1051.00,62.40
alu4,0.01769,1786.00,39.20
c1908,0.00903,682.00,60.60
c1908,0.12495,735.00,60.40
alu4,0.02888,1540.00,39.40
c7552,0.00014,2586.00,161.20
c5315,0,2408.00,76.30
c7552,0.00044,2574.00,161.40
alu4,0.00235,2510.00,46.00
ksa32,0.00254,1023.00,24.00
alu4,0.00551,2311.00,43.00
c3540,0.03934,1417.00,83.20
ksa32,0.01735,904.00,24.50
c3540,5e-05,1589.00,83.20
ksa32,2e-05,1099.00,27.00
c1908,0.02444,517.00,53.30
alu4,0.00197,2535.00,47.60
alu4,0.0057,2303.00,44.10
ksa32,6e-05,1035.00,24.00
alu4,0.00126,2587.00,42.50
ksa32,2e-05,1097.00,26.60
alu4,0.00581,2319.00,44.10
c7552,3e-05,2649.00,160.80
alu4,0.00209,2533.00,45.20
alu4,0.0006,2667.00,46.40
alu4,0.0081,2209.00,43.00
wal8,6e-05,1057.00,64.90
alu4,0.01981,1739.00,37.50
alu4,0.00939,2109.00,48.20
alu4,0.0174,1808.00,39.00
c1908,0.02147,563.00,57.10
alu4,0.01216,2024.00,43.50
alu4,0.0003,2687.00,46.90
cla32,0.00077,845.00,46.70
alu4,0.00498,2355.00,40.90
alu4,0.04044,1366.00,36.50
alu4,0.00501,2347.00,42.70
alu4,0.01953,1760.00,39.70
alu4,0.00153,2601.00,46.00
ksa32,0.01418,943.00,24.50
alu4,0.01136,2089.00,42.50
alu4,0.02074,1786.00,42.70
alu4,0.0015,2575.00,48.40
alu4,0.01306,1983.00,43.20
cla32,4e-05,865.00,46.40
ksa32,0.0001,1035.00,24.00
alu4,0.01507,1958.00,43.20
alu4,0.00819,2217.00,45.40
c1908,0.00048,743.00,60.40
c2670,0,974.00,47.40
alu4,0.00686,2284.00,40.70
c1908,8e-05,746.00,60.40
alu4,0.04899,1269.00,33.80
c5315,0,2388.00,76.30
cla32,0.00996,807.00,48.10
wal8,0.00111,1057.00,67.80
alu4,0.01902,1846.00,41.60
alu4,0.0018,2562.00,46.00
c7552,0.00015,2610.00,160.80
alu4,0.02712,1643.00,42.70
alu4,0.01869,1766.00,37.50
c5315,0.00616,2320.00,75.90
ksa32,0.02338,851.00,19.60
c7552,0.00025,2582.00,161.00
alu4,0.00249,2517.00,47.50
alu4,0.00814,2168.00,40.20
c5315,0,2375.00,75.90
c3540,0,1592.00,83.20
c1908,0.01207,651.00,59.10
alu4,0.00515,2341.00,45.30
ksa32,0.02141,874.00,21.20
c7552,8e-05,2589.00,161.20
alu4,0.00056,2663.00,47.00
c7552,0.00174,2477.00,157.00
alu4,0.00348,2431.00,44.90
c7552,0.00337,2443.00,157.00
alu4,0.00284,2476.00,45.50
c5315,0.00857,2307.00,75.00
c5315,0,2379.00,74.90
alu4,0.01706,1881.00,42.70
c7552,0.0004,2554.00,161.00
alu4,0.02666,1663.00,43.30
alu4,0.00301,2470.00,45.10
alu4,0,2718.00,49.10
alu4,0.00471,2363.00,42.50
alu4,0.0302,1599.00,38.70
cla32,5e-05,887.00,45.50
c7552,0.00058,2523.00,161.40
wal8,0.0014,1057.00,67.80
alu4,0.0056,2290.00,46.90
alu4,8e-05,2708.00,47.10
c5315,0,2370.00,74.90
cla32,1e-05,902.00,50.20
alu4,0.00011,2709.00,49.10
alu4,0.00584,2296.00,40.70
alu4,0.00799,2195.00,43.00
alu4,0.0084,2212.00,42.30
alu4,0.00922,2096.00,43.30
c3540,0.02743,1488.00,82.80
alu4,0.00211,2533.00,47.30
alu4,0.00314,2448.00,45.20
alu4,0.00933,2122.00,42.40
alu4,0.03655,1428.00,37.60
alu4,0.02,1722.00,39.30
alu4,0.01494,1928.00,42.50
c3540,0.02776,1485.00,83.20
alu4,0.00207,2560.00,47.50
alu4,0.00054,2635.00,48.60
ksa32,8e-05,1051.00,25.60
alu4,0.0036,2423.00,49.50
c1908,0.00015,746.00,60.40
ksa32,2e-05,1045.00,25.60
c1908,0.03734,279.00,23.80
wal8,0,1069.00,65.40
alu4,0.00859,2179.00,41.10
alu4,0.02698,1574.00,38.20
c7552,0.00052,2560.00,160.60
alu4,0.00905,2146.00,40.50
alu4,0.01653,1861.00,39.90
c5315,0,2369.00,76.30
alu4,0.01926,1828.00,44.30
ksa32,2e-05,1049.00,29.30
c880,0.04205,493.00,33.50
alu4,0.00983,2122.00,42.40
c1908,0.03143,429.00,53.50
alu4,0.01142,2051.00,42.10
alu4,0.01917,1829.00,41.70
alu4,0.01413,1973.00,45.30
alu4,0.01015,2089.00,40.60
wal8,0,1072.00,65.40
cla32,0.00991,813.00,48.10
alu4,0.00292,2499.00,46.00
alu4,0.00221,2537.00,46.00
alu4,8e-05,2713.00,48.40
c5315,0.04926,2247.00,73.90
c7552,0.00025,2576.00,160.60
alu4,0.00086,2619.00,46.40
cla32,7e-05,861.00,54.40
c5315,0,2374.00,76.30
c3540,0.03415,1450.00,83.20
c2670,0.02064,914.00,44.90
alu4,0.00465,2349.00,42.70
alu4,0.00532,2329.00,41.00
c5315,0.00106,2354.00,75.90
c5315,0,2397.00,76.30
alu4,0.00741,2212.00,40.20
c880,0.00046,551.00,38.80
alu4,0.00294,2461.00,42.00
alu4,0.03476,1509.00,37.70
alu4,0.01895,1758.00,37.50
alu4,0.01227,2059.00,39.20
c5315,0.04612,2258.00,73.90
alu4,0.01183,2035.00,44.90
alu4,0.00864,2168.00,42.90
c5315,0.00192,2348.00,75.90
alu4,0.00125,2582.00,46.00
alu4,0.01494,1981.00,39.00
alu4,0.00805,2194.00,39.60
cla32,2e-05,884.00,46.20
c7552,0.00015,2568.00,161.00
c7552,0.0008,2503.00,157.00
alu4,0.01169,2053.00,42.10
c7552,5e-05,2614.00,161.20
c2670,0,964.00,47.40
c3540,0.02083,1515.00,82.10
ksa32,7e-05,1063.00,26.30
c7552,0.00012,2613.00,161.20
alu4,0.00034,2667.00,46.60
c7552,0.00019,2562.00,161.00
c1908,0.00128,730.00,60.40
alu4,0.01501,1962.00,41.70
ksa32,7e-05,1036.00,23.20
alu4,0.01664,1886.00,42.80
ksa32,0.00702,983.00,22.80
c1908,0,757.00,60.40
c3540,0.00449,1564.00,83.50
c2670,0.00323,955.00,46.90
c5315,0,2372.00,76.30
c7552,0.00048,2520.00,161.40
cla32,0.00413,823.00,47.70
alu4,0.00352,2438.00,45.00
c1908,0.009,683.00,60.40
alu4,0.02669,1580.00,38.00
cla32,0.00013,854.00,47.20
alu4,0.00747,2219.00,41.80
alu4,0.00644,2287.00,41.70
cla32,5e-05,865.00,47.20
alu4,0.01401,1951.00,42.30
ksa32,0.00639,980.00,22.80
c7552,0.00017,2535.00,160.80
ksa32,0.01563,919.00,24.50
alu4,0.00156,2577.00,48.40
alu4,0.00641,2254.00,43.40
alu4,0.02255,1726.00,42.40
c1908,0.01692,610.00,58.00
alu4,0.00473,2377.00,44.20
alu4,0,2724.00,49.30
c5315,0.01102,2300.00,73.90
c7552,0.00024,2594.00,161.60
alu4,0.03285,1476.00,38.10
alu4,0.00366,2416.00,41.30
c5315,0.00617,2320.00,75.90
alu4,0.00446,2368.00,41.10
alu4,0.02773,1581.00,39.50
alu4,0.01242,2015.00,45.30
mtp8,0.02295,1007.00,61.00
alu4,0.01093,2075.00,41.90
c5315,0.04587,2258.00,73.90
c5315,0,2380.00,76.30
c7552,0.0001,2579.00,161.00
c3540,0.0052,1562.00,83.50
wal8,0,1069.00,65.40
alu4,0.01565,1859.00,39.90
cla32,0.00088,842.00,46.70
alu4,0.00184,2556.00,47.50
alu4,0.00216,2526.00,47.50
alu4,4e-05,2714.00,49.10
c7552,0.00044,2541.00,161.40
wal8,0.02258,1029.00,68.20
cla32,0.00012,859.00,47.20
cla32,0.00967,807.00,48.10
alu4,0.00669,2258.00,42.50
alu4,0.03873,1456.00,41.40
alu4,0.00297,2458.00,45.90
alu4,0.00803,2199.00,43.00
alu4,0.00204,2544.00,47.60
alu4,0.0027,2490.00,45.80
ksa32,9e-05,1030.00,24.00
alu4,0.01083,2078.00,42.00
c3540,0.01317,1537.00,84.60
c7552,0.00013,2601.00,160.80
c3540,0,1595.00,83.20
ksa32,9e-05,1032.00,24.00
alu4,0.01066,2108.00,43.20
alu4,0.00494,2337.00,46.80
c3540,0.0299,1476.00,83.20
alu4,0.00388,2408.00,44.40
c7552,0.00226,2463.00,157.00
alu4,0.02001,1803.00,42.70
c2670,1e-05,968.00,47.40
c2670,0,970.00,47.40
rca32,0.01933,660.00,28.00
alu4,0.00464,2358.00,45.30
alu4,0.02253,1683.00,38.10
c5315,0.00081,2358.00,75.90
c3540,0.04833,1310.00,82.90
c5315,0,2383.00,76.30
ksa32,6e-05,1033.00,24.00
alu4,0.00236,2472.00,42.00
alu4,0.00173,2552.00,47.50
alu4,0.0438,1317.00,34.90
alu4,0.01948,1839.00,44.30
c7552,0.00043,2521.00,161.40
c7552,0.02806,2389.00,156.80
alu4,0.00911,2127.00,42.70
alu4,0.00024,2687.00,46.60
alu4,0.00663,2277.00,41.90
ksa32,6e-05,1033.00,24.00
wal8,0.00341,1056.00,67.40
alu4,0.01203,2030.00,44.90
c5315,0.00829,2307.00,75.00
cla32,9e-05,871.00,51.90
alu4,0.00204,2517.00,46.20
c2670,3e-05,978.00,47.70
cla32,3e-05,868.00,46.40
c1908,0.02423,517.00,53.30
alu4,0.02426,1722.00,42.40
alu4,0.00652,2271.00,44.60
alu4,0.00652,2262.00,44.80
alu4,0.00851,2161.00,41.20
alu4,0.01508,1946.00,42.70
c7552,0.0004,2573.00,161.00
c5315,0.0111,2296.00,73.90
alu4,0.00014,2705.00,47.10
c1908,0.00888,682.00,60.60
c1908,0.0091,683.00,60.40
ksa32,7e-05,1034.00,23.20
alu4,0.00083,2618.00,46.20
alu4,0.00397,2399.00,44.10
alu4,0.00874,2167.00,41.50
ksa32,4e-05,1032.00,24.00
c7552,0.00271,2457.00,157.00
ksa32,3e-05,1035.00,24.00
alu4,0.01652,1912.00,44.30
c3540,0.04667,1324.00,82.50
c5315,0.0088,2313.00,74.80
alu4,0.017,1875.00,42.70
alu4,0.00208,2529.00,46.00
c3540,0.01104,1545.00,83.50
c7552,0.00012,2573.00,161.00
alu4,0.02831,1549.00,39.70
c2670,0,1144.00,48.10
c1908,0.03532,371.00,45.90
alu4,0.00736,2232.00,40.70
c2670,0.00309,955.00,46.90
alu4,0.02445,1725.00,42.40
alu4,0.00356,2427.00,44.40
cla32,3e-05,878.00,54.00
alu4,0.01976,1767.00,39.30
alu4,0.03495,1507.00,37.70
c7552,0.00041,2558.00,161.00
cla32,0.00675,815.00,48.10
ksa32,3e-05,1030.00,24.00
alu4,0.00677,2264.00,40.80
alu4,0.00033,2679.00,46.60
c2670,0,974.00,47.40
c1908,0.0023,721.00,60.40
c3540,0.00667,1558.00,83.50
alu4,0.02956,1578.00,38.90
cla32,0,891.00,50.60
alu4,0.00285,2454.00,42.00
alu4,0.00025,2697.00,47.10
alu4,0.02208,1736.00,42.70
c7552,0.00012,2616.00,161.20
alu4,0.00394,2393.00,44.10
alu4,0.0074,2229.00,41.20
c2670,0,970.00,47.40
c7552,0.00071,2552.00,160.60
c1908,0.02202,556.00,55.90
c3540,0.04058,1409.00,85.50
alu4,0.02769,1573.00,39.50
alu4,0.00561,2317.00,44.70
c1908,0.01533,627.00,57.00
ksa32,2e-05,1035.00,24.00
alu4,0.00095,2614.00,46.20
c1908,0.02709,502.00,50.00
alu4,0.02899,1548.00,39.70
c7552,0.00055,2537.00,161.40
c5315,0.00644,2320.00,75.90
alu4,0.00231,2527.00,45.40
cla32,0.00643,809.00,48.10
c2670,0.00651,944.00,46.90
alu4,0.02505,1609.00,38.00
c7552,0.00176,2476.00,157.00
alu4,0.00083,2648.00,46.40
ksa32,0.0001,1047.00,25.60
cla32,5e-05,876.00,46.80
cla32,0.02666,795.00,48.10
c880,0.00075,551.00,38.80
alu4,0.01832,1860.00,42.30
c5315,0,2378.00,76.30
c3540,0.00403,1564.00,83.50
alu4,0.00539,2302.00,44.50
c7552,0.00094,2539.00,161.00
c1908,0.00011,746.00,60.40
alu4,0.00291,2447.00,45.90
cla32,0.0097,803.00,48.10
alu4,0.00429,2379.00,41.00
alu4,0.00914,2113.00,48.40
alu4,0.02281,1732.00,44.60
alu4,0.00374,2423.00,41.40
alu4,0.00908,2144.00,47.50
alu4,0.0267,1614.00,37.50
c7552,0.00015,2586.00,161.20
rca32,0.03237,655.00,28.00
c3540,0.04481,1328.00,82.50
alu4,0.00033,2676.00,46.60
alu4,0.00717,2215.00,43.00
alu4,0.00244,2507.00,47.50
alu4,0.00686,2253.00,45.20
cla32,0.00044,844.00,46.70
c1908,0,750.00,60.40
alu4,0.00392,2406.00,41.40
c3540,0.00315,1564.00,82.90
ksa32,0,1095.00,27.00
cla32,0,912.00,56.50
c3540,0.04605,1328.00,82.50
wal8,0.0001,1057.00,64.90
alu4,0.00698,2253.00,40.10
c5315,0,2380.00,74.90
alu4,0.01774,1787.00,39.20
wal8,0,1072.00,65.40
alu4,0.00102,2609.00,46.40
c5315,0.01832,2277.00,73.90
c3540,0.00331,1565.00,82.90
alu4,0.0051,2337.00,40.80
alu4,0.00089,2626.00,46.50
c2670,0,967.00,47.40
alu4,0.00995,2104.00,41.30
wal8,0.00325,1057.00,70.70
mtp8,0,1042.00,62.40
alu4,0.00413,2393.00,44.60
alu4,0.00114,2638.00,46.40
alu4,0.01448,1977.00,40.70
c7552,0.0004,2521.00,155.80
alu4,0.00341,2454.00,45.50
c1908,0.03218,424.00,47.10
mtp8,0,1040.00,62.40
wal8,0.00332,1057.00,70.70
c7552,0.00022,2549.00,160.60
ksa32,0.00408,989.00,25.30
c3540,0,1599.00,83.40
c7552,0.00036,2548.00,161.00
ksa32,8e-05,1034.00,24.00
ksa32,0.00543,986.00,22.80
c5315,0.00409,2337.00,75.90
c1908,0.00117,732.00,60.40
c880,0.00053,551.00,38.80
alu4,0,2718.00,47.10
alu4,0.01283,2015.00,40.50
mtp8,0,1024.00,61.00
cla32,0.03807,785.00,48.10
alu4,0.00553,2326.00,41.00
c7552,0.00051,2514.00,157.00
alu4,0.01398,1975.00,41.10
alu4,0.00257,2520.00,47.50
c7552,0.00078,2509.00,161.40
alu4,0.00114,2621.00,46.10
c2670,0.02768,908.00,40.20
c5315,0.01173,2295.00,73.90
c5315,0.00848,2307.00,75.00
alu4,0.00666,2253.00,40.70
ksa32,3e-05,1095.00,31.10
cla32,0.02759,795.00,48.10
c1908,0.01275,639.00,58.90
c7552,0.00061,2516.00,157.00
c1908,0.02321,543.00,56.40
ksa32,4e-05,1070.00,26.30
c5315,0.00563,2331.00,75.90
c2670,5e-05,995.00,48.30
rca32,0.00421,664.00,28.00
c5315,0.00634,2320.00,75.90
c3540,0.00493,1564.00,83.50
c3540,0.00407,1564.00,83.50
cla32,1e-05,868.00,46.80
ksa32,5e-05,1066.00,26.30
ksa32,0.00975,963.00,24.50
alu4,0.0011,2622.00,47.90
mtp8,0.00507,1010.00,61.00
alu4,0.00188,2577.00,46.30
wal8,0.01558,1039.00,68.20
c1908,0.02489,517.00,53.30
alu4,0.01731,1863.00,41.20
c7552,0.00026,2562.00,161.40
alu4,0.0126,2022.00,40.50
alu4,0.0006,2647.00,46.60
c3540,3e-05,1589.00,83.20
alu4,0.00642,2261.00,42.50
wal8,0.00532,1057.00,70.30
alu4,0.00547,2316.00,44.70
alu4,0.0071,2257.00,41.90
alu4,0.03677,1412.00,37.30
c1908,0.02854,472.00,47.20
alu4,0.01995,1834.00,44.30
c7552,1e-05,2649.00,160.80
c5315,0.00844,2307.00,75.00
c7552,0.00133,2487.00,155.40
cla32,1e-05,884.00,46.20
c3540,0.01452,1531.00,83.80
alu4,0.00761,2205.00,43.20
c1908,0.0222,575.00,57.10
alu4,0.01446,1985.00,39.10
alu4,0.01359,1991.00,40.20
alu4,0.0206,1698.00,37.60
alu4,0.00131,2613.00,46.10
alu4,0.00281,2472.00,46.20
c3540,0.00278,1572.00,82.90
c5315,0,2398.00,76.30
alu4,0.00163,2586.00,45.50
alu4,0.01632,1839.00,37.40
alu4,0.0065,2294.00,44.30
alu4,0.00059,2668.00,46.90
c2670,0,966.00,47.40
c1908,0.01203,651.00,59.10
c1908,0.01063,667.00,60.60
alu4,0.0052,2348.00,42.50
c7552,2e-05,2659.00,161.20
c2670,0,978.00,47.70
alu4,0.00592,2280.00,47.30
alu4,0.00461,2365.00,42.50
wal8,0,1076.00,66.40
alu4,0.01161,2058.00,42.10
alu4,0.0075,2234.00,41.20
alu4,0.00652,2234.00,41.80
wal8,0,1070.00,64.90
ksa32,0.01126,958.00,24.50
cla32,3e-05,882.00,51.20
alu4,0,2730.00,49.00
alu4,0.0039,2400.00,44.20
alu4,0.00156,2564.00,46.00
c7552,0.00047,2547.00,160.60
alu4,0.00613,2266.00,42.20
alu4,0.01167,2073.00,42.40
alu4,0.0075,2208.00,40.10
alu4,0.00045,2659.00,46.20
alu4,0.00748,2202.00,43.20
alu4,0.01919,1753.00,37.50
alu4,0.02982,1523.00,40.20
c5315,0,2370.00,75.90
cla32,0.00477,822.00,47.70
c7552,0.00021,2581.00,161.00
c7552,0.0003,2564.00,161.00
c7552,0.00057,2554.00,161.30
c7552,0.00072,2517.00,155.80
alu4,0.01017,2092.00,42.40
cla32,0.00015,853.00,50.80
alu4,0.01672,1879.00,39.90
c1908,0.02979,435.00,53.80
alu4,0.01837,1858.00,44.30
alu4,0.00425,2400.00,44.20
alu4,0.00863,2140.00,47.50
alu4,0.0116,2061.00,42.00
c3540,0.0406,1377.00,81.40
c7552,0.00358,2443.00,157.00
c7552,0.00011,2611.00,161.60
alu4,0.0009,2640.00,46.80
c7552,0.00103,2536.00,160.60
cla32,0.00632,821.00,48.10
alu4,0.00167,2574.00,45.30
c7552,0.00036,2540.00,160.80
c2670,0.0477,877.00,40.10
alu4,0.00823,2199.00,40.90
c5315,0.00204,2348.00,75.90
c3540,0.04105,1391.00,85.20
alu4,0.02341,1734.00,42.40
c3540,0.04015,1393.00,84.80
alu4,0.02528,1598.00,38.30
alu4,0.00229,2514.00,47.50
alu4,0.00581,2302.00,44.50
c3540,0.003,1564.00,82.90
c3540,0.03791,1429.00,83.20
alu4,0.00391,2433.00,44.90
alu4,0.00074,2634.00,46.50
alu4,0.04917,1266.00,34.80
cla32,0.00674,821.00,47.70
c5315,0.00561,2331.00,75.90
c5315,0.00098,2354.00,75.90
alu4,0.00563,2300.00,42.30
c1908,0.00138,730.00,60.40
c1908,0.03594,279.00,23.80
alu4,0.00679,2250.00,40.60
c1908,0.13357,695.00,60.40
ksa32,6e-05,1034.00,23.20
alu4,0.03895,1459.00,39.60
c7552,0.00097,2536.00,161.00
alu4,0.01855,1833.00,41.60
c1908,0.01817,608.00,57.10
cla32,0.00015,862.00,46.30
alu4,0.00411,2408.00,45.10
c5315,0,2373.00,75.90
alu4,0.00436,2404.00,47.30
alu4,0.01218,2025.00,40.50
c1908,0.00112,732.00,60.40
wal8,0.00544,1057.00,70.30
c7552,0.00017,2568.00,160.60
ksa32,0.01622,928.00,24.50
c7552,6e-05,2629.00,161.20
alu4,0.01106,2089.00,42.50
alu4,0.00843,2162.00,40.90
alu4,0.00295,2483.00,45.10
alu4,0.00961,2134.00,42.90
ksa32,0.00499,988.00,22.80
alu4,0.02311,1653.00,38.50
c880,0.00268,540.00,38.50
cla32,0.00024,854.00,46.80
ksa32,3e-05,1036.00,23.20
alu4,0.00311,2460.00,45.90
alu4,0.006,2281.00,42.20
alu4,0.00906,2152.00,40.90
ksa32,0.0074,973.00,22.80
alu4,0.01166,2033.00,43.50
cla32,4e-05,868.00,51.20
ksa32,3e-05,1098.00,30.70
alu4,0.00501,2358.00,42.50
c5315,0.00093,2354.00,75.90
alu4,0.00342,2434.00,43.20
alu4,0.01082,2091.00,40.60
alu4,0.00734,2218.00,43.40
cla32,0.00011,851.00,46.70
alu4,0.00367,2434.00,44.60
ksa32,0.01002,964.00,22.80
alu4,0.0018,2561.00,46.00
alu4,0.00156,2570.00,47.40
alu4,0.00467,2362.00,44.30
alu4,0.00086,2652.00,46.80
cla32,0.00018,851.00,46.70
wal8,0,1067.00,65.40
alu4,0.01486,1936.00,42.80
alu4,0.00904,2173.00,41.40
alu4,0.00233,2513.00,47.50
alu4,0.00019,2696.00,46.90
cla32,7e-05,861.00,46.40
alu4,0.00306,2468.00,45.70
c880,0.00073,551.00,38.80
alu4,0.01022,2066.00,40.50
c7552,0.00042,2523.00,161.40
c1908,0.02269,539.00,56.00
alu4,0.00389,2406.00,44.00
alu4,0.00134,2583.00,48.40
c1908,0.00242,721.00,60.40
c5315,0.00526,2328.00,75.90
alu4,0.03242,1557.00,38.20
mtp8,0.00385,1022.00,61.00
alu4,0.00834,2166.00,40.70
c5315,0,2371.00,74.90
c7552,0.00335,2443.00,157.00
alu4,0.00317,2478.00,45.60
alu4,0.00337,2421.00,43.20
c2670,0,966.00,47.40
c2670,0,974.00,47.40
c7552,0.00013,2588.00,161.20
ksa32,6e-05,1030.00,24.00
alu4,0.02085,1791.00,43.60
alu4,0.02543,1685.00,40.60
c1908,0.01902,595.00,57.10
c5315,0.0022,2348.00,75.90
c5315,0.00607,2320.00,75.90
alu4,0.00263,2487.00,47.50
wal8,0.00116,1057.00,67.80
alu4,0.00711,2215.00,40.20
c880,0.00059,551.00,38.80
alu4,0.02982,1533.00,39.20
c1908,0.00754,696.00,60.40
c7552,0.00046,2552.00,161.40
alu4,0.00615,2308.00,41.70
c7552,6e-05,2632.00,160.80
alu4,0.01191,2052.00,42.00
alu4,0.00381,2400.00,47.50
alu4,0.00484,2344.00,45.30
alu4,0.01766,1887.00,42.50
alu4,0.0044,2385.00,47.30
c1908,0.023,539.00,56.00
cla32,1e-05,880.00,45.70
c7552,0.00011,2593.00,161.20
alu4,0.00683,2258.00,42.50
alu4,0.00333,2449.00,43.20
alu4,0.03348,1535.00,38.00
cla32,0,890.00,50.20
alu4,0.00331,2435.00,41.40
c3540,0.02275,1509.00,82.80
alu4,0.01643,1904.00,42.30
alu4,0.0201,1726.00,36.90
c7552,0.00021,2604.00,161.20
alu4,0.00075,2651.00,46.60
alu4,0.04953,1334.00,39.60
alu4,0.00679,2227.00,43.40
alu4,0.00409,2398.00,47.50
alu4,0.02413,1637.00,40.80
cla32,8e-05,847.00,46.80
c7552,0.00172,2477.00,157.00
cla32,0,903.00,50.00
cla32,2e-05,874.00,51.60
ksa32,0,1122.00,27.00
c3540,0.03099,1468.00,83.20
c3540,0.00064,1585.00,83.80
alu4,0.00771,2215.00,42.30
c1908,0.02903,445.00,48.20
c7552,0.00024,2564.00,160.60
alu4,0.02995,1521.00,40.20
c3540,0.01518,1532.00,83.80
alu4,0.00217,2549.00,47.50
alu4,0.00136,2588.00,47.50
alu4,0.00038,2689.00,46.90
mtp8,0.0427,997.00,61.30
mtp8,0.035,1003.00,61.00
alu4,0.02798,1637.00,42.70
c3540,0.00463,1562.00,83.50
alu4,0.00937,2142.00,42.90
c3540,0,1593.00,83.20
c880,0.0007,551.00,38.80
c1908,0.01462,625.00,58.50
mtp8,0,1034.00,62.40
wal8,0,1064.00,64.90
cla32,0.00059,847.00,46.70
alu4,0.01962,1803.00,42.70
c3540,0.00084,1582.00,83.80
alu4,0.00167,2565.00,42.50
alu4,0.00404,2426.00,49.50
alu4,0.00491,2360.00,42.50
cla32,0.00042,842.00,46.70
alu4,0.01538,1915.00,42.70
c7552,0.00113,2494.00,160.80
cla32,5e-05,887.00,53.40
alu4,0.02029,1720.00,36.90
c1908,0.02098,576.00,58.00
alu4,0.0105,2098.00,43.00
c7552,0.00053,2518.00,155.40
cla32,0.00014,858.00,46.80
alu4,0.01613,1881.00,42.70
alu4,6e-05,2714.00,47.10
cla32,0.00011,872.00,46.40
alu4,0.01927,1826.00,41.70
alu4,0.01816,1834.00,42.10
ksa32,5e-05,1035.00,24.00
ksa32,5e-05,1073.00,26.30
alu4,0.00261,2518.00,45.40
alu4,0.04942,1284.00,37.40
ksa32,9e-05,1034.00,23.20
cla32,5e-05,876.00,50.80
alu4,0,2718.00,49.20
alu4,0.01126,2062.00,39.20
c5315,0.01087,2300.00,73.90
alu4,0.00163,2562.00,47.50
alu4,0.00479,2382.00,42.50
c880,0.04607,490.00,33.50
alu4,0.0156,1930.00,42.50
wal8,0,1063.00,64.90
c7552,0.00032,2552.00,161.40
c3540,0.00337,1564.00,82.90
alu4,0.00621,2240.00,43.30
alu4,0.00475,2364.00,47.30
c1908,0.0132,639.00,58.90
alu4,0.02925,1590.00,38.90
c5315,0,2405.00,76.30
c7552,0.00126,2481.00,157.00
c1908,0.0227,539.00,56.00
alu4,0.00072,2629.00,46.50
c1908,0.01797,604.00,58.00
alu4,0.04359,1334.00,35.00
alu4,0.00763,2207.00,41.50
alu4,0.00313,2467.00,45.50
c7552,0.00021,2593.00,161.20
cla32,6e-05,879.00,49.80
c880,0.02591,508.00,34.50
alu4,0.00817,2207.00,45.40
alu4,0.02258,1755.00,42.80
alu4,0.0008,2626.00,48.50
alu4,0.00033,2692.00,46.90
alu4,0.00114,2614.00,46.40
ksa32,0.0053,983.00,25.30
c5315,0,2365.00,74.90
ksa32,0.00012,1036.00,23.20
c1908,0.0355,382.00,45.10
wal8,0,1067.00,65.40
c7552,0.00811,2416.00,156.80
alu4,0.00825,2182.00,42.90
cla32,1e-05,891.00,50.20
alu4,0.00713,2235.00,43.50
c5315,0.04544,2281.00,73.90
c3540,0.03473,1445.00,85.90
alu4,0.00087,2632.00,48.50
c1908,0.03586,352.00,42.40
rca32,0.00019,677.00,28.50
c3540,0.0044,1565.00,83.50
ksa32,0.00968,963.00,24.50
alu4,0,2741.00,48.80
c5315,0,2376.00,76.30
wal8,0,1061.00,64.90
c7552,0.00017,2569.00,161.00
alu4,0.02738,1564.00,40.50
cla32,0.00043,848.00,46.40
wal8,0,1066.00,64.90
alu4,0.04426,1383.00,39.90
c7552,0.00038,2549.00,161.40
c3540,0.04784,1308.00,82.90
c5315,0,2371.00,76.30
cla32,0.01871,798.00,48.10
c2670,1e-05,978.00,47.70
alu4,0.00117,2614.00,46.40
alu4,0.00187,2556.00,47.60
alu4,0.00237,2508.00,47.50
c3540,0.02433,1500.00,82.80
c2670,0.00687,936.00,46.20
alu4,0.04266,1327.00,35.20
alu4,0.01786,1823.00,37.20
c2670,0,985.00,48.10
ksa32,4e-05,1031.00,27.50
alu4,0.00451,2396.00,44.90
c2670,1e-05,972.00,47.40
wal8,0.00118,1057.00,67.80
alu4,0.00403,2399.00,41.20
mtp8,0.00346,1014.00,61.00
alu4,0.0094,2133.00,40.10
alu4,0.00296,2462.00,42.30
alu4,0.00596,2295.00,44.90
cla32,6e-05,874.00,46.80
c7552,9e-05,2638.00,161.20
c1908,0.01535,627.00,57.00
alu4,0.0351,1495.00,43.40
c7552,0.00027,2583.00,161.00
c5315,0,2384.00,76.30
cla32,4e-05,890.00,50.20
alu4,0.01495,1941.00,40.90
alu4,0.01773,1855.00,42.30
alu4,0.00947,2135.00,40.00
c5315,0.00549,2328.00,75.90
alu4,0.00492,2340.00,44.90
alu4,0.00458,2345.00,46.80
c2670,0.0059,944.00,46.90
alu4,0.00028,2679.00,46.90
alu4,0.00023,2689.00,46.60
wal8,0,1068.00,65.40
alu4,0.00651,2272.00,41.90
alu4,0.00446,2371.00,42.30
c7552,0.00072,2546.00,160.60
cla32,6e-05,857.00,54.00
alu4,0.01608,1870.00,39.90
c7552,0.00012,2640.00,160.80
c5315,0,2390.00,76.30
ksa32,0,1108.00,27.00
alu4,0.01005,2108.00,43.20
cla32,0.00428,825.00,47.70
alu4,0.01447,1978.00,40.70
alu4,0.00191,2561.00,47.60
c7552,0.00017,2602.00,161.20
cla32,0.0001,854.00,46.80
ksa32,1e-05,1090.00,26.60
alu4,0.00463,2370.00,47.30
c1908,0.01813,620.00,57.00
alu4,0.00394,2398.00,45.00
c7552,2e-05,2643.00,161.20
ksa32,4e-05,1103.00,26.90
ksa32,5e-05,1036.00,23.20
ksa32,0.00807,977.00,22.80
alu4,0.00395,2373.00,47.30
c3540,0.02693,1495.00,82.10
alu4,0.0001,2708.00,47.10
alu4,0.00204,2554.00,45.40
alu4,0.003,2492.00,47.50
cla32,6e-05,859.00,51.20
alu4,0.0062,2257.00,42.20
alu4,0.00093,2634.00,46.20
rca32,0.00014,677.00,28.50
cla32,0.0039,824.00,47.70
alu4,0.00205,2542.00,46.00
c5315,0.01337,2292.00,73.90
alu4,0.04455,1377.00,39.90
alu4,0.01303,2010.00,43.50
alu4,0.00204,2540.00,46.00
alu4,0.00348,2433.00,45.60
alu4,0.03161,1490.00,37.00
c3540,0.01131,1544.00,83.50
c880,0.00059,551.00,38.80
alu4,0.00385,2418.00,41.40
c5315,0.00212,2348.00,75.90
ksa32,8e-05,1036.00,23.20
alu4,0.01122,2057.00,42.10
c5315,0,2390.00,76.30
alu4,0.00396,2421.00,44.90
alu4,0.00314,2443.00,45.90
alu4,0.00196,2537.00,45.20
alu4,0.00949,2102.00,41.30
c5315,0,2382.00,75.90
alu4,0.00396,2384.00,43.70
alu4,0.0026,2498.00,45.40
alu4,0.00616,2320.00,41.90
alu4,0.00488,2335.00,42.20
alu4,0.0243,1711.00,42.80
ksa32,3e-05,1033.00,24.00
c2670,0,968.00,47.40
alu4,0.00528,2365.00,42.30
