ksa32,0.00402,990.00,25.30
alu4,0.00029,2701.00,49.20
ksa32,0.02275,862.00,24.40
mtp8,0.0038,1022.00,61.00
alu4,0.00183,2551.00,46.20
ksa32,6e-05,1034.00,24.00
c1908,0.03583,353.00,41.50
c2670,1e-05,974.00,47.40
alu4,0.00593,2292.00,44.20
alu4,0.00409,2409.00,45.30
ksa32,0.0081,972.00,25.30
alu4,0.00297,2484.00,46.00
alu4,0.00439,2401.00,44.80
alu4,0.00125,2588.00,45.50
cla32,1e-05,897.00,50.20
alu4,0.00082,2633.00,46.50
c7552,6e-05,2621.00,161.20
c1908,0.03181,458.00,51.70
ksa32,2e-05,1032.00,24.00
alu4,0.00395,2415.00,45.00
ksa32,6e-05,1034.00,24.00
alu4,0.00978,2116.00,40.00
c3540,0.00253,1572.00,82.90
alu4,0.00137,2589.00,47.00
alu4,0.0001,2720.00,48.70
c3540,0.0289,1488.00,82.80
alu4,0.00488,2344.00,45.20
ksa32,0.01344,938.00,24.50
alu4,0.02484,1586.00,38.00
c5315,0,2383.00,76.30
ksa32,3e-05,1078.00,29.80
c2670,0,978.00,47.70
c7552,0,2641.00,161.20
cla32,6e-05,871.00,45.80
alu4,0.01156,2062.00,41.50
c7552,0.00064,2517.00,161.00
c7552,0.00038,2552.00,161.00
alu4,0.02895,1629.00,42.50
alu4,0,2733.00,48.50
alu4,0.00015,2700.00,46.80
c5315,0,2386.00,77.30
wal8,0,1063.00,65.40
c7552,0.00056,2533.00,161.00
c5315,0.00574,2320.00,75.90
alu4,0,2726.00,48.90
c7552,0.00053,2531.00,161.40
cla32,0.00216,842.00,46.70
ksa32,4e-05,1030.00,24.00
c7552,0.0001,2617.00,161.20
c7552,0.00042,2544.00,161.40
cla32,0.00257,834.00,46.40
cla32,0.02191,797.00,48.10
ksa32,0.00102,997.00,25.30
c7552,0.00055,2546.00,161.40
c1908,0.00117,730.00,60.40
alu4,0.00164,2562.00,46.00
alu4,0.00054,2668.00,46.80
alu4,0.00353,2440.00,44.90
c880,0.00045,551.00,38.80
alu4,0.00859,2150.00,40.90
alu4,0.01932,1856.00,41.00
ksa32,1e-05,1033.00,24.00
alu4,0.0005,2669.00,47.00
c5315,0,2379.00,76.30
alu4,0.00621,2271.00,43.80
ksa32,0.00431,990.00,25.30
alu4,0.02652,1525.00,37.70
c5315,0.00608,2320.00,75.90
c3540,0.02949,1479.00,83.20
c1908,0.00131,730.00,60.40
alu4,0.00409,2409.00,44.50
c7552,7e-05,2621.00,160.80
c1908,0.00343,713.00,60.40
ksa32,0.00429,1018.00,26.80
c5315,0,2387.00,76.30
c5315,0,2372.00,75.90
c1908,0.02845,512.00,57.00
alu4,0.00132,2588.00,45.50
c3540,0.03366,1454.00,83.20
c7552,5e-05,2664.00,161.40
c3540,0.03239,1469.00,83.20
ksa32,0.0062,984.00,25.30
ksa32,7e-05,1035.00,24.00
ksa32,3e-05,1090.00,26.60
c3540,0,1596.00,83.40
ksa32,5e-05,1047.00,29.30
alu4,0,2713.00,47.10
ksa32,2e-05,1045.00,25.60
alu4,7e-05,2705.00,47.10
c7552,0.00138,2504.00,161.40
c7552,0.0038,2443.00,156.60
ksa32,0.01858,893.00,24.50
c7552,0.00148,2503.00,155.40
ksa32,0.00933,968.00,25.40
c2670,0,967.00,47.40
alu4,0.00414,2422.00,45.30
c2670,0.03764,894.00,40.50
c3540,0.02078,1512.00,82.10
ksa32,9e-05,1057.00,27.30
c2670,0,972.00,47.40
c1908,0.01629,613.00,58.10
alu4,0.00774,2225.00,42.00
ksa32,2e-05,1100.00,27.00
alu4,0.00167,2558.00,45.90
alu4,0.00131,2578.00,48.40
c5315,0.00547,2328.00,75.90
alu4,0.00392,2412.00,45.00
c5315,0.0187,2277.00,73.90
c7552,0.00138,2502.00,161.40
alu4,0,2743.00,48.80
mtp8,0.00487,1009.00,61.00
c3540,0.00059,1584.00,83.80
alu4,0.0022,2521.00,46.10
ksa32,0.00676,972.00,25.30
c5315,0,2384.00,76.30
alu4,0.00327,2448.00,45.30
c7552,0.00027,2549.00,160.60
alu4,0.00639,2282.00,43.50
mtp8,0.04245,997.00,61.30
alu4,0.0109,2069.00,45.10
c5315,0.04889,2276.00,73.90
ksa32,0.00741,972.00,25.30
ksa32,1e-05,1109.00,26.60
alu4,0.00597,2292.00,40.90
ksa32,1e-05,1093.00,27.00
rca32,0.00381,664.00,28.00
ksa32,4e-05,1033.00,24.00
c7552,0.00175,2481.00,156.60
ksa32,0.00398,985.00,25.30
c1908,0.02883,514.00,51.30
ksa32,9e-05,1035.00,24.00
alu4,0.00997,2101.00,39.80
alu4,0.00012,2706.00,47.00
alu4,0.02412,1714.00,40.80
ksa32,0.00448,989.00,25.30
alu4,0.00247,2519.00,45.80
alu4,0.0015,2564.00,46.10
c7552,0.00051,2550.00,161.00
c3540,0.00083,1582.00,83.80
alu4,0.01599,1905.00,41.30
alu4,0.0028,2481.00,45.40
alu4,0.00136,2596.00,45.60
c7552,0.00019,2591.00,161.00
alu4,0.0014,2545.00,46.00
alu4,0.00459,2369.00,44.20
cla32,5e-05,861.00,47.20
c2670,0,972.00,47.40
c1908,0.02836,536.00,51.20
cla32,3e-05,902.00,50.20
c5315,0,2369.00,76.30
c7552,0.00029,2593.00,161.20
mtp8,0.02934,1006.00,61.00
ksa32,0.00354,990.00,25.30
c7552,0.00091,2570.00,161.20
c5315,0.00728,2317.00,75.90
alu4,0.04035,1426.00,35.00
alu4,0.00456,2396.00,45.00
mtp8,0.02314,1007.00,61.00
alu4,0.03362,1535.00,40.80
ksa32,4e-05,1035.00,24.00
cla32,0.00047,844.00,46.70
c2670,0,978.00,47.70
c7552,0.00069,2517.00,156.60
alu4,0.00167,2579.00,46.60
c880,0.04654,490.00,33.50
c7552,0.00123,2502.00,161.40
alu4,0.02794,1652.00,42.50
wal8,0,1073.00,65.40
c880,0.00278,547.00,38.60
c1908,0.022,579.00,56.40
alu4,0.00883,2161.00,41.10
alu4,0.00658,2269.00,44.30
alu4,0.0047,2368.00,44.20
cla32,0.00048,844.00,46.70
c3540,0,1599.00,83.40
cla32,0.00012,854.00,47.20
ksa32,6e-05,1067.00,27.30
alu4,0.00607,2294.00,44.20
c5315,0,2374.00,77.30
c2670,0.00011,993.00,48.10
c7552,0.00011,2596.00,160.60
alu4,0.03623,1475.00,40.40
alu4,0.01058,2073.00,45.10
ksa32,3e-05,1036.00,23.20
alu4,0.00494,2379.00,45.00
alu4,0.02249,1631.00,41.30
alu4,0.0016,2554.00,46.10
c1908,0.033,415.00,50.10
alu4,0.0036,2450.00,44.90
c3540,0.03596,1437.00,83.20
ksa32,0.00851,977.00,25.40
alu4,0.01684,1828.00,40.40
c3540,0.02015,1516.00,82.80
alu4,0.001,2614.00,46.30
cla32,0.00025,851.00,46.40
cla32,0.02714,799.00,48.10
alu4,0.0038,2428.00,44.70
alu4,0.01892,1736.00,39.10
c7552,0.00046,2560.00,161.00
c3540,0.02274,1504.00,82.80
c3540,0.00407,1564.00,83.50
alu4,0.00023,2699.00,46.80
c1908,0.00288,721.00,60.40
alu4,0.00183,2564.00,46.20
alu4,0.0019,2547.00,46.00
c1908,0.01699,613.00,58.10
c5315,0.01203,2295.00,73.90
c5315,0,2381.00,77.30
wal8,0,1055.00,64.20
cla32,0.02762,795.00,48.10
alu4,0.00096,2629.00,46.60
ksa32,1e-05,1101.00,26.60
c7552,0,2667.00,161.10
c1908,0.02784,521.00,57.00
alu4,0.02162,1646.00,38.70
ksa32,3e-05,1030.00,24.00
alu4,0.01317,1987.00,39.20
alu4,0.01684,1880.00,41.00
ksa32,3e-05,1031.00,24.00
c3540,0.02929,1473.00,83.20
c7552,3e-05,2630.00,161.10
cla32,0.00015,862.00,52.30
cla32,5e-05,887.00,51.00
c2670,0.00451,949.00,46.80
c1908,0.02227,568.00,55.90
c2670,1e-05,966.00,47.40
alu4,0.02448,1723.00,40.80
c7552,0.00025,2585.00,160.60
c7552,0.0062,2433.00,156.80
alu4,0.00297,2457.00,45.50
ksa32,0.00644,972.00,25.30
c1908,0.02167,579.00,56.40
c7552,0.00094,2533.00,161.00
ksa32,7e-05,1031.00,27.50
ksa32,7e-05,1045.00,25.60
alu4,0.00036,2684.00,46.90
alu4,0.00552,2315.00,43.80
c5315,0.0056,2331.00,75.90
c7552,0,2677.00,161.10
alu4,0.03572,1488.00,40.40
c7552,0.00043,2565.00,161.00
alu4,0.00376,2428.00,44.70
alu4,0.00151,2555.00,46.20
c1908,0.02078,594.00,57.40
c1908,0.01331,643.00,58.70
alu4,0.00212,2527.00,45.90
c5315,0.02348,2265.00,72.30
c7552,0.00097,2515.00,155.40
c2670,0.02007,914.00,44.90
alu4,0.02492,1581.00,38.00
c880,0.00472,528.00,38.40
alu4,0.00914,2153.00,40.90
alu4,0.00092,2628.00,46.20
c5315,0.00841,2307.00,75.00
ksa32,7e-05,1036.00,23.20
c2670,0.00127,960.00,46.80
c5315,0.01144,2296.00,73.90
c2670,0.03223,902.00,40.80
alu4,0.0068,2245.00,43.60
ksa32,0.01586,924.00,24.50
alu4,0.00585,2312.00,43.80
alu4,0.00084,2624.00,46.20
rca32,0.00022,677.00,28.50
ksa32,0,1083.00,26.60
c7552,0.00059,2543.00,161.00
c1908,0,753.00,60.40
wal8,0,1069.00,64.90
wal8,0,1059.00,64.90
alu4,0.01985,1832.00,41.30
cla32,0.00447,819.00,47.70
alu4,0.01936,1718.00,40.50
alu4,0.0002,2686.00,46.80
cla32,0,887.00,50.20
c7552,0.00228,2468.00,156.60
c7552,0.00055,2569.00,161.00
alu4,0.00292,2467.00,45.50
alu4,0.02711,1653.00,42.70
ksa32,0.01879,893.00,24.50
alu4,0.00106,2624.00,46.00
alu4,0.02945,1597.00,42.30
c1908,0.02695,539.00,51.80
c1908,0.02854,528.00,51.80
alu4,0.0048,2360.00,44.70
cla32,2e-05,872.00,50.80
c7552,0.00016,2618.00,161.20
alu4,0.00095,2603.00,46.40
ksa32,0.02233,862.00,24.40
c7552,0.00054,2540.00,161.00
alu4,0.00696,2244.00,43.50
alu4,0.0069,2226.00,41.00
alu4,0.00427,2402.00,45.00
ksa32,2e-05,1076.00,27.30
ksa32,4e-05,1034.00,24.00
ksa32,4e-05,1072.00,27.30
ksa32,2e-05,1097.00,26.70
c5315,0.01119,2300.00,73.90
c7552,0.00094,2511.00,161.00
ksa32,6e-05,1060.00,26.30
alu4,0.00247,2493.00,45.50
c3540,0.04543,1349.00,82.50
alu4,0.00076,2629.00,46.30
cla32,1e-05,887.00,50.20
c1908,0.0192,601.00,57.40
mtp8,0,1032.00,62.80
c7552,7e-05,2632.00,161.20
alu4,0.00385,2437.00,44.90
alu4,0.02991,1495.00,38.60
c7552,0.00071,2522.00,155.40
c1908,0.00232,722.00,60.40
c3540,0.04732,1331.00,81.40
c1908,0.00132,730.00,60.40
cla32,0.0272,796.00,48.10
c5315,0.00178,2348.00,75.90
c2670,2e-05,963.00,47.40
ksa32,0.02205,862.00,24.40
c7552,0.00192,2468.00,156.60
c1908,0.00884,683.00,59.30
alu4,0.0131,1995.00,44.30
ksa32,8e-05,1032.00,24.00
alu4,0.0052,2316.00,45.10
c2670,1e-05,974.00,47.40
c3540,0.03997,1417.00,83.20
c5315,0,2370.00,75.90
c3540,0.01391,1536.00,84.60
alu4,0.02823,1506.00,37.60
cla32,0.00021,867.00,46.20
ksa32,1e-05,1076.00,26.70
alu4,0.00364,2423.00,44.90
c7552,0.00134,2502.00,161.40
alu4,0.00747,2249.00,43.30
c3540,0.0475,1326.00,81.40
cla32,0.00011,854.00,47.20
alu4,0.01932,1724.00,40.50
c1908,0.00468,711.00,60.40
c2670,0.00097,960.00,46.80
cla32,0.00456,819.00,47.70
cla32,0.0001,874.00,45.80
mtp8,0.03433,1003.00,61.00
rca32,0.0001,677.00,28.50
ksa32,0.02219,862.00,24.40
ksa32,5e-05,1035.00,24.00
c7552,0.001,2515.00,161.00
c1908,0.00731,696.00,60.40
alu4,0.00649,2299.00,43.60
cla32,0,912.00,56.50
alu4,0.0148,1959.00,42.40
c7552,9e-05,2604.00,160.80
cla32,0.00017,851.00,52.70
alu4,0.02494,1590.00,41.60
c2670,0.02413,909.00,40.80
alu4,0,2736.00,48.50
alu4,0.00309,2489.00,45.40
ksa32,7e-05,1032.00,24.00
alu4,0.00312,2464.00,45.50
mtp8,0,1029.00,61.00
c3540,4e-05,1589.00,83.20
ksa32,0.00507,978.00,25.30
c1908,0.02775,533.00,51.50
alu4,0.00059,2673.00,46.70
alu4,0.02476,1701.00,40.80
alu4,0.00099,2612.00,46.10
alu4,0.00696,2226.00,43.50
c3540,0.043,1358.00,82.50
alu4,0.00027,2694.00,47.10
c5315,0.0157,2284.00,73.90
ksa32,0.00861,971.00,25.30
c1908,0.01069,670.00,60.10
alu4,0.00219,2535.00,45.70
c1908,0.02437,558.00,55.90
alu4,0.00472,2365.00,44.20
c1908,0.00886,683.00,59.50
ksa32,0.00011,1066.00,26.30
alu4,0.02845,1629.00,42.50
ksa32,2e-05,1067.00,26.60
rca32,0.0022,670.00,26.90
c7552,0.00065,2517.00,161.40
c880,0.01426,519.00,34.40
c7552,0.00053,2545.00,160.60
wal8,0.00108,1057.00,67.80
wal8,0,1067.00,64.90
c2670,0,968.00,47.40
wal8,0.00352,1057.00,70.70
alu4,0.00119,2585.00,46.10
cla32,0,905.00,56.50
wal8,0.01284,1040.00,68.20
c7552,0.00013,2588.00,161.20
alu4,0.00668,2230.00,41.20
c3540,0.04935,1302.00,81.40
c5315,0.02944,2252.00,72.30
alu4,0.01961,1708.00,40.20
c1908,0.03502,385.00,49.70
c7552,0.00122,2507.00,161.40
alu4,0.02505,1680.00,42.90
alu4,0.00182,2543.00,47.80
alu4,0.00711,2209.00,42.10
c7552,0.00651,2428.00,156.80
c7552,0.00037,2591.00,161.10
c7552,0.00054,2534.00,155.80
alu4,0.01521,1952.00,42.10
alu4,0.00427,2413.00,45.30
ksa32,2e-05,1108.00,27.00
wal8,0.0297,1025.00,68.10
c1908,0.03137,447.00,51.40
alu4,0.01999,1817.00,41.30
c5315,0.02849,2252.00,72.30
c5315,0,2367.00,75.90
cla32,0.01072,814.00,47.70
c7552,0.00098,2511.00,156.60
c1908,0.03098,447.00,51.40
ksa32,0.00488,978.00,25.30
ksa32,0,1087.00,27.00
c3540,0.0034,1564.00,82.90
alu4,0.01682,1826.00,40.40
alu4,0.00286,2469.00,45.10
ksa32,7e-05,1081.00,26.30
alu4,0.00519,2338.00,44.20
alu4,0.00908,2153.00,40.90
c7552,0.0011,2504.00,155.80
c7552,0.00158,2490.00,156.60
c1908,0.00046,743.00,60.40
c7552,0.00058,2567.00,160.90
alu4,0.00674,2260.00,43.30
c3540,8e-05,1589.00,83.20
alu4,0.01072,2086.00,40.40
c2670,1e-05,963.00,47.40
alu4,0.00126,2598.00,46.00
ksa32,5e-05,1036.00,23.20
c3540,0.01605,1526.00,82.10
ksa32,0.01501,933.00,24.50
cla32,0.04188,791.00,44.40
alu4,0.00253,2487.00,45.40
c5315,0.00595,2331.00,75.90
c5315,0.0451,2281.00,73.90
alu4,0.00208,2520.00,45.80
c7552,0.00015,2575.00,161.00
cla32,3e-05,875.00,46.20
c3540,0.0418,1402.00,83.20
c3540,0.01429,1531.00,83.80
alu4,0.00195,2553.00,45.90
ksa32,1e-05,1086.00,27.00
cla32,6e-05,883.00,54.40
c7552,7e-05,2645.00,161.20
c5315,0.00788,2313.00,75.90
alu4,0.00261,2512.00,45.80
c7552,0.0002,2569.00,160.60
alu4,0.00427,2420.00,45.00
wal8,0.00011,1053.00,64.20
c880,0.00065,551.00,38.80
ksa32,1e-05,1061.00,26.60
ksa32,3e-05,1051.00,26.30
c7552,0.00036,2547.00,160.60
alu4,0.01132,2043.00,39.40
ksa32,1e-05,1034.00,23.20
cla32,0.00656,815.00,47.70
alu4,0.00057,2654.00,46.40
alu4,0.0253,1570.00,37.70
alu4,0.00456,2383.00,44.30
ksa32,5e-05,1036.00,23.20
alu4,0.0078,2203.00,42.10
c1908,0.01489,629.00,58.70
c1908,0.02679,544.00,51.50
alu4,0.02749,1656.00,42.90
ksa32,4e-05,1036.00,23.20
alu4,0.00686,2255.00,43.30
c5315,0.00865,2303.00,75.00
alu4,0.00146,2579.00,45.60
cla32,3e-05,880.00,54.50
c1908,0.0342,414.00,50.10
alu4,0.01927,1850.00,41.60
c7552,0.00081,2527.00,157.00
alu4,0.00861,2176.00,41.40
c3540,0.00497,1560.00,83.50
c1908,0.00121,730.00,60.40
alu4,0.00856,2164.00,41.40
alu4,0.00031,2664.00,46.40
c3540,0.02849,1483.00,82.80
c1908,0.03679,333.00,41.70
wal8,0,1061.00,64.90
cla32,0.00302,828.00,46.70
c5315,0,2387.00,76.30
alu4,0.01671,1867.00,41.00
c7552,0.00043,2534.00,155.40
c7552,0.00173,2482.00,156.60
cla32,2e-05,902.00,50.20
wal8,0,1071.00,65.40
ksa32,6e-05,1055.00,29.30
c3540,0.00206,1571.00,82.90
c7552,0.01234,2412.00,156.80
ksa32,6e-05,1082.00,28.40
ksa32,7e-05,1034.00,24.00
ksa32,5e-05,1036.00,23.20
alu4,0.00088,2635.00,46.50
alu4,0.00029,2694.00,46.80
ksa32,9e-05,1035.00,24.00
c2670,1e-05,978.00,47.70
alu4,0.00087,2634.00,46.50
ksa32,0.00192,1023.00,24.00
alu4,0.02461,1718.00,40.80
alu4,0.01674,1842.00,40.60
c2670,0,963.00,47.40
c7552,0.00015,2621.00,161.20
rca32,0.04804,651.00,28.00
alu4,0.0157,1917.00,41.90
alu4,0.02713,1662.00,42.90
c7552,0.00103,2501.00,156.60
c7552,0.00034,2541.00,160.60
alu4,4e-05,2717.00,47.10
c3540,0.00542,1562.00,83.50
alu4,0.00601,2301.00,44.30
alu4,0.00512,2357.00,44.70
cla32,0.0005,844.00,46.70
alu4,0.00059,2665.00,47.00
alu4,0.00206,2533.00,46.00
alu4,0.01388,1960.00,41.80
alu4,0.00694,2249.00,42.00
c3540,0.00695,1558.00,83.50
c5315,0.01049,2300.00,73.90
ksa32,6e-05,1035.00,24.00
alu4,0.00706,2265.00,43.30
c5315,0.01107,2300.00,73.90
alu4,0.00883,2155.00,40.20
c3540,0.04648,1324.00,81.40
alu4,0.02983,1482.00,38.20
alu4,0.01178,2040.00,40.30
ksa32,0.00204,1023.00,24.00
alu4,0.01555,1923.00,41.40
alu4,0.004,2445.00,45.00
ksa32,3e-05,1036.00,23.20
alu4,0.0273,1517.00,37.60
c7552,0.00031,2594.00,161.00
wal8,0.02592,1027.00,68.10
cla32,0.02122,803.00,48.10
c1908,0,751.00,60.40
cla32,0.00024,847.00,47.20
alu4,0.00174,2577.00,46.10
c7552,0.00062,2530.00,161.00
alu4,0.001,2588.00,46.20
alu4,0.01742,1902.00,41.00
c3540,0.02586,1492.00,82.80
alu4,0.01063,2076.00,42.30
c3540,0.00097,1582.00,83.80
alu4,0.00086,2634.00,46.40
cla32,0.00213,842.00,46.70
alu4,0.00023,2702.00,46.70
alu4,0.00257,2503.00,45.50
c3540,0.01243,1542.00,84.60
ksa32,6e-05,1033.00,24.00
ksa32,0,1074.00,26.60
rca32,0.01972,660.00,28.00
c7552,0.00043,2532.00,161.40
alu4,0.00219,2523.00,45.80
c7552,0.00044,2548.00,161.00
alu4,0.00683,2261.00,44.30
c5315,0.00559,2331.00,75.90
c880,0.00055,551.00,38.80
ksa32,0.0116,954.00,25.40
ksa32,0.02322,851.00,19.60
c3540,0.02413,1499.00,82.80
c2670,0,970.00,47.40
ksa32,4e-05,1036.00,23.20
cla32,2e-05,897.00,50.20
alu4,0.00638,2248.00,43.60
c5315,0,2392.00,76.30
rca32,0.00407,664.00,28.00
alu4,0.00401,2400.00,44.50
c1908,0.03079,468.00,51.70
alu4,0.00363,2456.00,45.30
alu4,0.00326,2462.00,45.00
alu4,0.00456,2384.00,44.70
ksa32,0.0029,991.00,25.30
alu4,0.00123,2605.00,46.00
alu4,0.00052,2678.00,46.70
c1908,0.00753,696.00,60.40
ksa32,7e-05,1045.00,25.60
alu4,0.01883,1739.00,40.10
c7552,0.0009,2564.00,161.20
cla32,4e-05,873.00,56.00
ksa32,5e-05,1030.00,24.00
cla32,4e-05,880.00,54.50
c1908,0.00013,746.00,60.40
c1908,0.03707,350.00,40.00
alu4,0.01708,1894.00,41.50
alu4,0.00731,2249.00,42.00
alu4,0.00881,2149.00,40.20
alu4,0.02124,1674.00,40.40
c3540,0.02632,1492.00,82.80
ksa32,9e-05,1036.00,23.20
alu4,0.00045,2667.00,46.60
ksa32,0.00013,1034.00,24.00
alu4,0.01118,2072.00,41.50
cla32,7e-05,854.00,47.20
c5315,0,2393.00,77.30
ksa32,5e-05,1035.00,24.00
c5315,0.00648,2320.00,75.90
alu4,0.00214,2512.00,45.80
ksa32,5e-05,1030.00,24.00
ksa32,4e-05,1099.00,26.70
c2670,0.00299,955.00,46.90
alu4,0.00036,2679.00,46.80
c7552,0.00112,2513.00,161.00
c7552,0.00078,2579.00,161.20
alu4,0.00717,2234.00,43.40
ksa32,0.00298,991.00,25.30
c1908,0.00105,732.00,60.40
alu4,0.01634,1808.00,39.90
c7552,0.01712,2404.00,156.80
c7552,0.00056,2552.00,161.00
c7552,0.00068,2535.00,161.00
ksa32,0.00951,963.00,24.50
c7552,0.00064,2540.00,161.00
ksa32,7e-05,1032.00,24.00
alu4,0.00249,2500.00,45.20
c7552,0.00028,2552.00,160.60
cla32,0.00517,819.00,47.70
c2670,0.03426,898.00,40.50
ksa32,7e-05,1032.00,24.00
alu4,0.00323,2443.00,44.90
c7552,0.00031,2609.00,160.80
c7552,0.00022,2576.00,160.60
ksa32,6e-05,1033.00,24.00
c3540,0.04953,1302.00,81.40
wal8,0.00318,1057.00,70.70
wal8,0.00123,1057.00,67.80
c7552,5e-05,2643.00,161.20
alu4,0.00185,2563.00,46.10
alu4,6e-05,2710.00,47.10
c7552,0.0003,2583.00,161.10
c1908,0.01784,612.00,58.20
alu4,0.01615,1907.00,41.30
c5315,0.0008,2354.00,75.90
c7552,0.00026,2565.00,161.00
c5315,0.0056,2328.00,75.90
alu4,0.00214,2525.00,45.40
wal8,0.00018,1057.00,64.90
alu4,0.03217,1566.00,40.80
alu4,0.0026,2495.00,45.20
alu4,0.00273,2493.00,45.50
ksa32,1e-05,1114.00,27.00
mtp8,0.00405,1022.00,61.00
c1908,0.02734,537.00,51.80
alu4,0.00507,2333.00,45.40
alu4,0.01716,1792.00,39.70
c1908,0.03286,413.00,50.10
alu4,0.00257,2500.00,45.40
ksa32,0.011,959.00,24.50
c7552,0.00018,2610.00,160.80
ksa32,9e-05,1046.00,25.60
wal8,0.00895,1054.00,68.20
alu4,0.00121,2593.00,46.00
alu4,0.00334,2457.00,45.20
c1908,0,750.00,60.40
alu4,0.00023,2692.00,49.60
ksa32,7e-05,1033.00,24.00
c7552,0.00076,2519.00,161.40
alu4,0.01953,1816.00,41.30
alu4,0.00014,2703.00,49.00
ksa32,5e-05,1033.00,24.00
c2670,3e-05,966.00,47.40
c2670,0,970.00,47.40
alu4,0.00028,2667.00,46.70
alu4,0.00278,2460.00,45.00
alu4,0.02881,1606.00,42.30
c7552,0.00051,2558.00,161.00
c1908,0.00133,730.00,60.40
c5315,0.00794,2307.00,75.00
alu4,5e-05,2711.00,48.80
c1908,0.03538,383.00,49.00
alu4,0.03169,1563.00,41.20
ksa32,0.00287,991.00,25.30
c7552,0.00015,2611.00,161.10
cla32,0.00019,853.00,47.20
ksa32,4e-05,1084.00,26.90
alu4,0.01187,2028.00,40.30
c1908,0.03676,284.00,23.70
c2670,0.00925,931.00,46.30
c2670,0,968.00,47.40
alu4,0.00451,2383.00,44.40
ksa32,0.00371,985.00,25.30
c2670,1e-05,974.00,47.40
alu4,0.0008,2629.00,46.10
alu4,0.0073,2223.00,41.00
alu4,0.01494,1941.00,41.90
c1908,0.00244,722.00,60.40
ksa32,6e-05,1046.00,25.60
c5315,0.00618,2320.00,75.90
c7552,0.00018,2600.00,161.20
c1908,0.00073,738.00,60.40
alu4,0.00249,2519.00,45.50
ksa32,7e-05,1034.00,23.20
alu4,0.0059,2275.00,44.10
alu4,0.00127,2594.00,45.60
alu4,0.00215,2525.00,45.50
alu4,0.00367,2417.00,44.80
c7552,0.00366,2448.00,156.60
c1908,0.03193,453.00,51.70
ksa32,0.02099,884.00,24.50
alu4,0.00647,2265.00,40.70
c3540,0.02386,1502.00,82.10
alu4,0.03466,1484.00,40.40
c3540,0.01231,1541.00,84.60
alu4,0.00393,2417.00,44.90
alu4,0.00494,2350.00,44.70
c3540,0.00047,1584.00,83.80
c1908,0.00483,709.00,60.40
alu4,0.01656,1926.00,41.40
alu4,0.00342,2467.00,45.30
c2670,1e-05,968.00,47.40
c5315,0,2389.00,77.30
c7552,0.00012,2608.00,161.20
alu4,0.00143,2581.00,46.10
ksa32,4e-05,1034.00,23.20
alu4,0.00321,2473.00,45.80
ksa32,5e-05,1034.00,24.00
alu4,0.0004,2677.00,46.80
alu4,0.00106,2608.00,46.40
c3540,0.00394,1564.00,83.50
rca32,0.00012,677.00,28.50
c7552,0.00098,2510.00,155.40
alu4,0.02237,1772.00,41.30
c7552,0.00024,2569.00,161.00
c5315,0,2379.00,76.30
alu4,0.00967,2099.00,39.80
c5315,0,2377.00,76.30
alu4,0.00106,2610.00,46.10
cla32,0.02117,807.00,48.10
c3540,0.03361,1451.00,83.20
alu4,0.00454,2372.00,42.90
alu4,0.00362,2443.00,44.90
alu4,0.02309,1752.00,41.00
alu4,0.02213,1785.00,41.30
alu4,0.01435,1957.00,42.10
c7552,0.00104,2557.00,161.20
c7552,0.00045,2536.00,161.00
c1908,0.02778,519.00,57.00
c2670,0,978.00,47.70
alu4,0.00167,2575.00,47.70
alu4,0.00919,2132.00,42.70
c7552,0.00816,2421.00,156.80
cla32,2e-05,872.00,52.70
alu4,0.00024,2684.00,46.80
c5315,0,2365.00,76.30
alu4,0.02848,1495.00,38.40
c2670,0,968.00,47.40
wal8,0,1060.00,64.90
alu4,0.03518,1494.00,40.40
c1908,0.03544,350.00,40.00
alu4,0.00672,2241.00,42.00
alu4,0.00049,2680.00,46.90
c1908,0.02278,579.00,56.40
c3540,0.00027,1587.00,83.80
c3540,0.00498,1560.00,83.50
c7552,0.00076,2525.00,161.40
ksa32,1e-05,1031.00,24.00
c1908,0.02214,569.00,55.90
cla32,5e-05,895.00,50.60
ksa32,8e-05,1034.00,24.00
c7552,0.00085,2545.00,160.60
c3540,0.00093,1579.00,83.20
c5315,0.04909,2277.00,73.90
alu4,0.00013,2724.00,48.80
alu4,0.00052,2653.00,46.50
alu4,0.01707,1796.00,39.70
c2670,0,972.00,47.40
alu4,0.00041,2685.00,49.60
c2670,0,1144.00,48.50
c880,0.00016,578.00,38.80
cla32,0.00498,832.00,47.70
alu4,0.00095,2637.00,46.20
c7552,0.00047,2571.00,161.00
alu4,0.00445,2384.00,45.00
c1908,0.0012,730.00,60.40
c7552,0.00066,2550.00,161.00
c1908,0.00133,732.00,60.40
c7552,0.00026,2608.00,161.10
c5315,0,2366.00,76.30
alu4,0,2717.00,47.10
rca32,0.00382,664.00,28.00
alu4,0.02697,1541.00,37.70
alu4,0.01853,1861.00,41.00
c7552,0.00217,2468.00,156.60
ksa32,5e-05,1036.00,23.20
alu4,0.01459,1960.00,41.80
alu4,7e-05,2704.00,47.00
alu4,0.00681,2231.00,43.40
c7552,0.00061,2591.00,161.20
cla32,0,924.00,56.10
alu4,0.00386,2413.00,44.90
alu4,0.00167,2556.00,46.00
c3540,0.00033,1587.00,83.80
c1908,0.00778,694.00,60.40
c5315,0,2377.00,77.30
alu4,0.02683,1535.00,37.70
c7552,0.00066,2530.00,157.40
c5315,0.01529,2289.00,73.90
alu4,0.00495,2380.00,44.70
alu4,0.00028,2690.00,47.10
cla32,0,919.00,56.50
alu4,0.00106,2635.00,48.80
rca32,0.00205,670.00,26.90
c880,0.00464,528.00,38.40
c1908,0.02225,568.00,55.90
ksa32,5e-05,1032.00,24.00
c880,0.01472,519.00,34.40
c7552,0.00067,2528.00,161.40
c5315,0,2389.00,77.30
c7552,0.00044,2587.00,161.20
alu4,0.00195,2559.00,46.10
c5315,0.00607,2320.00,75.90
alu4,0.00437,2378.00,42.70
ksa32,0.04858,843.00,19.60
ksa32,3e-05,1102.00,27.00
c3540,0.00291,1564.00,82.90
alu4,9e-05,2707.00,47.10
alu4,0.00097,2628.00,46.10
c5315,0.01213,2295.00,73.90
cla32,9e-05,873.00,45.80
alu4,0.00099,2621.00,46.30
c3540,0.01091,1544.00,83.50
alu4,0.00366,2443.00,45.00
c7552,0.00034,2583.00,161.10
alu4,0.00365,2436.00,45.50
c7552,0.00023,2586.00,160.80
c3540,0.0412,1378.00,81.40
c3540,0.02098,1515.00,82.10
alu4,0.00106,2616.00,46.30
alu4,0.00227,2500.00,46.00
c1908,0,751.00,60.40
c2670,1e-05,965.00,47.40
c7552,0.00337,2448.00,156.60
c1908,0.03352,405.00,49.80
c5315,0.00078,2354.00,75.90
wal8,0.00127,1057.00,67.80
alu4,0.01954,1807.00,41.30
c3540,0.04682,1331.00,82.50
cla32,0.00051,844.00,46.70
c2670,0.0088,931.00,46.30
alu4,0.00407,2407.00,44.80
alu4,0.00029,2668.00,46.50
c3540,0,1599.00,83.40
alu4,0.04545,1377.00,38.10
c7552,0.00036,2564.00,161.00
c1908,0.00126,732.00,60.40
c1908,0.03192,435.00,50.00
cla32,0.01053,810.00,48.10
alu4,0.00344,2435.00,44.90
alu4,0.0006,2646.00,46.40
c2670,1e-05,968.00,47.40
c1908,0.03651,333.00,41.70
c1908,0.0361,350.00,40.00
c5315,0.02746,2252.00,72.30
c7552,0.00051,2536.00,161.00
c5315,0,2375.00,76.30
c7552,0.00048,2536.00,161.00
c3540,0.03223,1460.00,85.50
c3540,0.0409,1389.00,82.50
alu4,0.01001,2091.00,40.40
cla32,0.00214,834.00,46.70
alu4,0.01249,2003.00,39.50
c880,0.02597,508.00,34.50
alu4,0.01333,1983.00,39.20
cla32,0,950.00,57.00
alu4,0.00232,2507.00,45.10
alu4,0.0009,2622.00,46.40
wal8,0.01506,1039.00,68.20
alu4,0.02127,1791.00,41.30
c5315,0,2409.00,76.30
alu4,0.00947,2116.00,40.00
c7552,0.00036,2546.00,161.00
c7552,0.00084,2539.00,161.00
c7552,0.00144,2492.00,156.60
alu4,0.00073,2629.00,46.40
alu4,0.01107,2050.00,40.00
cla32,0.02097,801.00,48.10
c2670,0,968.00,47.40
c3540,0.0475,1306.00,81.40
wal8,0.00315,1057.00,70.70
c2670,1e-05,974.00,47.40
ksa32,4e-05,1093.00,27.00
cla32,1e-05,876.00,56.00
alu4,0.0058,2301.00,44.20
ksa32,5e-05,1034.00,23.20
ksa32,5e-05,1092.00,26.70
alu4,0.00104,2631.00,46.20
rca32,0.00234,670.00,26.90
ksa32,0.00776,974.00,25.40
c7552,0.0011,2503.00,156.60
c7552,0.04734,2304.00,154.80
alu4,0.00529,2307.00,42.70
c7552,0.0045,2438.00,156.40
ksa32,0.0197,882.00,24.50
alu4,0.04703,1368.00,38.10
alu4,0.00718,2206.00,43.60
alu4,0.00345,2437.00,44.90
alu4,0.00595,2283.00,44.00
alu4,0.00656,2268.00,46.20
c7552,0.00069,2516.00,161.00
alu4,0,2728.00,48.90
c5315,0,2383.00,77.30
c2670,0.00631,944.00,46.90
alu4,0.00625,2269.00,43.50
cla32,1e-05,875.00,50.10
c7552,0.00077,2533.00,157.00
c7552,2e-05,2667.00,161.10
alu4,0.01326,2007.00,44.40
c1908,0.01208,653.00,59.00
alu4,0.00874,2166.00,40.20
c7552,0.00018,2622.00,161.30
c5315,0.00439,2337.00,75.90
alu4,0.00178,2553.00,46.00
ksa32,6e-05,1079.00,26.30
c3540,0.00774,1553.00,83.50
ksa32,6e-05,1030.00,24.00
alu4,0.00529,2331.00,43.90
mtp8,0,1036.00,62.40
c2670,0.02093,914.00,44.90
c7552,0.00015,2611.00,161.00
c7552,0.00011,2642.00,161.10
alu4,0.0026,2515.00,45.20
alu4,0.00528,2347.00,45.00
alu4,0.00157,2588.00,46.00
ksa32,6e-05,1034.00,24.00
ksa32,7e-05,1034.00,24.00
c2670,0.00275,955.00,46.90
c7552,0.00033,2600.00,160.80
alu4,0.00947,2137.00,40.00
alu4,6e-05,2724.00,48.80
alu4,0.00049,2673.00,47.00
cla32,1e-05,890.00,50.20
ksa32,4e-05,1078.00,27.30
c7552,0.00017,2619.00,161.20
alu4,0.00293,2495.00,45.30
alu4,0.00266,2482.00,45.50
alu4,0.00635,2270.00,40.70
c1908,0.03242,414.00,50.10
cla32,0.04893,793.00,44.40
ksa32,0.00684,977.00,25.30
c5315,0.0028,2345.00,75.90
ksa32,2e-05,1116.00,27.00
alu4,0.00843,2179.00,42.90
ksa32,1e-05,1060.00,26.30
c2670,0,974.00,47.40
alu4,0.0006,2655.00,46.80
c2670,1e-05,967.00,47.40
cla32,2e-05,862.00,50.80
ksa32,1e-05,1072.00,27.30
c7552,0.0006,2556.00,161.00
c7552,0.00309,2448.00,156.60
c7552,0.00102,2517.00,161.00
alu4,0.00643,2258.00,43.80
c7552,0.00053,2538.00,161.40
ksa32,0.02026,873.00,24.40
alu4,0.00872,2153.00,40.90
c2670,0,985.00,48.10
alu4,0.01476,1967.00,41.60
mtp8,0,1031.00,61.20
alu4,0.01466,1942.00,41.10
alu4,0.01091,2075.00,39.10
wal8,0.00537,1056.00,70.30
alu4,0.00454,2376.00,44.20
c1908,0.00724,696.00,60.40
alu4,0.00227,2509.00,45.30
cla32,0,877.00,50.80
alu4,0,2711.00,47.30
c3540,0,1598.00,83.40
cla32,8e-05,856.00,46.40
c5315,0.00092,2354.00,75.90
c7552,0.00079,2528.00,155.80
alu4,0.00816,2149.00,40.60
wal8,0.00584,1057.00,70.30
alu4,0.00103,2627.00,46.10
c7552,0.00042,2571.00,160.90
c3540,0.00477,1562.00,83.50
c7552,0.00421,2438.00,156.40
alu4,0.00082,2627.00,46.40
c1908,0.0301,481.00,51.70
c7552,0.00083,2507.00,157.40
c1908,0.03564,353.00,41.50
alu4,0.00175,2564.00,47.70
c1908,0.00711,696.00,60.40
cla32,0.00028,850.00,46.70
alu4,0.0261,1555.00,37.70
c7552,0.00051,2533.00,161.00
alu4,0.00222,2528.00,45.60
alu4,0.00173,2568.00,46.10
alu4,0.0061,2269.00,43.80
alu4,0.00163,2586.00,46.60
alu4,0.00234,2518.00,45.70
rca32,0.03293,655.00,28.00
alu4,0.01171,2036.00,39.40
alu4,0.00218,2545.00,47.90
alu4,0.03757,1475.00,40.40
alu4,0.02078,1699.00,40.20
c880,0.01987,513.00,34.50
c3540,0.00483,1562.00,83.50
c3540,0.00479,1562.00,83.50
cla32,0.00017,850.00,47.20
ksa32,0.00064,1027.00,26.80
alu4,0.00702,2239.00,43.40
ksa32,0.0001,1034.00,23.20
alu4,0.00071,2643.00,46.50
ksa32,0.00502,978.00,25.30
cla32,0.00011,872.00,45.80
cla32,6e-05,867.00,53.10
c5315,0,2365.00,75.90
alu4,0.00267,2478.00,45.40
c880,0.00072,551.00,38.80
alu4,0.00378,2431.00,44.70
alu4,0.00125,2595.00,46.10
alu4,0.01549,1940.00,41.90
c7552,0.00709,2425.00,156.80
ksa32,0,1110.00,27.00
c2670,0.00644,939.00,46.60
alu4,0.00031,2674.00,46.50
alu4,0.00012,2697.00,47.10
cla32,0.00139,836.00,46.70
c5315,0.01482,2289.00,73.90
alu4,0.00218,2541.00,45.90
ksa32,0.00556,977.00,25.30
ksa32,0.0001,1032.00,24.00
c3540,0.00019,1587.00,83.80
wal8,0.013,1040.00,68.20
ksa32,0.00711,974.00,25.40
c7552,0.00052,2533.00,161.40
ksa32,3e-05,1095.00,26.60
c7552,0.00739,2426.00,156.80
c1908,0.02859,521.00,56.30
alu4,0,2722.00,46.90
cla32,0.00059,842.00,46.40
c7552,0.00111,2499.00,157.00
alu4,0.00217,2536.00,46.00
c7552,0.00063,2524.00,157.40
alu4,0.03682,1494.00,40.40
c1908,0.03585,371.00,47.20
alu4,0.01493,1955.00,41.10
alu4,0.00077,2657.00,46.30
alu4,0.02166,1777.00,41.30
c1908,0,756.00,60.40
ksa32,0.0228,851.00,19.60
ksa32,0.00191,1023.00,24.00
c5315,0.01424,2292.00,73.90
c7552,1e-05,2636.00,161.50
alu4,0.00307,2471.00,45.30
ksa32,2e-05,1110.00,27.00
alu4,0.02092,1802.00,41.30
c2670,0.00741,936.00,46.20
alu4,0.01931,1867.00,41.20
c880,0.00069,551.00,38.80
alu4,0.00086,2621.00,46.30
alu4,0.00019,2708.00,46.90
ksa32,4e-05,1049.00,25.60
ksa32,0.01038,958.00,25.40
alu4,0.00881,2154.00,41.30
alu4,0.00219,2527.00,45.70
cla32,8e-05,856.00,50.80
ksa32,2e-05,1085.00,26.30
rca32,0.00013,677.00,28.50
alu4,0.00042,2663.00,46.80
alu4,0.00719,2241.00,43.50
cla32,8e-05,865.00,52.30
ksa32,8e-05,1030.00,24.00
mtp8,0.0052,1009.00,61.00
c5315,0,2398.00,76.30
cla32,0.0497,789.00,45.40
cla32,7e-05,865.00,46.80
alu4,0.00125,2592.00,45.60
ksa32,4e-05,1033.00,24.00
c3540,0.04481,1335.00,81.40
alu4,0.00471,2375.00,42.70
c3540,0.01957,1518.00,82.10
c5315,0,2365.00,77.30
alu4,0.02554,1696.00,40.80
ksa32,0.00554,987.00,25.30
ksa32,7e-05,1030.00,24.00
alu4,0.04079,1404.00,38.50
cla32,0.01268,804.00,48.10
ksa32,0.00495,1014.00,26.80
alu4,0.00173,2597.00,46.20
alu4,0.03136,1579.00,41.20
c5315,0.00095,2358.00,75.90
c5315,0.00903,2313.00,75.90
c7552,0.00057,2553.00,161.00
c880,0.00065,551.00,38.80
ksa32,0.0195,893.00,24.50
c3540,0.03929,1421.00,83.20
ksa32,0.00516,978.00,25.30
alu4,0.0226,1639.00,37.20
alu4,0.00088,2619.00,46.00
ksa32,5e-05,1080.00,26.30
alu4,0,2722.00,46.70
alu4,0.00773,2218.00,41.00
c880,0.00279,540.00,38.50
alu4,0.00456,2401.00,44.80
cla32,0.00019,847.00,47.20
alu4,0.0061,2308.00,44.20
c2670,0,985.00,48.10
wal8,9e-05,1057.00,64.90
cla32,0.01318,810.00,48.10
alu4,0.03074,1584.00,42.20
alu4,0.0185,1747.00,40.60
c5315,0,2369.00,77.30
ksa32,0.01967,884.00,24.50
c5315,0.00614,2320.00,75.90
c3540,2e-05,1589.00,83.20
cla32,8e-05,863.00,46.80
c5315,0.00851,2307.00,75.00
c3540,0.04346,1359.00,82.50
cla32,0.00293,828.00,46.70
ksa32,3e-05,1046.00,25.60
c1908,0.02854,515.00,57.30
c1908,0.01266,653.00,59.00
alu4,0.04297,1399.00,38.40
cla32,3e-05,899.00,56.50
alu4,0.00155,2576.00,46.50
ksa32,6e-05,1033.00,24.00
ksa32,0.02059,873.00,24.40
ksa32,8e-05,1045.00,25.60
alu4,0.03573,1467.00,36.90
alu4,0.00639,2294.00,43.60
c1908,0.00889,683.00,59.50
ksa32,5e-05,1036.00,23.20
c3540,0.00336,1564.00,82.90
alu4,0.00177,2548.00,46.10
alu4,0.00089,2625.00,46.30
ksa32,0.00374,985.00,25.30
c1908,0.00121,732.00,60.40
ksa32,6e-05,1033.00,24.00
ksa32,0.01066,964.00,25.30
alu4,0.00235,2515.00,45.80
c1908,0.01456,640.00,58.80
ksa32,6e-05,1056.00,26.40
alu4,0.00034,2674.00,46.80
c1908,0.03325,405.00,49.80
c2670,0.04262,891.00,40.50
c7552,0.00023,2575.00,161.00
ksa32,9e-05,1035.00,24.00
c2670,0.04856,881.00,39.50
ksa32,0.01919,893.00,24.50
alu4,0.00227,2511.00,45.50
c880,0.0006,551.00,38.80
alu4,0.00086,2653.00,46.90
c5315,0,2382.00,76.30
c7552,0.00041,2548.00,161.40
alu4,0.00355,2446.00,44.90
c5315,0,2378.00,77.30
c7552,0.00973,2420.00,157.20
c3540,0.02861,1477.00,83.20
c2670,0,974.00,47.40
c7552,0.02456,2397.00,156.80
alu4,0.00388,2418.00,44.80
alu4,0.00454,2370.00,44.70
c1908,0.01982,587.00,56.40
alu4,0.00195,2527.00,46.00
alu4,0.00347,2452.00,45.20
c2670,0,978.00,47.70
alu4,0.0042,2433.00,45.50
alu4,0.00464,2359.00,44.20
c3540,0.04832,1318.00,81.40
c1908,0.0366,279.00,23.80
alu4,0.0275,1496.00,38.20
alu4,0.01366,1985.00,39.20
ksa32,1e-05,1108.00,27.00
alu4,0.00318,2452.00,45.50
alu4,0.00015,2702.00,47.10
wal8,0.00964,1048.00,68.20
ksa32,9e-05,1058.00,26.70
c1908,0,751.00,60.40
ksa32,9e-05,1034.00,23.20
c7552,0.00206,2468.00,156.60
alu4,0.00025,2697.00,46.60
cla32,0.00195,834.00,46.70
cla32,0,914.00,56.50
c7552,0.00011,2601.00,160.80
alu4,0.00842,2171.00,42.80
c7552,0.00101,2499.00,156.60
alu4,0.00371,2418.00,44.70
alu4,0.0037,2437.00,45.00
ksa32,0.00011,1033.00,24.00
wal8,0.00564,1057.00,70.30
cla32,0,942.00,57.00
c7552,0.00026,2552.00,160.60
cla32,0.00697,809.00,48.10
c1908,0.03271,411.00,49.40
alu4,0.00175,2549.00,45.60
ksa32,1e-05,1079.00,27.00
c2670,0.02053,914.00,44.90
c1908,0.01523,629.00,58.70
c3540,0.02011,1514.00,82.10
cla32,1e-05,863.00,52.70
c5315,0.00403,2337.00,75.90
cla32,0.00015,853.00,46.70
alu4,0.03206,1545.00,40.80
ksa32,0.0041,985.00,25.30
alu4,0.02197,1649.00,40.30
alu4,0.00229,2538.00,46.10
ksa32,0.00852,968.00,25.40
ksa32,5e-05,1035.00,24.00
wal8,0.02335,1029.00,68.20
c5315,0.00455,2337.00,75.90
alu4,0.00307,2466.00,45.10
alu4,0.01182,2032.00,39.40
c3540,0.0005,1584.00,83.80
alu4,0.02826,1646.00,42.50
alu4,0.02098,1683.00,40.40
alu4,0.02253,1665.00,40.20
ksa32,0.00839,966.00,25.30
c7552,0.00039,2565.00,161.00
c5315,0,2393.00,76.30
cla32,0.01043,803.00,50.70
c1908,0.02361,558.00,55.90
c3540,0,1596.00,83.40
alu4,0.0182,1868.00,41.00
ksa32,0.00601,981.00,25.30
alu4,0.00479,2363.00,44.70
cla32,0.00476,825.00,47.70
ksa32,0.00276,1020.00,26.80
c5315,0.01094,2300.00,73.90
c5315,0,2401.00,76.30
alu4,0.00018,2675.00,46.80
cla32,7e-05,883.00,50.20
cla32,6e-05,880.00,57.30
c7552,0.00056,2539.00,161.00
c7552,0.0005,2559.00,161.00
alu4,0.0082,2183.00,43.10
ksa32,9e-05,1032.00,24.00
alu4,0.01546,1945.00,41.90
rca32,0.00209,670.00,26.90
alu4,0.02543,1694.00,40.90
c3540,0.00065,1584.00,83.80
alu4,0.04196,1413.00,34.40
c2670,0,985.00,48.10
alu4,0.00073,2656.00,46.90
ksa32,2e-05,1032.00,24.00
cla32,5e-05,864.00,51.20
cla32,3e-05,883.00,54.50
rca32,0.0038,664.00,28.00
c5315,0,2386.00,76.30
c7552,0.00164,2477.00,156.60
alu4,0.00317,2449.00,45.50
alu4,0.00515,2354.00,45.20
alu4,0.00034,2682.00,46.80
cla32,3e-05,872.00,51.40
c7552,0.00385,2443.00,156.60
c3540,0.02282,1505.00,82.80
c880,0.00075,551.00,38.80
c7552,0.00109,2504.00,156.60
alu4,0.00022,2686.00,46.80
c5315,0.00483,2334.00,75.90
alu4,0,2733.00,48.50
c3540,0.00495,1562.00,83.50
c3540,0.00291,1564.00,82.90
ksa32,4e-05,1102.00,26.60
mtp8,0,1055.00,62.80
c3540,0,1600.00,83.40
alu4,0.01195,2034.00,40.30
alu4,0.0062,2288.00,40.90
alu4,0.00029,2685.00,46.80
c7552,0.00013,2595.00,160.80
wal8,0.00012,1057.00,64.90
c5315,0.00828,2307.00,75.00
alu4,0.00931,2126.00,40.00
c7552,0.00044,2525.00,156.60
c2670,0,963.00,47.40
alu4,0.00224,2526.00,45.70
ksa32,0.02349,851.00,19.60
ksa32,7e-05,1036.00,23.20
c1908,0.00066,738.00,60.40
c5315,0.0068,2317.00,75.90
ksa32,0.02266,851.00,19.60
c5315,0.00676,2320.00,75.90
alu4,0.00324,2466.00,45.00
c7552,6e-05,2649.00,161.20
alu4,8e-05,2716.00,48.70
c7552,0.00034,2574.00,161.20
c2670,0.00109,960.00,46.80
alu4,0.0071,2222.00,43.30
c5315,0,2395.00,76.30
c7552,0.00436,2438.00,156.40
ksa32,0.01225,951.00,25.40
c5315,0.00561,2328.00,75.90
alu4,0.00059,2638.00,46.30
ksa32,4e-05,1036.00,23.20
wal8,0,1061.00,64.90
c3540,0.0284,1491.00,82.10
alu4,0.00754,2215.00,43.60
c2670,2e-05,967.00,47.40
alu4,0.00518,2328.00,44.40
c1908,0.00858,683.00,59.30
c880,0.00013,578.00,38.80
c5315,0,2373.00,76.30
mtp8,0.00414,1014.00,61.00
cla32,0.00043,843.00,46.70
c1908,0.029,514.00,51.30
c880,0.0433,493.00,33.50
alu4,0.00279,2481.00,46.00
alu4,0.01541,1931.00,41.90
alu4,0.00229,2499.00,45.80
alu4,0.02097,1685.00,40.40
cla32,6e-05,859.00,46.80
c880,0.00293,547.00,38.60
alu4,0.00452,2379.00,44.30
cla32,0.02746,795.00,48.10
alu4,0.00385,2430.00,45.50
alu4,0.00108,2635.00,46.20
c3540,0,1594.00,83.40
ksa32,5e-05,1076.00,26.40
alu4,0.00367,2425.00,44.60
c1908,0.03525,382.00,49.00
c7552,0.00082,2516.00,161.40
c5315,0,2368.00,76.30
alu4,0.00889,2147.00,40.80
ksa32,2e-05,1030.00,24.00
alu4,0.02634,1672.00,43.30
c3540,0.04072,1382.00,81.40
c7552,0.00071,2504.00,155.40
ksa32,5e-05,1075.00,28.40
alu4,0.00063,2646.00,46.30
alu4,0.00496,2369.00,44.50
alu4,0.00903,2145.00,40.20
alu4,0.02248,1741.00,41.00
alu4,0.02476,1709.00,40.80
mtp8,0,1031.00,62.40
c7552,0.00046,2580.00,161.20
c1908,0.02629,533.00,51.50
alu4,0.00327,2469.00,45.10
alu4,0.0013,2596.00,46.50
alu4,0.00435,2410.00,44.80
c2670,0.00408,953.00,43.30
alu4,0.00754,2214.00,43.10
c3540,0.04616,1348.00,82.50
c7552,0.0002,2607.00,160.80
c3540,0.04161,1398.00,83.20
alu4,0.00015,2710.00,47.10
c7552,0.00054,2552.00,161.00
ksa32,2e-05,1096.00,26.60
alu4,0.00263,2506.00,45.50
cla32,0,919.00,56.50
ksa32,0.01714,904.00,24.50
c7552,0.00085,2535.00,161.00
c3540,0.0355,1443.00,83.20
ksa32,5e-05,1108.00,27.00
alu4,0.0002,2700.00,46.90
c5315,0.0041,2337.00,75.90
alu4,0.00539,2332.00,44.20
ksa32,0.00098,997.00,25.30
ksa32,7e-05,1066.00,26.30
c7552,0.00011,2640.00,161.40
c7552,0.00051,2543.00,160.60
c7552,0.00054,2540.00,161.40
c7552,0.00018,2616.00,160.80
alu4,0.00038,2658.00,46.70
wal8,0,1060.00,64.90
alu4,0.00431,2386.00,44.40
alu4,0.01393,2014.00,43.40
alu4,9e-05,2696.00,47.00
alu4,0.00544,2327.00,44.90
c7552,2e-05,2648.00,161.40
c7552,0.00133,2494.00,156.60
alu4,0.00577,2310.00,44.40
c1908,0.00997,671.00,58.90
c2670,0.00434,944.00,46.50
c2670,0,968.00,47.40
c7552,0.00025,2576.00,160.90
cla32,3e-05,894.00,56.30
mtp8,0,1059.00,63.10
c7552,4e-05,2646.00,161.40
c3540,0.03442,1447.00,83.20
cla32,4e-05,890.00,50.20
cla32,4e-05,881.00,54.40
c7552,0.00033,2576.00,161.00
alu4,0.03888,1431.00,42.60
c7552,0.00112,2518.00,161.00
c2670,0.03118,902.00,41.30
ksa32,0.01997,882.00,24.50
alu4,0.04626,1386.00,38.10
c1908,0.03634,333.00,41.70
alu4,0.00148,2579.00,47.70
alu4,0.00073,2634.00,46.30
alu4,0.03507,1513.00,40.50
alu4,0.00093,2639.00,46.60
c7552,0.00069,2510.00,161.00
cla32,0.0002,847.00,47.20
ksa32,5e-05,1036.00,23.20
alu4,0.00415,2405.00,44.80
alu4,0.02129,1680.00,40.40
wal8,0.00589,1056.00,70.30
ksa32,0.00784,971.00,25.30
wal8,0.00554,1057.00,70.30
alu4,0.04401,1387.00,38.10
cla32,4e-05,862.00,50.40
alu4,0.01065,2080.00,42.30
cla32,0.00017,856.00,46.80
alu4,0.00434,2412.00,45.30
c5315,0,2419.00,76.30
alu4,0.0014,2601.00,46.60
alu4,0.003,2476.00,45.50
alu4,0,2718.00,47.10
ksa32,0.0001,1036.00,23.20
ksa32,4e-05,1032.00,24.00
c7552,0.0004,2556.00,161.00
alu4,0.02535,1577.00,37.70
c3540,0.0003,1587.00,83.80
cla32,2e-05,883.00,50.20
alu4,0.00562,2304.00,43.60
alu4,0.02265,1745.00,41.00
c1908,0.02789,544.00,51.50
alu4,0.00462,2356.00,45.20
ksa32,0.01628,919.00,24.50
alu4,0.00606,2307.00,43.80
alu4,0.00106,2610.00,46.00
cla32,0.00145,838.00,46.70
alu4,0.04572,1371.00,38.20
alu4,0.00429,2392.00,44.70
alu4,0.00359,2441.00,45.00
alu4,0.0017,2566.00,46.10
c7552,0.00044,2543.00,161.00
alu4,0.04232,1400.00,38.40
c2670,0.02134,914.00,44.90
alu4,0.00049,2664.00,46.40
c1908,0.01365,643.00,58.70
alu4,0.0041,2428.00,44.70
c7552,0.00622,2428.00,156.80
alu4,0.00075,2628.00,46.10
cla32,1e-05,874.00,51.40
ksa32,0.01004,962.00,25.40
mtp8,0,1047.00,62.40
alu4,0,2718.00,47.10
alu4,0.00241,2506.00,46.00
c2670,1e-05,974.00,47.40
ksa32,4e-05,1030.00,24.00
ksa32,4e-05,1062.00,26.40
alu4,0.02167,1665.00,40.20
wal8,0.02233,1029.00,68.20
cla32,0.00016,857.00,52.70
cla32,2e-05,890.00,56.30
c7552,0.00202,2468.00,156.60
c2670,0.0068,936.00,46.20
ksa32,5e-05,1035.00,24.00
cla32,3e-05,880.00,54.50
c2670,0,978.00,47.70
c7552,0.00284,2461.00,157.00
c3540,0.04314,1358.00,82.50
alu4,0.00219,2530.00,45.70
cla32,4e-05,878.00,51.40
alu4,0.0021,2546.00,45.90
rca32,0.00223,670.00,26.90
cla32,0.0032,829.00,47.70
c5315,0,2392.00,77.30
alu4,0.02586,1692.00,43.10
c2670,0.01449,924.00,45.60
alu4,0.01714,1800.00,39.90
c5315,0.0064,2320.00,75.90
alu4,0.0397,1437.00,42.60
cla32,0.00391,836.00,47.70
c7552,0.00021,2573.00,161.00
ksa32,0.0029,1020.00,26.80
ksa32,0.00694,977.00,25.30
c7552,0.00265,2463.00,156.60
alu4,0.00258,2490.00,45.50
alu4,0.00152,2580.00,46.00
ksa32,6e-05,1036.00,23.20
alu4,0.00126,2582.00,46.70
c7552,0.00068,2522.00,155.40
alu4,0.00227,2530.00,46.10
alu4,0.00456,2373.00,45.00
cla32,0.00631,815.00,47.70
c2670,0.02742,910.00,44.90
ksa32,0,1116.00,27.00
c7552,0.00042,2562.00,161.00
wal8,0.01545,1039.00,68.20
mtp8,0.03417,998.00,61.00
ksa32,0.00095,997.00,25.30
c5315,0.00101,2354.00,75.90
cla32,2e-05,884.00,50.20
alu4,0.00025,2692.00,49.60
c7552,0.00063,2533.00,156.60
c5315,0.01513,2284.00,73.90
c1908,7e-05,746.00,60.40
c5315,0,2373.00,76.30
c7552,0.00349,2448.00,156.60
cla32,3e-05,890.00,50.20
alu4,0.01337,2014.00,43.40
c7552,0.0001,2613.00,160.80
ksa32,0.01757,904.00,24.50
alu4,0.01387,1976.00,39.20
c5315,0.00795,2307.00,75.00
c3540,0.02214,1511.00,82.10
c3540,0.00055,1584.00,83.80
alu4,0.0013,2622.00,46.10
alu4,0.00233,2535.00,45.90
c5315,0,2369.00,75.90
cla32,0.00654,815.00,47.70
wal8,0.00314,1057.00,70.70
alu4,0.00374,2422.00,45.30
wal8,0,1065.00,65.40
cla32,6e-05,890.00,56.30
c1908,0,753.00,60.40
ksa32,0,1094.00,27.00
c7552,6e-05,2635.00,161.20
mtp8,0,1051.00,62.40
c5315,0.00512,2328.00,75.90
c7552,0.00079,2570.00,161.20
alu4,0.00428,2394.00,44.50
alu4,0.0075,2217.00,42.20
alu4,0.00149,2559.00,46.90
c5315,0.02387,2265.00,72.30
alu4,0.01674,1834.00,40.60
c1908,0.01345,640.00,58.80
c880,0.00068,551.00,38.80
alu4,0.00341,2458.00,45.00
c3540,0.02109,1512.00,82.80
c5315,0,2406.00,76.30
alu4,0.01566,1942.00,41.10
ksa32,0.01239,956.00,24.50
c2670,0.0215,913.00,41.30
ksa32,2e-05,1032.00,24.00
c2670,0,978.00,47.70
alu4,0.00154,2540.00,45.60
c7552,0.00082,2506.00,156.60
c2670,1e-05,978.00,47.70
c7552,0.00044,2578.00,161.20
alu4,0.00848,2184.00,41.70
alu4,0.01482,1962.00,42.40
ksa32,3e-05,1032.00,24.00
alu4,0.00087,2644.00,46.80
ksa32,6e-05,1035.00,24.00
c7552,0.00143,2481.00,156.60
wal8,6e-05,1057.00,64.90
ksa32,9e-05,1034.00,24.00
wal8,0.00526,1056.00,70.30
alu4,0.00091,2617.00,46.10
ksa32,2e-05,1055.00,25.60
alu4,0.00901,2184.00,41.70
alu4,0.008,2188.00,41.90
cla32,0.00017,851.00,47.20
cla32,0,906.00,53.40
alu4,0.02186,1661.00,40.10
c2670,0,974.00,47.40
alu4,0.00032,2692.00,46.60
cla32,3e-05,859.00,47.20
c1908,0.03421,394.00,49.70
c1908,8e-05,746.00,60.40
alu4,0.00498,2357.00,44.70
alu4,0.02225,1632.00,41.10
ksa32,2e-05,1066.00,26.30
c5315,0,2387.00,76.30
ksa32,0.01531,938.00,24.50
c3540,0.00062,1584.00,83.80
alu4,0.03921,1444.00,42.40
c7552,0.00062,2540.00,161.00
c2670,1e-05,974.00,47.40
alu4,0.02796,1520.00,37.60
ksa32,0.02121,871.00,24.40
ksa32,0.02144,871.00,24.40
alu4,0.00072,2660.00,46.90
c3540,0,1592.00,83.20
cla32,0.00016,854.00,46.90
alu4,0.02281,1755.00,41.00
alu4,0.00609,2276.00,40.90
alu4,0.00059,2660.00,46.30
alu4,0.00519,2343.00,44.20
alu4,0.0003,2698.00,49.60
ksa32,0.00693,977.00,25.30
alu4,0.00226,2524.00,45.50
alu4,0.00762,2195.00,40.80
c7552,0.00052,2540.00,161.00
c5315,0.00366,2337.00,75.90
alu4,0.01114,2053.00,40.00
alu4,0.0037,2429.00,44.70
alu4,0.00328,2452.00,44.90
alu4,0.00496,2321.00,45.10
alu4,0.01492,1950.00,41.10
c7552,5e-05,2647.00,161.50
c5315,0,2370.00,76.30
alu4,0.00088,2649.00,46.80
alu4,0.00777,2220.00,42.20
c7552,0.00074,2528.00,161.00
c7552,0.00048,2535.00,161.00
alu4,0.03521,1477.00,40.40
c1908,0.00041,743.00,60.40
alu4,0.00916,2139.00,40.00
alu4,0.00351,2454.00,45.00
c1908,0.01032,669.00,60.10
c7552,0.00057,2540.00,161.40
alu4,0.00187,2540.00,45.70
alu4,0.00809,2164.00,41.40
alu4,0.00374,2446.00,44.90
c7552,0.00094,2505.00,155.40
c5315,0.00973,2302.00,75.00
c1908,0.00015,746.00,60.40
ksa32,0.01399,947.00,24.50
cla32,4e-05,902.00,50.00
alu4,0.00692,2248.00,44.30
c5315,0.01148,2300.00,75.00
wal8,0,1069.00,65.40
ksa32,0.0001,1030.00,24.00
c5315,0,2369.00,76.30
c7552,0,2679.00,161.10
c7552,0.02792,2394.00,156.80
alu4,0.01077,2093.00,39.80
c7552,0.00088,2506.00,155.40
alu4,0.00083,2631.00,46.40
alu4,0.002,2528.00,46.00
alu4,0.00491,2312.00,44.40
c7552,0.00084,2531.00,161.40
wal8,0,1070.00,65.40
ksa32,6e-05,1030.00,24.00
alu4,0.01669,1855.00,41.00
c7552,0.00045,2551.00,160.60
cla32,1e-05,908.00,50.00
c5315,0,2375.00,76.30
alu4,0.00468,2365.00,44.70
c5315,0,2397.00,76.30
ksa32,0.00322,1020.00,26.80
alu4,0.00503,2323.00,44.40
alu4,0.0262,1537.00,37.50
c3540,0.04544,1335.00,81.40
alu4,0.01411,1970.00,44.70
cla32,6e-05,878.00,53.70
alu4,0.01525,1935.00,41.30
alu4,0.00461,2399.00,44.60
c2670,0,966.00,47.40
alu4,0.00315,2477.00,45.30
cla32,3e-05,878.00,53.70
cla32,0.00015,852.00,46.40
alu4,0.02034,1808.00,41.30
alu4,0.00074,2642.00,46.60
c1908,0,751.00,60.40
c1908,0.01174,655.00,58.70
c5315,0,2373.00,76.30
alu4,0.00257,2509.00,45.40
alu4,0.01149,2053.00,41.50
cla32,0.0001,857.00,47.20
alu4,0.00162,2559.00,45.60
c7552,0.00133,2504.00,161.00
ksa32,9e-05,1035.00,24.00
c7552,0.00362,2448.00,156.60
c7552,0.00014,2574.00,160.60
alu4,0.00178,2564.00,45.60
c7552,0.00444,2438.00,156.40
ksa32,1e-05,1035.00,24.00
alu4,0.00021,2679.00,46.50
alu4,0.00082,2630.00,46.40
alu4,0.04599,1375.00,38.10
ksa32,0.00917,963.00,25.40
c5315,0.01132,2296.00,73.90
alu4,0.00174,2537.00,45.90
alu4,0,2726.00,46.70
ksa32,0.00608,981.00,25.30
alu4,0.01945,1845.00,41.40
ksa32,0.00997,966.00,25.30
c3540,0.00016,1587.00,83.80
c7552,0.00078,2545.00,160.60
alu4,2e-05,2722.00,48.80
alu4,0.00292,2488.00,45.50
c5315,0,2380.00,76.30
c7552,0.00062,2521.00,156.60
cla32,0.0068,821.00,47.70
wal8,0,1070.00,65.40
alu4,0.00534,2329.00,45.10
c7552,9e-05,2657.00,161.10
c7552,0.00239,2468.00,156.60
c5315,0.00189,2348.00,75.90
c7552,0.00799,2423.00,157.20
alu4,0.01062,2062.00,40.00
alu4,0.00117,2607.00,46.10
cla32,0,945.00,56.60
c1908,0.03218,409.00,49.40
ksa32,7e-05,1035.00,24.00
alu4,0.00845,2130.00,40.60
alu4,0.00524,2375.00,44.50
c2670,1e-05,963.00,47.40
cla32,0.00458,825.00,47.70
c7552,0.00589,2433.00,156.80
c7552,0.00036,2603.00,160.70
c3540,9e-05,1589.00,83.20
alu4,0.0022,2517.00,45.20
alu4,0.00523,2349.00,44.90
c3540,0,1595.00,83.40
c2670,0.00137,960.00,46.80
c5315,0,2389.00,77.30
alu4,0.00483,2346.00,44.90
ksa32,0.01606,928.00,24.50
c7552,0.00024,2592.00,160.80
alu4,0.00125,2625.00,46.60
c2670,0,970.00,47.40
c7552,0.00045,2550.00,161.00
cla32,0,864.00,51.60
c5315,0,2382.00,76.30
c5315,0.04685,2283.00,73.90
c1908,0.03125,451.00,51.70
alu4,0.00018,2696.00,46.90
alu4,0.00058,2655.00,46.30
c1908,0.02291,564.00,55.90
c1908,0.0001,746.00,60.40
alu4,0.00114,2602.00,46.00
alu4,0.00448,2383.00,42.70
alu4,0.00112,2608.00,46.30
ksa32,2e-05,1033.00,24.00
c2670,0.01466,924.00,45.60
cla32,2e-05,876.00,49.80
cla32,2e-05,886.00,51.00
cla32,5e-05,867.00,57.70
c7552,0.00076,2515.00,156.60
c7552,0.0003,2579.00,161.20
alu4,0.00064,2662.00,46.30
alu4,0.0005,2665.00,46.40
alu4,0.03725,1463.00,36.60
alu4,0.00266,2520.00,45.80
ksa32,0.0001,1034.00,24.00
c7552,0.00026,2578.00,161.20
c1908,0.02983,481.00,51.70
alu4,0.00626,2282.00,44.20
alu4,0.00247,2498.00,45.80
wal8,0.03958,1022.00,68.10
ksa32,3e-05,1035.00,24.00
alu4,0.02032,1817.00,41.30
ksa32,0.00302,991.00,25.30
c7552,0.00044,2556.00,161.00
c7552,0.00064,2524.00,161.00
alu4,0.02753,1629.00,42.50
cla32,6e-05,859.00,46.80
alu4,0.03923,1437.00,42.60
alu4,0.03128,1587.00,42.30
mtp8,0.0041,1014.00,61.00
ksa32,3e-05,1030.00,24.00
c2670,0,974.00,47.40
c3540,0.005,1560.00,83.50
alu4,0.00678,2244.00,42.00
c880,0.00052,551.00,38.80
c7552,5e-05,2637.00,161.20
alu4,0.00026,2692.00,46.80
c7552,0.0012,2509.00,161.40
c7552,0.00051,2567.00,161.00
c2670,0.00723,936.00,46.20
c2670,0,970.00,47.40
c7552,0.00092,2520.00,161.00
alu4,0.01257,2037.00,40.30
c2670,0.0001,990.00,48.10
alu4,0.0269,1658.00,42.90
cla32,2e-05,879.00,45.70
c1908,0.01075,670.00,60.10
c3540,0.03748,1429.00,83.20
c1908,0.03625,279.00,23.80
c1908,0.00124,732.00,60.40
cla32,3e-05,875.00,52.70
alu4,0.00404,2418.00,44.90
c7552,5e-05,2639.00,161.10
c5315,0,2377.00,76.30
c1908,0.00011,746.00,60.40
c7552,0.00051,2601.00,161.10
c5315,0,2381.00,77.30
c3540,0.04836,1306.00,81.40
alu4,0.002,2538.00,45.70
c7552,1e-05,2665.00,161.10
c7552,0.0497,2301.00,154.50
c7552,0.00047,2535.00,161.00
alu4,0.00641,2279.00,43.90
alu4,0.0204,1825.00,41.30
c5315,0.00612,2320.00,75.90
c1908,0.02989,468.00,51.70
c5315,0,2384.00,76.30
alu4,0.00361,2432.00,44.90
c2670,0.00121,960.00,46.80
alu4,0.00301,2478.00,45.00
c1908,0,750.00,60.40
alu4,0.00428,2353.00,44.20
c1908,0.03315,406.00,49.40
c7552,0.00011,2596.00,160.60
c1908,0.03016,493.00,57.10
alu4,0.00292,2458.00,45.30
c1908,0.01641,624.00,58.20
c7552,0.00074,2515.00,155.40
cla32,0.00308,827.00,47.70
alu4,0.00184,2554.00,47.70
cla32,0,912.00,56.50
alu4,0.00119,2599.00,46.00
c3540,0.00049,1584.00,83.80
cla32,0.00165,836.00,46.40
alu4,0.00032,2693.00,46.80
c5315,0,2376.00,76.30
wal8,0,1072.00,65.40
cla32,0.0002,847.00,47.20
c1908,0.0182,601.00,57.40
c5315,0,2380.00,77.30
c2670,0,967.00,47.40
c5315,0.01348,2292.00,73.90
alu4,0.0012,2587.00,46.10
alu4,0.00413,2433.00,44.70
cla32,0.00066,842.00,46.70
mtp8,0,1042.00,62.40
alu4,0.00726,2231.00,42.00
c5315,0.00202,2348.00,75.90
c2670,0.03732,894.00,40.50
alu4,0.02472,1707.00,40.80
alu4,0.00266,2488.00,45.30
c5315,0.0187,2277.00,73.90
ksa32,5e-05,1061.00,29.30
mtp8,0,1038.00,62.40
alu4,0.02054,1793.00,41.30
c3540,0,1599.00,83.40
ksa32,8e-05,1032.00,24.00
c7552,0.00096,2541.00,160.60
alu4,0.0007,2653.00,46.90
c3540,0.04113,1410.00,83.20
mtp8,0.02363,1007.00,61.00
cla32,0.00048,846.00,46.70
alu4,0,2718.00,47.10
ksa32,2e-05,1030.00,24.00
c1908,0.03533,371.00,47.20
mtp8,0,1024.00,61.00
ksa32,0.0001,1030.00,24.00
c5315,0.02893,2252.00,72.30
alu4,0.0071,2220.00,43.60
cla32,1e-05,862.00,50.80
alu4,0.00089,2636.00,46.60
alu4,0.0154,1941.00,41.90
alu4,0.02374,1611.00,41.40
c7552,0.00056,2523.00,156.60
alu4,0.00489,2362.00,44.20
alu4,0.00111,2620.00,46.10
c1908,0.03718,279.00,23.80
alu4,0.00281,2493.00,45.30
ksa32,5e-05,1030.00,24.00
c3540,0.04999,1302.00,82.50
c7552,0.00011,2601.00,160.80
alu4,0.00465,2345.00,44.20
ksa32,3e-05,1035.00,24.00
c7552,0.00099,2518.00,157.00
c2670,0,966.00,47.40
c5315,0.00072,2354.00,75.90
alu4,0.00565,2318.00,44.70
alu4,0.00064,2676.00,46.80
c1908,0.01045,669.00,60.10
c7552,0.00051,2549.00,161.00
c7552,0.00057,2541.00,161.40
alu4,0.02684,1552.00,37.70
alu4,0.00071,2665.00,46.30
mtp8,0.00513,1010.00,61.00
ksa32,0.00075,1030.00,24.00
alu4,0.00224,2523.00,45.40
c3540,3e-05,1589.00,83.20
alu4,0.00118,2600.00,46.60
alu4,0.00178,2543.00,46.10
alu4,0.0189,1862.00,41.00
ksa32,7e-05,1035.00,24.00
alu4,0.00307,2481.00,45.00
cla32,2e-05,879.00,45.70
mtp8,0.00379,1022.00,61.00
cla32,0.00014,855.00,46.90
c7552,0.00416,2438.00,156.40
c5315,0,2397.00,76.30
alu4,0.00397,2395.00,45.00
ksa32,0.00682,974.00,25.40
c880,0.00078,551.00,38.80
alu4,0.0101,2096.00,40.20
ksa32,0.00603,984.00,25.30
alu4,0.00443,2363.00,44.70
c7552,0.00145,2502.00,161.40
ksa32,0.00513,990.00,25.30
c7552,0.0017,2481.00,156.60
cla32,0.00017,851.00,46.70
c2670,0,978.00,47.70
c2670,0,1124.00,48.10
ksa32,1e-05,1117.00,26.60
alu4,0.00757,2236.00,43.50
alu4,0.01221,2011.00,39.30
wal8,0,1076.00,66.40
alu4,0.0026,2484.00,45.00
c7552,7e-05,2616.00,161.20
c2670,1e-05,963.00,47.40
c3540,0.01422,1529.00,83.20
alu4,0.00773,2187.00,43.10
c1908,0.02426,564.00,55.90
wal8,0,1065.00,64.90
cla32,5e-05,860.00,46.80
c3540,0.00284,1564.00,82.90
ksa32,2e-05,1055.00,25.60
wal8,0.03658,1024.00,68.10
alu4,0,2730.00,49.00
c7552,0.00014,2574.00,160.60
alu4,0.0037,2432.00,45.00
alu4,0.02629,1666.00,42.90
alu4,0.0069,2262.00,43.80
alu4,0.00634,2258.00,40.60
cla32,0.00293,834.00,46.40
c1908,0.02786,528.00,51.80
ksa32,0.00623,977.00,25.30
ksa32,0.00961,966.00,25.30
c5315,0,2370.00,75.90
ksa32,6e-05,1035.00,24.00
c7552,0.00062,2533.00,155.40
alu4,0.00168,2584.00,46.00
c2670,1e-05,966.00,47.40
c880,0.00015,578.00,38.80
cla32,0.00946,807.00,48.10
alu4,0.00039,2678.00,46.80
ksa32,2e-05,1035.00,24.00
c5315,0,2382.00,77.30
alu4,0.00683,2242.00,43.40
alu4,0.04718,1382.00,38.10
ksa32,8e-05,1030.00,24.00
c7552,0.00371,2443.00,156.60
c5315,0.00605,2320.00,75.90
alu4,0.02014,1814.00,41.30
cla32,0.00679,809.00,48.10
c7552,0.00046,2534.00,161.40
c1908,0.02948,514.00,51.30
c5315,0.00089,2354.00,75.90
alu4,0.00186,2533.00,45.60
alu4,0.00101,2619.00,46.30
alu4,0.01574,1820.00,40.40
c5315,0.00204,2348.00,75.90
alu4,0.00422,2392.00,45.00
ksa32,0.0001,1034.00,23.20
alu4,0.00535,2320.00,44.40
c2670,0.00463,944.00,46.50
alu4,0.01421,1978.00,39.20
alu4,0.00264,2498.00,46.00
rca32,0.00417,664.00,28.00
cla32,0.00046,843.00,46.70
c880,0.0214,514.00,34.40
ksa32,8e-05,1033.00,24.00
alu4,0.01242,2025.00,39.50
c7552,0.00051,2545.00,160.60
c880,0.00956,525.00,38.30
ksa32,6e-05,1034.00,23.20
c3540,0.00021,1587.00,83.80
ksa32,6e-05,1034.00,23.20
c880,0.02672,508.00,34.50
cla32,7e-05,867.00,52.30
alu4,0.01031,2096.00,39.80
cla32,0.00011,854.00,52.70
cla32,8e-05,870.00,50.80
alu4,0.00093,2591.00,46.20
alu4,0.00437,2399.00,45.00
c5315,0,2374.00,75.90
wal8,0.0322,1026.00,68.20
alu4,0.03819,1462.00,36.60
wal8,0.00544,1057.00,70.30
c2670,0.04585,887.00,39.90
c5315,0.00547,2331.00,75.90
rca32,0.00196,670.00,26.90
c2670,1e-05,978.00,47.70
alu4,0.03626,1471.00,36.90
c7552,0.00098,2522.00,161.00
alu4,0.00526,2313.00,44.40
c2670,4e-05,1056.00,48.10
alu4,0.00777,2214.00,43.10
alu4,0.00224,2515.00,46.00
alu4,0.01549,1911.00,41.30
c5315,0.02323,2265.00,72.30
c2670,0,978.00,47.70
alu4,0.00588,2287.00,44.30
c7552,0.00088,2520.00,157.00
c3540,0.04817,1327.00,81.40
c1908,0.02982,507.00,51.00
c1908,0.03568,353.00,41.50
cla32,0,866.00,51.60
ksa32,3e-05,1083.00,27.70
c3540,0.00444,1564.00,83.50
c3540,0.00895,1547.00,83.50
alu4,0.01905,1724.00,40.50
c7552,3e-05,2622.00,161.10
alu4,0.00242,2494.00,46.00
alu4,0.00042,2680.00,46.80
ksa32,5e-05,1031.00,24.00
alu4,0.03319,1529.00,40.80
alu4,0.00211,2520.00,45.40
alu4,0.0033,2460.00,45.50
cla32,0,900.00,56.10
alu4,0.0041,2406.00,44.80
wal8,0,1067.00,65.40
alu4,0.00148,2597.00,46.60
c2670,0.00271,957.00,43.90
c2670,0.00376,944.00,46.50
alu4,0.00191,2557.00,47.70
c880,0.00073,551.00,38.80
c7552,0.00012,2619.00,161.10
c5315,0,2376.00,77.30
c5315,0.00609,2320.00,75.90
alu4,0.04163,1409.00,40.20
c2670,0.00444,949.00,46.80
cla32,0.00027,847.00,47.20
c3540,0.0046,1562.00,83.50
c7552,0.00087,2552.00,160.80
alu4,0.00884,2142.00,40.80
ksa32,6e-05,1035.00,24.00
c880,0.03762,497.00,34.40
c7552,0.00054,2526.00,161.00
alu4,0.00332,2448.00,45.00
alu4,0.0081,2178.00,41.70
alu4,0.01374,1991.00,39.20
ksa32,4e-05,1033.00,24.00
c5315,0,2371.00,76.30
wal8,0.00713,1056.00,70.30
c7552,0.0009,2515.00,161.00
c5315,0.00691,2320.00,75.90
c2670,0,964.00,47.40
cla32,2e-05,864.00,51.60
c2670,0,974.00,47.40
c7552,7e-05,2661.00,161.10
alu4,0.00676,2254.00,43.60
c3540,0.03214,1473.00,83.20
cla32,3e-05,862.00,53.10
ksa32,5e-05,1035.00,24.00
cla32,0.01058,808.00,47.70
cla32,0.00016,860.00,51.60
wal8,0.00098,1057.00,67.80
ksa32,0.00013,1035.00,24.00
ksa32,0.01351,947.00,24.50
c2670,0.00897,931.00,46.30
ksa32,6e-05,1032.00,24.00
cla32,2e-05,902.00,50.20
rca32,0.00011,677.00,28.50
alu4,0.00229,2510.00,46.00
ksa32,7e-05,1035.00,24.00
c880,0.00298,540.00,38.50
c7552,0.00106,2509.00,156.60
alu4,0.00982,2086.00,40.40
wal8,0.00321,1057.00,70.70
ksa32,8e-05,1034.00,24.00
c7552,0.00038,2547.00,160.60
alu4,0.03512,1500.00,40.40
c3540,0.01184,1544.00,84.60
alu4,0.02683,1674.00,42.90
c1908,0.01683,612.00,58.20
c7552,0.00061,2536.00,161.00
c7552,0.00059,2538.00,161.40
c7552,6e-05,2595.00,160.80
ksa32,0,1122.00,27.00
c7552,0.00044,2534.00,161.00
alu4,0.0015,2591.00,46.60
c7552,0.00059,2550.00,161.00
c7552,0.00797,2423.00,157.20
cla32,2e-05,883.00,50.20
cla32,0,876.00,49.80
alu4,0.00555,2318.00,43.80
alu4,0.02401,1606.00,41.40
alu4,0.01198,2022.00,38.80
alu4,0.01012,2089.00,39.80
c5315,0,2386.00,77.30
c3540,0,1593.00,83.40
c3540,0.02857,1485.00,83.20
c2670,0.02772,909.00,41.30
alu4,0.02357,1725.00,40.80
cla32,9e-05,863.00,52.30
mtp8,0,1033.00,62.80
alu4,0.03573,1491.00,40.40
c7552,0.00086,2533.00,161.00
wal8,0,1062.00,64.90
alu4,0.00016,2705.00,49.00
c7552,0.00038,2557.00,161.00
alu4,0.00048,2683.00,46.80
alu4,0.00559,2329.00,43.90
alu4,0.00032,2692.00,49.60
c1908,0.02289,564.00,55.90
cla32,3e-05,883.00,50.20
alu4,0.00418,2407.00,44.80
c7552,0.00279,2460.00,157.30
c2670,1e-05,970.00,47.40
alu4,0.00849,2173.00,41.90
c7552,0.00173,2481.00,156.60
alu4,0.00073,2638.00,46.50
c7552,0,2659.00,161.30
alu4,0.01976,1702.00,40.40
c1908,0.02821,536.00,51.20
c880,0.00069,551.00,38.80
alu4,0.00628,2272.00,43.50
ksa32,3e-05,1082.00,26.90
ksa32,9e-05,1031.00,27.50
alu4,0.00173,2558.00,46.00
c1908,0.0273,536.00,51.20
c1908,0.02687,536.00,51.20
alu4,0.01682,1890.00,41.50
cla32,7e-05,873.00,54.40
alu4,0.01654,1887.00,41.30
c3540,0.00476,1560.00,83.50
wal8,0,1066.00,64.90
c3540,0.00919,1552.00,83.50
c1908,0.03158,443.00,49.70
alu4,0.00077,2638.00,46.40
alu4,0.00207,2508.00,45.60
alu4,0.00559,2322.00,44.50
c5315,0,2374.00,76.30
ksa32,0.01455,933.00,24.50
c5315,0,2405.00,76.30
c7552,0.00138,2502.00,156.60
c1908,0.03265,414.00,50.10
c880,0.00058,551.00,38.80
c2670,0.00118,960.00,46.80
c7552,1e-05,2668.00,160.70
c7552,0.00053,2535.00,156.60
alu4,0.00239,2522.00,45.70
alu4,0.00731,2203.00,43.60
c7552,0.00085,2505.00,161.40
ksa32,0.00505,978.00,25.30
alu4,0.02198,1649.00,40.30
c5315,0,2365.00,74.90
c3540,0.00437,1564.00,83.50
wal8,0,1067.00,65.40
c880,0.00484,528.00,38.40
ksa32,0.00271,1020.00,28.60
c1908,0.01167,655.00,58.70
c1908,0.00911,685.00,60.10
cla32,6e-05,872.00,55.60
alu4,0.03877,1443.00,42.40
ksa32,2e-05,1103.00,27.00
alu4,0.00264,2513.00,45.80
alu4,0.00184,2545.00,45.60
c1908,0.00258,721.00,60.40
c1908,0.0305,467.00,51.70
c2670,0.00132,960.00,46.80
c1908,0.02984,494.00,57.10
c7552,0.04625,2337.00,154.80
ksa32,0.01589,919.00,24.50
alu4,0.00297,2473.00,45.80
alu4,0.00034,2665.00,46.70
ksa32,0.03738,844.00,19.60
c5315,0.00702,2317.00,75.90
c3540,0.04093,1385.00,82.50
alu4,0,2741.00,48.80
alu4,0.00048,2672.00,46.80
alu4,0.00835,2144.00,40.40
c5315,0,2376.00,76.30
alu4,0.00779,2199.00,43.10
wal8,0,1061.00,64.90
c3540,0.02262,1502.00,82.80
c2670,0.0043,949.00,46.80
alu4,0.00173,2535.00,46.10
c7552,0.00073,2529.00,161.40
ksa32,0.00117,997.00,25.30
wal8,0,1064.00,64.90
alu4,0.00772,2191.00,43.10
c5315,0,2371.00,76.30
c3540,0.04772,1318.00,81.40
alu4,0.02863,1501.00,37.00
mtp8,0.00391,1014.00,61.00
c7552,0.00389,2444.00,156.60
c1908,0.01513,624.00,58.20
ksa32,3e-05,1069.00,27.30
ksa32,6e-05,1100.00,28.40
c3540,0.00399,1564.00,83.50
c5315,0.00853,2313.00,74.80
c880,0.0026,540.00,38.50
alu4,0.01324,2000.00,44.10
c880,0.00486,528.00,38.40
alu4,0.0054,2315.00,44.40
alu4,0.00182,2547.00,45.90
wal8,0.00118,1057.00,67.80
c7552,0.00373,2443.00,156.60
c1908,0.03125,449.00,51.40
cla32,3e-05,893.00,50.00
c7552,0.00072,2535.00,155.40
ksa32,5e-05,1032.00,24.00
c5315,0,2383.00,77.30
ksa32,3e-05,1036.00,23.20
alu4,0.0037,2443.00,44.90
alu4,0.00466,2350.00,45.00
c880,0.0048,528.00,38.40
c5315,0,2385.00,76.30
alu4,0.00135,2582.00,46.20
alu4,0.02118,1796.00,41.30
alu4,0.04033,1416.00,34.50
alu4,0.0024,2523.00,45.90
c2670,1e-05,974.00,47.40
c7552,7e-05,2638.00,161.00
alu4,0.02293,1621.00,41.50
cla32,9e-05,873.00,56.00
c7552,0.00017,2603.00,161.20
c5315,0,2372.00,76.30
c5315,0.00968,2310.00,74.80
alu4,0.04693,1350.00,38.10
c7552,0.00103,2554.00,160.80
c3540,0.00474,1565.00,83.50
c7552,0.00012,2601.00,160.80
wal8,0,1068.00,65.40
wal8,0.04748,1019.00,68.10
wal8,0.00139,1057.00,67.80
alu4,0.00693,2238.00,41.20
alu4,0.00257,2489.00,46.00
c880,0.00052,551.00,38.80
c5315,0,2390.00,76.30
ksa32,0,1108.00,27.00
alu4,0.00623,2262.00,43.80
c3540,0.02196,1506.00,82.80
alu4,0.00274,2484.00,45.50
c5315,0.00787,2307.00,75.00
c1908,0.02957,467.00,51.70
c3540,0.01351,1536.00,83.80
cla32,0.0001,856.00,46.90
ksa32,1e-05,1085.00,29.80
c7552,0.00031,2587.00,161.20
c1908,0.0335,406.00,49.40
c7552,0.00093,2512.00,155.40
alu4,0.00267,2475.00,45.40
cla32,0.00074,844.00,46.70
alu4,0.00122,2600.00,47.00
alu4,0.00047,2647.00,46.50
alu4,0.02331,1615.00,41.50
alu4,0.00112,2586.00,46.20
c7552,0.00156,2486.00,156.60
c3540,0.00997,1549.00,83.50
cla32,0.02735,795.00,48.10
alu4,0.00947,2138.00,40.80
c7552,0.00082,2541.00,161.00
c1908,0.02692,523.00,57.60
c1908,0.02963,511.00,51.60
c2670,0,966.00,47.40
rca32,0.00014,677.00,28.50
alu4,0.00017,2690.00,46.80
alu4,0.02542,1571.00,37.70
alu4,0,2724.00,48.80
ksa32,0.0001,1035.00,24.00
ksa32,0.00795,977.00,25.30
alu4,4e-05,2717.00,47.10
alu4,0.00403,2416.00,44.70
alu4,0.0004,2685.00,46.80
alu4,0.00527,2321.00,45.10
wal8,0.00571,1056.00,70.30
alu4,0.00653,2266.00,46.20
alu4,0.0022,2503.00,46.00
alu4,0.00258,2503.00,45.10
alu4,0.00746,2226.00,43.60
alu4,0.00038,2687.00,46.80
ksa32,3e-05,1033.00,24.00
ksa32,8e-05,1034.00,23.20
c5315,0,2388.00,76.30
c1908,0.0196,587.00,56.40
mtp8,0.005,1010.00,61.00
c7552,0.00063,2570.00,161.20
ksa32,2e-05,1095.00,27.00
alu4,0.00786,2199.00,42.00
alu4,1e-05,2711.00,47.00
c3540,0.00488,1562.00,83.50
wal8,0.0095,1048.00,68.20
c1908,0.01879,602.00,57.80
ksa32,2e-05,1100.00,27.00
alu4,4e-05,2711.00,47.10
alu4,0.01158,2069.00,41.50
c7552,0.00056,2530.00,161.00
alu4,0.00537,2329.00,44.90
alu4,0.00023,2672.00,46.80
alu4,0.00344,2469.00,45.10
alu4,0.00074,2642.00,46.20
c2670,0,968.00,47.40
