alu4,0,2735,49.3
alu4,0,2726,47
alu4,0,2743,48.8
alu4,0,2738,48.8
alu4,0,2726,49.2
alu4,0,2722,47.2
alu4,0,2720,47.2
alu4,0,2713,47.1
alu4,0,2738,48.8
alu4,0,2719,47.1
alu4,0,2718,47.1
alu4,0,2718,47.1
alu4,0,2726,46.8
alu4,0,2718,47.1
alu4,0,2730,49
alu4,0,2741,48.8
alu4,0,2727,48.8
alu4,1.00E-05,2710,46.9
alu4,1.00E-05,2712,47.1
alu4,2.00E-05,2714,47.1
alu4,4.00E-05,2706,47.1
alu4,4.00E-05,2707,47.1
alu4,4.00E-05,2714,46.9
alu4,4.00E-05,2718,49
alu4,5.00E-05,2710,46.9
alu4,5.00E-05,2716,48.8
alu4,5.00E-05,2711,47.1
alu4,6.00E-05,2712,47
alu4,6.00E-05,2710,47.1
alu4,6.00E-05,2712,49.2
alu4,7.00E-05,2705,46.9
alu4,8.00E-05,2701,47
alu4,8.00E-05,2722,48.8
alu4,9.00E-05,2712,46.9
alu4,9.00E-05,2710,46.9
alu4,0.0001,2712,48.9
alu4,0.0001,2709,46.9
alu4,0.00011,2701,47
alu4,0.00011,2734,48.7
alu4,0.00012,2716,49
alu4,0.00012,2704,47.1
alu4,0.00012,2702,46.9
alu4,0.00013,2708,46.9
alu4,0.00013,2693,46.7
alu4,0.00013,2727,48.7
alu4,0.00013,2703,46.9
alu4,0.00013,2698,46.9
alu4,0.00014,2703,47.1
alu4,0.00015,2696,47.1
alu4,0.00015,2705,48.4
alu4,0.00017,2714,48.9
alu4,0.00017,2700,48.5
alu4,0.00017,2712,46.7
alu4,0.00018,2708,46.9
alu4,0.00018,2708,46.9
alu4,0.00019,2708,46.7
alu4,0.00019,2713,48.9
alu4,0.0002,2701,47
alu4,0.0002,2724,49.2
alu4,0.0002,2729,48.7
alu4,0.00021,2727,48.7
alu4,0.00021,2699,47.1
alu4,0.00023,2698,46.9
alu4,0.00024,2694,47.1
alu4,0.00024,2689,46.7
alu4,0.00025,2700,46.9
alu4,0.00026,2695,46.9
alu4,0.00026,2680,46.8
alu4,0.00027,2718,49.2
alu4,0.00028,2683,46.7
alu4,0.00029,2674,46.6
alu4,0.00029,2693,46.9
alu4,0.0003,2689,47.1
alu4,0.0003,2690,46.9
alu4,0.0003,2685,46.6
alu4,0.00031,2695,47
alu4,0.00032,2691,47
alu4,0.00033,2683,47.1
alu4,0.00034,2691,46.8
alu4,0.00034,2689,47.3
alu4,0.00034,2686,47
alu4,0.00034,2683,46.8
alu4,0.00034,2678,46.6
alu4,0.00034,2677,47.1
alu4,0.00035,2685,46.9
alu4,0.00037,2688,46.8
alu4,0.00038,2672,46.9
alu4,0.0004,2682,46.6
alu4,0.00041,2673,46.6
alu4,0.00042,2678,46.7
alu4,0.00043,2678,46.6
alu4,0.00043,2676,48.9
alu4,0.00044,2671,46.7
alu4,0.00045,2684,47.2
alu4,0.00046,2670,46.9
alu4,0.00047,2669,46.6
alu4,0.00048,2661,46.9
alu4,0.00048,2675,46.8
alu4,0.00048,2674,46.6
alu4,0.00049,2661,46.3
alu4,0.0005,2657,48.7
alu4,0.0005,2672,46.6
alu4,0.00051,2679,45.6
alu4,0.00054,2650,46.1
alu4,0.00054,2668,46.6
alu4,0.00055,2669,48.9
alu4,0.00056,2670,46.7
alu4,0.00056,2663,48.9
alu4,0.00057,2643,46.4
alu4,0.0006,2641,46.1
alu4,0.0006,2659,46.4
alu4,0.0006,2679,46.6
alu4,0.00061,2642,46.1
alu4,0.00061,2665,46.9
alu4,0.00064,2666,46.7
alu4,0.00064,2667,46.6
alu4,0.00065,2662,46.3
alu4,0.00066,2646,46.4
alu4,0.00067,2653,48.7
alu4,0.00068,2636,46.1
alu4,0.0007,2640,46.4
alu4,0.0007,2643,49.5
alu4,0.00071,2655,46.3
alu4,0.00072,2629,46.1
alu4,0.00075,2667,48.2
alu4,0.00075,2624,46.3
alu4,0.00076,2665,48
alu4,0.00077,2631,46.1
alu4,0.00077,2659,46.6
alu4,0.00077,2622,49.2
alu4,0.00077,2656,46.1
alu4,0.00079,2653,46.4
alu4,0.00079,2650,46.1
alu4,0.0008,2648,46.4
alu4,0.0008,2653,48
alu4,0.00081,2643,46.4
alu4,0.00081,2655,46.6
alu4,0.00082,2651,46.4
alu4,0.00082,2630,46.1
alu4,0.00082,2636,49.2
alu4,0.00084,2634,46.4
alu4,0.00087,2630,49.2
alu4,0.00087,2626,49.2
alu4,0.00089,2622,49.2
alu4,0.0009,2649,46.6
alu4,0.0009,2635,46.4
alu4,0.00091,2624,48.7
alu4,0.00091,2632,49.2
alu4,0.00093,2662,48
alu4,0.00093,2653,48
alu4,0.00094,2604,48.7
alu4,0.00094,2622,46.3
alu4,0.00095,2619,46.4
alu4,0.00096,2639,47.8
alu4,0.00097,2644,48
alu4,0.00098,2653,48
alu4,0.00099,2614,46.3
alu4,0.00099,2647,46.4
alu4,0.00101,2620,46
alu4,0.00101,2615,49
alu4,0.00103,2623,47.7
alu4,0.00103,2610,49
alu4,0.00107,2605,46.2
alu4,0.00108,2605,46.2
alu4,0.00109,2619,49
alu4,0.00109,2634,46.2
alu4,0.00109,2626,46.4
alu4,0.00111,2589,46.2
alu4,0.00113,2617,46.3
alu4,0.00114,2612,46.2
alu4,0.00117,2599,46.2
alu4,0.00117,2636,48
alu4,0.00118,2579,45.5
alu4,0.00119,2607,47.3
alu4,0.0012,2604,48.8
alu4,0.0012,2615,46
alu4,0.0012,2600,48.7
alu4,0.0012,2597,45.7
alu4,0.0012,2629,48
alu4,0.00122,2615,46.3
alu4,0.00122,2616,47.4
alu4,0.00122,2615,48.7
alu4,0.00124,2623,46.4
alu4,0.00125,2627,46.4
alu4,0.00125,2608,46.2
alu4,0.00126,2584,46.2
alu4,0.00126,2637,46.2
alu4,0.00129,2588,45.7
alu4,0.00131,2602,45.9
alu4,0.00132,2594,46.2
alu4,0.00133,2599,45.9
alu4,0.00134,2575,46.1
alu4,0.00135,2562,47.3
alu4,0.00137,2592,45.8
alu4,0.00138,2573,47.3
alu4,0.00138,2583,47.3
alu4,0.00141,2612,47.3
alu4,0.00142,2596,46.2
alu4,0.00143,2569,47.3
alu4,0.00144,2583,45.8
alu4,0.00146,2594,47.4
alu4,0.00146,2579,45.8
alu4,0.00146,2570,45.9
alu4,0.00148,2591,45.9
alu4,0.00148,2590,47.7
alu4,0.00149,2580,45.9
alu4,0.00149,2571,47.7
alu4,0.0015,2609,46.2
alu4,0.00151,2588,45.9
alu4,0.00153,2568,47.3
alu4,0.00154,2567,47.3
alu4,0.00155,2575,45.8
alu4,0.00157,2584,47.7
alu4,0.00157,2594,45.9
alu4,0.00158,2572,47.3
alu4,0.00158,2555,46.2
alu4,0.00159,2548,46.2
alu4,0.0016,2566,47.7
alu4,0.0016,2587,45.8
alu4,0.00163,2565,47
alu4,0.00164,2534,45.7
alu4,0.00164,2558,45.1
alu4,0.00164,2586,47.3
alu4,0.00166,2562,45.8
alu4,0.00167,2578,47.7
alu4,0.00168,2543,46
alu4,0.00169,2544,45.1
alu4,0.00171,2563,45.9
alu4,0.00171,2553,45.5
alu4,0.00174,2570,45.8
alu4,0.00174,2552,46.2
alu4,0.00175,2563,47
alu4,0.00177,2559,45.9
alu4,0.00177,2560,45.8
alu4,0.00177,2598,45.9
alu4,0.00177,2574,47.7
alu4,0.00178,2549,45.5
alu4,0.00178,2531,45.7
alu4,0.00178,2553,45.7
alu4,0.0018,2552,45.7
alu4,0.0018,2566,45.8
alu4,0.00181,2538,45.7
alu4,0.00181,2540,45
alu4,0.00182,2539,45.5
alu4,0.00184,2553,45.7
alu4,0.00187,2508,45.2
alu4,0.00187,2557,45.9
alu4,0.00189,2525,45.4
alu4,0.00192,2555,45.8
alu4,0.00192,2560,47.7
alu4,0.00192,2557,47
alu4,0.00193,2550,47.7
alu4,0.00198,2545,45.2
alu4,0.00199,2536,46.2
alu4,0.00199,2541,47.7
alu4,0.00199,2564,45.8
alu4,0.00201,2533,46.2
alu4,0.00201,2515,45
alu4,0.00204,2522,45.4
alu4,0.00205,2527,45.4
alu4,0.00206,2563,47.7
alu4,0.00208,2529,45.4
alu4,0.00209,2531,45
alu4,0.00209,2554,47.7
alu4,0.0021,2508,45.2
alu4,0.0021,2528,46.2
alu4,0.0021,2534,45.4
alu4,0.00211,2524,45.3
alu4,0.00212,2562,47.7
alu4,0.00213,2524,45.4
alu4,0.00215,2520,46.1
alu4,0.00216,2516,45.4
alu4,0.00219,2520,45.6
alu4,0.00219,2527,47.9
alu4,0.0022,2525,44.5
alu4,0.00224,2545,47.7
alu4,0.00225,2505,44.2
alu4,0.00228,2548,45.8
alu4,0.00228,2505,45
alu4,0.00229,2504,45.2
alu4,0.0023,2510,45.8
alu4,0.0023,2525,47.8
alu4,0.00232,2513,45.4
alu4,0.00232,2502,45.2
alu4,0.00232,2554,45.8
alu4,0.00234,2517,45.1
alu4,0.00234,2536,47.7
alu4,0.00235,2506,45
alu4,0.00238,2505,44.2
alu4,0.00239,2515,46.1
alu4,0.0024,2521,45.4
alu4,0.00242,2527,45.8
alu4,0.00243,2531,45.8
alu4,0.00244,2503,45.8
alu4,0.00246,2489,45.2
alu4,0.00248,2492,45.2
alu4,0.00249,2496,44.9
alu4,0.00249,2466,45.2
alu4,0.0025,2493,44.2
alu4,0.00251,2488,44.9
alu4,0.00251,2488,46.8
alu4,0.00252,2517,44.2
alu4,0.00252,2498,45.1
alu4,0.00253,2497,46.6
alu4,0.00253,2508,45.1
alu4,0.00253,2520,45.1
alu4,0.00254,2481,45.1
alu4,0.00255,2507,46.6
alu4,0.00256,2499,45
alu4,0.00257,2491,46.6
alu4,0.00258,2485,45.2
alu4,0.0026,2502,45.1
alu4,0.00262,2498,44.2
alu4,0.00263,2487,45.2
alu4,0.00264,2463,44.9
alu4,0.00264,2469,45.1
alu4,0.00264,2507,45.8
alu4,0.00265,2467,45.1
alu4,0.00265,2487,46.6
alu4,0.00266,2471,45.1
alu4,0.00266,2486,46.8
alu4,0.00268,2461,44.9
alu4,0.00269,2493,44.9
alu4,0.0027,2481,45.1
alu4,0.0027,2473,45.2
alu4,0.00271,2502,44.2
alu4,0.00271,2478,46.5
alu4,0.00272,2481,46.6
alu4,0.00273,2495,46.6
alu4,0.00275,2484,46.6
alu4,0.00276,2461,45.1
alu4,0.00277,2458,45.5
alu4,0.00278,2489,46.6
alu4,0.00281,2467,46.4
alu4,0.00284,2489,46.6
alu4,0.00284,2464,45.2
alu4,0.00286,2462,45.5
alu4,0.00287,2473,46.8
alu4,0.00287,2491,45.8
alu4,0.00288,2449,46.6
alu4,0.00289,2454,45.4
alu4,0.0029,2476,45.1
alu4,0.0029,2448,44.9
alu4,0.00292,2481,46.8
alu4,0.00294,2460,45.1
alu4,0.00296,2464,46.6
alu4,0.00297,2456,44.9
alu4,0.00298,2478,45.1
alu4,0.003,2474,46.5
alu4,0.003,2473,46.4
alu4,0.00302,2460,45.1
alu4,0.00303,2479,46.8
alu4,0.00305,2462,46.4
alu4,0.00307,2482,46.6
alu4,0.00308,2455,45.1
alu4,0.00309,2443,45.4
alu4,0.00311,2426,44.8
alu4,0.00314,2438,46.6
alu4,0.00315,2461,46.6
alu4,0.00315,2463,45.5
alu4,0.00315,2445,45.1
alu4,0.00318,2448,45.1
alu4,0.00319,2444,46.6
alu4,0.0032,2442,45.1
alu4,0.0032,2458,46.4
alu4,0.00321,2463,45.1
alu4,0.00322,2441,46.1
alu4,0.00323,2423,46.1
alu4,0.00325,2446,45.1
alu4,0.00326,2456,46.4
alu4,0.00327,2452,45.1
alu4,0.00329,2433,46.1
alu4,0.00332,2446,44.9
alu4,0.00335,2424,45.1
alu4,0.00337,2451,45.4
alu4,0.00338,2456,45.5
alu4,0.0034,2439,46.6
alu4,0.00343,2438,45.4
alu4,0.00343,2442,46.6
alu4,0.00344,2430,45.4
alu4,0.00349,2423,44.8
alu4,0.00353,2451,46.4
alu4,0.00354,2434,46.5
alu4,0.00355,2427,45.2
alu4,0.00359,2435,46.5
alu4,0.00361,2410,44.8
alu4,0.00362,2425,46
alu4,0.00363,2385,44.7
alu4,0.00364,2419,45.2
alu4,0.00364,2429,46.1
alu4,0.00365,2434,45.1
alu4,0.00366,2432,45.8
alu4,0.00367,2417,44.8
alu4,0.00371,2438,46.1
alu4,0.00373,2407,44.8
alu4,0.00373,2443,45.1
alu4,0.00375,2415,45
alu4,0.00375,2421,45
alu4,0.00378,2407,44.8
alu4,0.00381,2388,44.6
alu4,0.00381,2420,46.1
alu4,0.00382,2420,46
alu4,0.00383,2413,46.1
alu4,0.00384,2413,44.8
alu4,0.00384,2405,46
alu4,0.00384,2402,45
alu4,0.00385,2395,46.2
alu4,0.00386,2402,44.8
alu4,0.0039,2413,44.8
alu4,0.00393,2409,44.6
alu4,0.00393,2404,45.8
alu4,0.00393,2422,45
alu4,0.00396,2405,45.9
alu4,0.00397,2410,46
alu4,0.00398,2408,46
alu4,0.00399,2400,46.2
alu4,0.00401,2404,45.9
alu4,0.00402,2391,44.7
alu4,0.00402,2401,44.8
alu4,0.00402,2403,45.9
alu4,0.00405,2394,45.5
alu4,0.00407,2400,45.5
alu4,0.00408,2376,44.6
alu4,0.00408,2382,45.5
alu4,0.00409,2404,45.9
alu4,0.00413,2418,46
alu4,0.00414,2389,45.9
alu4,0.00416,2380,44.7
alu4,0.00417,2373,44.6
alu4,0.0042,2365,44.6
alu4,0.00434,2371,44.7
alu4,0.00436,2379,45.8
alu4,0.00436,2386,44.6
alu4,0.0044,2378,46.2
alu4,0.00443,2383,45.8
alu4,0.00444,2378,44.7
alu4,0.00446,2351,44.7
alu4,0.00446,2371,45.8
alu4,0.00448,2391,45.9
alu4,0.00449,2376,45.8
alu4,0.00453,2386,45.8
alu4,0.00454,2357,44.7
alu4,0.00455,2385,45.5
alu4,0.00457,2356,45.5
alu4,0.00459,2364,45.5
alu4,0.0046,2388,45.5
alu4,0.00467,2361,44.7
alu4,0.00471,2379,45.5
alu4,0.00473,2367,45.8
alu4,0.00475,2345,44.6
alu4,0.00478,2365,45.5
alu4,0.00478,2342,45.4
alu4,0.00482,2358,44.6
alu4,0.00483,2344,45.4
alu4,0.00484,2333,44.6
alu4,0.00485,2310,45.7
alu4,0.00486,2343,44.7
alu4,0.00492,2338,44.6
alu4,0.00492,2351,44.6
alu4,0.00493,2346,45.5
alu4,0.00495,2368,45.5
alu4,0.00496,2339,44.7
alu4,0.00497,2336,44.6
alu4,0.00497,2327,45.7
alu4,0.00497,2361,46
alu4,0.00498,2326,45.8
alu4,0.00499,2349,45.8
alu4,0.00499,2373,45.5
alu4,0.00499,2338,45.6
alu4,0.00499,2329,45.7
alu4,0.00503,2332,45.6
alu4,0.00506,2349,45.5
alu4,0.00509,2326,41.4
alu4,0.00511,2341,45.6
alu4,0.00512,2341,44.7
alu4,0.00512,2322,45.7
alu4,0.00515,2356,46
alu4,0.00519,2307,45.7
alu4,0.00523,2339,45.5
alu4,0.00528,2354,45.4
alu4,0.00529,2312,41.6
alu4,0.00536,2320,45.8
alu4,0.00538,2305,45.7
alu4,0.00538,2302,45.7
alu4,0.00538,2332,45.5
alu4,0.0054,2341,45.6
alu4,0.0054,2318,41.6
alu4,0.00545,2314,45.8
alu4,0.00545,2362,46
alu4,0.00547,2315,41.6
alu4,0.00549,2298,41.7
alu4,0.0055,2296,45.9
alu4,0.00561,2283,40.5
alu4,0.00561,2310,41.6
alu4,0.00563,2301,41.8
alu4,0.00564,2326,45.1
alu4,0.00565,2304,41.6
alu4,0.00566,2328,45.3
alu4,0.00567,2334,45.5
alu4,0.00568,2328,45.8
alu4,0.00569,2318,46.1
alu4,0.00569,2299,45.9
alu4,0.00573,2293,45.9
alu4,0.00575,2326,44.9
alu4,0.00575,2302,45.9
alu4,0.00576,2290,40.5
alu4,0.00579,2287,44.9
alu4,0.00583,2295,45
alu4,0.00587,2311,41
alu4,0.00589,2316,44.9
alu4,0.00593,2279,40.5
alu4,0.00593,2340,45.6
alu4,0.00596,2295,41.7
alu4,0.00608,2289,40.8
alu4,0.00608,2300,45.3
alu4,0.00608,2283,40.5
alu4,0.00611,2276,40.5
alu4,0.00612,2290,40.5
alu4,0.00614,2256,40.2
alu4,0.00621,2321,45.1
alu4,0.00628,2260,40.2
alu4,0.00629,2272,44.9
alu4,0.00631,2269,40.7
alu4,0.00631,2275,40.6
alu4,0.00642,2270,40.5
alu4,0.00644,2276,41.1
alu4,0.00645,2288,41.5
alu4,0.00647,2267,41.6
alu4,0.00654,2256,41.6
alu4,0.00661,2241,40.2
alu4,0.00664,2265,40.2
alu4,0.00665,2284,41.2
alu4,0.00668,2263,40.2
alu4,0.00669,2254,40.7
alu4,0.00669,2245,40.2
alu4,0.0067,2232,40.7
alu4,0.00674,2244,41.4
alu4,0.00677,2296,41.5
alu4,0.00684,2281,41.1
alu4,0.00685,2245,40.7
alu4,0.00685,2237,41.4
alu4,0.00687,2253,41.6
alu4,0.00689,2276,41.1
alu4,0.00692,2261,41.6
alu4,0.00699,2249,41.4
alu4,0.007,2266,40.7
alu4,0.00702,2229,40.7
alu4,0.00705,2249,40.7
alu4,0.00707,2222,41.9
alu4,0.00709,2209,42.1
alu4,0.0071,2241,40.2
alu4,0.00711,2220,40.7
alu4,0.00712,2213,42.1
alu4,0.00713,2223,40.7
alu4,0.00714,2266,40.7
alu4,0.00715,2231,40.4
alu4,0.00726,2229,41.9
alu4,0.00726,2219,41.9
alu4,0.00732,2206,41
alu4,0.00735,2227,40.4
alu4,0.00736,2208,40.6
alu4,0.00746,2259,40.7
alu4,0.00751,2210,40.6
alu4,0.00752,2233,41.4
alu4,0.00756,2243,40.7
alu4,0.00761,2212,41.1
alu4,0.00762,2199,41.8
alu4,0.00764,2204,40.6
alu4,0.00765,2217,41.1
alu4,0.00766,2192,44.3
alu4,0.00767,2233,40.6
alu4,0.00784,2223,40.4
alu4,0.00786,2247,41.4
alu4,0.00789,2197,40.6
alu4,0.00796,2202,41.8
alu4,0.00796,2206,40.4
alu4,0.00796,2206,41.8
alu4,0.00797,2203,41
alu4,0.00799,2194,40.6
alu4,0.00816,2190,40.4
alu4,0.00817,2210,40.4
alu4,0.00818,2194,40.7
alu4,0.00821,2166,44.3
alu4,0.00823,2182,40.3
alu4,0.00824,2201,40.6
alu4,0.00827,2185,40.1
alu4,0.00827,2183,40.3
alu4,0.00835,2189,44.3
alu4,0.00837,2197,40.8
alu4,0.00841,2199,40.8
alu4,0.00852,2159,44.5
alu4,0.00854,2150,44.7
alu4,0.00858,2162,40.4
alu4,0.00863,2137,44.5
alu4,0.00866,2154,40
alu4,0.00867,2156,44.5
alu4,0.00871,2186,40.4
alu4,0.00876,2168,40.3
alu4,0.00879,2157,40.4
alu4,0.00883,2176,40.1
alu4,0.00883,2150,41.7
alu4,0.00883,2157,44.5
alu4,0.00887,2119,43.9
alu4,0.00902,2148,44.7
alu4,0.00903,2134,44.5
alu4,0.00904,2139,44.5
alu4,0.00911,2161,40.3
alu4,0.00923,2147,44.6
alu4,0.00926,2153,41.7
alu4,0.00929,2125,44.5
alu4,0.00933,2139,43.3
alu4,0.00947,2098,39.9
alu4,0.00951,2134,40.4
alu4,0.00953,2139,43.3
alu4,0.00955,2122,44.2
alu4,0.00965,2134,40.4
alu4,0.00975,2124,43.3
alu4,0.00976,2144,43.3
alu4,0.00977,2102,39.9
alu4,0.00977,2124,42.9
alu4,0.00981,2116,43.4
alu4,0.00989,2129,40.4
alu4,0.00996,2128,44.5
alu4,0.00998,2118,42.1
alu4,0.01001,2115,43.3
alu4,0.01001,2143,44.6
alu4,0.0102,2108,42.3
alu4,0.01021,2089,42.5
alu4,0.01035,2100,42.8
alu4,0.01036,2086,41.3
alu4,0.01037,2114,43.2
alu4,0.01039,2081,42.7
alu4,0.01052,2076,40.6
alu4,0.01053,2067,40.6
alu4,0.01056,2084,42.7
alu4,0.01065,2096,42.6
alu4,0.0108,2078,42.7
alu4,0.01081,2090,41.3
alu4,0.01083,2121,43.3
alu4,0.01089,2067,40.6
alu4,0.0109,2055,40.1
alu4,0.01095,2064,40.3
alu4,0.01104,2055,43.1
alu4,0.01132,2073,42.9
alu4,0.01154,2045,43.1
alu4,0.01168,2037,43.3
alu4,0.0117,2042,40
alu4,0.01176,2033,43.3
alu4,0.0118,2052,43.1
alu4,0.01184,2029,40
alu4,0.01186,2068,42.9
alu4,0.01188,2051,40
alu4,0.01203,2049,43.1
alu4,0.01209,2027,43.3
alu4,0.01238,2026,40
alu4,0.01245,2033,40
alu4,0.01249,2015,42.6
alu4,0.01267,2037,43.3
alu4,0.01268,2010,42.6
alu4,0.01272,2015,42.6
alu4,0.013,1981,39.1
alu4,0.01305,2001,42.6
alu4,0.01327,1995,41.3
alu4,0.01341,1979,42.4
alu4,0.01348,1989,38.3
alu4,0.01354,1990,42.6
alu4,0.01382,1972,38.9
alu4,0.01391,1973,42.4
alu4,0.01392,1980,39
alu4,0.01394,1985,42.6
alu4,0.014,1959,42
alu4,0.01404,1977,39
alu4,0.01414,1945,41.4
alu4,0.01419,1957,42
alu4,0.01435,1942,41.4
alu4,0.01439,1967,42.4
alu4,0.01445,1937,41.4
alu4,0.0146,1945,41.4
alu4,0.01467,1953,41.4
alu4,0.0147,1941,45
alu4,0.01472,1961,42.4
alu4,0.01473,1947,45
alu4,0.01473,1931,41.4
alu4,0.01477,1943,41.4
alu4,0.01481,1959,42
alu4,0.01492,1943,45
alu4,0.01493,1935,41.4
alu4,0.01515,1912,41.4
alu4,0.01522,1929,41.4
alu4,0.01523,1937,45
alu4,0.01542,1939,45
alu4,0.01546,1915,44.9
alu4,0.01583,1904,41.4
alu4,0.01592,1925,45
alu4,0.01593,1920,41.4
alu4,0.016,1888,41.3
alu4,0.01617,1906,41.4
alu4,0.01618,1898,41.4
alu4,0.0164,1910,43.8
alu4,0.01641,1910,43.8
alu4,0.01666,1931,45
alu4,0.01672,1895,41.4
alu4,0.01697,1877,41.2
alu4,0.01697,1903,43.8
alu4,0.01722,1880,41.3
alu4,0.01725,1857,41.2
alu4,0.01731,1883,44.1
alu4,0.01735,1887,41.3
alu4,0.01737,1877,43.7
alu4,0.01747,1869,41.2
alu4,0.01758,1871,43.7
alu4,0.01772,1882,43.7
alu4,0.01777,1882,43.7
alu4,0.01784,1863,41.2
alu4,0.01786,1865,41.2
alu4,0.01797,1864,43.7
alu4,0.01865,1842,41.2
alu4,0.01865,1811,41.1
alu4,0.01883,1823,43.5
alu4,0.01908,1817,41.1
alu4,0.01913,1811,43.5
alu4,0.01925,1831,43.5
alu4,0.01934,1805,43.5
alu4,0.01936,1809,43.5
alu4,0.01956,1823,41.1
alu4,0.01972,1816,41.1
alu4,0.01973,1803,41.1
alu4,0.01986,1816,43.5
alu4,0.01998,1802,43.5
alu4,0.02008,1799,43.5
alu4,0.0201,1785,44.6
alu4,0.02031,1787,44.6
alu4,0.02063,1778,44.8
alu4,0.0208,1772,43.5
alu4,0.0209,1772,43.5
alu4,0.02094,1779,44.6
alu4,0.02129,1770,44.2
alu4,0.02139,1750,43.2
alu4,0.02142,1765,44.2
alu4,0.02156,1738,42.9
alu4,0.02161,1751,41.1
alu4,0.02179,1755,43.2
alu4,0.02192,1743,43.2
alu4,0.02195,1744,41.1
alu4,0.02207,1731,41.1
alu4,0.0221,1746,41.1
alu4,0.0222,1758,43.4
alu4,0.02227,1725,42
alu4,0.02234,1736,42.9
alu4,0.02244,1731,41.1
alu4,0.02256,1701,41.7
alu4,0.02273,1724,42.9
alu4,0.02309,1707,42.8
alu4,0.02318,1702,41.9
alu4,0.02319,1718,42.8
alu4,0.02343,1706,41.9
alu4,0.02351,1717,42
alu4,0.02361,1718,42.8
alu4,0.02373,1699,41.7
alu4,0.02389,1721,42.9
alu4,0.02422,1691,43.6
alu4,0.02443,1712,42.8
alu4,0.02445,1694,41.9
alu4,0.02465,1688,41.9
alu4,0.02472,1671,42.1
alu4,0.02482,1683,42.6
alu4,0.02489,1696,42.8
alu4,0.02503,1600,40.6
alu4,0.02507,1584,40.2
alu4,0.02509,1578,45.2
alu4,0.02509,1570,39.5
alu4,0.0252,1679,42.6
alu4,0.02523,1581,45.3
alu4,0.02529,1679,43.7
alu4,0.02539,1658,41.1
alu4,0.02544,1651,41.1
alu4,0.02545,1613,40.4
alu4,0.02561,1590,41
alu4,0.02563,1592,41
alu4,0.02575,1574,45.2
alu4,0.0258,1603,42.6
alu4,0.0259,1608,40.6
alu4,0.0259,1637,42.2
alu4,0.02635,1617,42.6
alu4,0.0264,1619,42.6
alu4,0.02642,1577,41.8
alu4,0.02643,1605,42.6
alu4,0.02647,1613,42.6
alu4,0.02652,1639,42.4
alu4,0.02656,1632,40.8
alu4,0.02658,1554,38.9
alu4,0.02658,1627,42.6
alu4,0.02668,1586,41.7
alu4,0.0268,1657,42.7
alu4,0.02685,1562,39.2
alu4,0.02697,1589,42.1
alu4,0.0272,1566,41.6
alu4,0.0275,1549,41.3
alu4,0.02758,1542,40.2
alu4,0.02761,1550,39.1
alu4,0.02773,1531,41.3
alu4,0.0278,1572,41.6
alu4,0.0278,1563,41.4
alu4,0.02791,1541,40.2
alu4,0.02791,1527,40.2
alu4,0.02802,1534,41.3
alu4,0.02807,1539,40.2
alu4,0.02871,1544,41.2
alu4,0.02887,1505,40.9
alu4,0.02888,1524,40.1
alu4,0.02889,1559,41.4
alu4,0.02951,1544,41.2
alu4,0.02976,1510,40.8
alu4,0.02984,1556,41.4
alu4,0.02992,1511,40.9
alu4,0.03012,1522,41.4
alu4,0.03134,1512,40.9
alu4,0.03138,1503,36.9
alu4,0.03154,1496,39.1
alu4,0.03168,1514,41.7
alu4,0.03199,1493,37.3
alu4,0.03267,1475,37
alu4,0.03299,1456,36.8
alu4,0.03428,1461,36.8
alu4,0.03445,1452,36.6
alu4,0.03454,1449,36.6
alu4,0.03472,1451,36.6
alu4,0.03502,1441,36.8
alu4,0.03668,1429,37
alu4,0.03747,1409,36.7
alu4,0.03754,1423,36.8
alu4,0.0377,1414,36.7
alu4,0.0377,1421,36.8
alu4,0.03804,1400,36.9
alu4,0.0385,1386,36.7
alu4,0.0388,1392,36.9
alu4,0.03942,1386,36.5
alu4,0.03972,1395,36.9
alu4,0.03988,1380,36.5
alu4,0.04037,1384,36.5
alu4,0.04098,1381,36.5
alu4,0.04145,1375,36.3
alu4,0.04149,1360,35.7
alu4,0.04152,1346,35.5
alu4,0.04173,1357,35.5
alu4,0.04236,1357,35.7
alu4,0.04304,1332,35.5
alu4,0.04308,1332,35.5
alu4,0.0431,1349,35.5
alu4,0.04349,1331,35.5
alu4,0.04444,1308,35.5
alu4,0.04548,1290,35.5
alu4,0.04619,1282,34.1
alu4,0.04678,1308,35.5
alu4,0.04683,1267,34.1
alu4,0.04693,1272,34.1
alu4,0.04726,1286,34.1
alu4,0.0477,1277,34.1
alu4,0.04845,1265,33.9
alu4,0.04902,1263,33.9
c1908,0,755,58.4
c1908,0,753,60.4
c1908,0,752,58.4
c1908,0,752,58.8
c1908,0,753,58.4
c1908,0,751,60.4
c1908,0,752,60.4
c1908,0,752,60.4
c1908,0,750,60.4
c1908,6.00E-05,746,60.4
c1908,7.00E-05,746,60.4
c1908,9.00E-05,746,60.4
c1908,0.00012,746,60.4
c1908,0.00014,746,60.4
c1908,0.00015,746,60.4
c1908,0.00016,746,60.4
c1908,0.00041,743,60.4
c1908,0.00056,738,60.4
c1908,0.0006,738,60.4
c1908,0.0011,732,60.4
c1908,0.0011,732,60.4
c1908,0.00115,732,60.4
c1908,0.00119,732,60.4
c1908,0.00122,730,60.4
c1908,0.00125,730,60.4
c1908,0.00128,732,60.4
c1908,0.0013,730,60.4
c1908,0.00134,730,60.4
c1908,0.00134,730,60.4
c1908,0.00135,732,60.4
c1908,0.00142,730,60.4
c1908,0.00218,722,60.4
c1908,0.00243,721,60.4
c1908,0.00245,722,60.4
c1908,0.00265,721,60.4
c1908,0.003,719,60.4
c1908,0.00321,718,60.4
c1908,0.00347,716,60.4
c1908,0.00354,713,60.4
c1908,0.0046,711,60.4
c1908,0.00481,709,60.4
c1908,0.00725,696,60.4
c1908,0.00735,696,60.4
c1908,0.00735,696,60.4
c1908,0.00745,696,60.4
c1908,0.00796,694,60.4
c1908,0.0081,683,60.4
c1908,0.00848,683,60.9
c1908,0.00851,683,60.9
c1908,0.00874,683,60.4
c1908,0.00885,681,60.4
c1908,0.00921,681,60.4
c1908,0.00985,671,60.1
c1908,0.00991,668,60.9
c1908,0.01018,668,60.9
c1908,0.01042,664,59.3
c1908,0.01046,664,59.3
c1908,0.01127,658,59.3
c1908,0.01177,655,58.9
c1908,0.01229,655,58.9
c1908,0.01297,646,57.9
c1908,0.01356,641,58.9
c1908,0.01369,641,58.9
c1908,0.01397,646,57.9
c1908,0.01437,634,57.5
c1908,0.01498,634,57.5
c1908,0.01518,625,58.3
c1908,0.01552,625,58.3
c1908,0.01584,620,58.3
c1908,0.01647,611,57.4
c1908,0.01664,620,58.3
c1908,0.01712,611,57.4
c1908,0.01822,604,56.4
c1908,0.01829,605,57.4
c1908,0.01847,604,56.4
c1908,0.01899,603,57.4
c1908,0.01908,598,57.4
c1908,0.01928,593,57.4
c1908,0.01961,584,56.3
c1908,0.01985,593,57.4
c1908,0.01988,584,56.3
c1908,0.02005,579,57.1
c1908,0.02097,579,57.1
c1908,0.02141,579,57.1
c1908,0.0216,564,57.5
c1908,0.0222,571,56.1
c1908,0.0222,571,56.1
c1908,0.02232,571,56.1
c1908,0.02287,564,57.5
c1908,0.02311,540,55
c1908,0.02326,547,55.4
c1908,0.02338,556,55.9
c1908,0.02357,543,55
c1908,0.02364,555,55.7
c1908,0.02372,540,55
c1908,0.02374,555,55
c1908,0.0238,520,54.9
c1908,0.02391,555,55.7
c1908,0.024,516,53.4
c1908,0.0243,516,53.4
c1908,0.02462,516,53.4
c1908,0.02501,516,53.4
c1908,0.02556,516,53.4
c1908,0.02588,509,51.9
c1908,0.02603,533,51.5
c1908,0.02605,530,51.8
c1908,0.02639,531,49.2
c1908,0.02672,499,49.2
c1908,0.02693,533,49.8
c1908,0.02715,534,49.8
c1908,0.0273,523,49.5
c1908,0.02752,518,49.6
c1908,0.02756,495,49.4
c1908,0.0277,499,49.2
c1908,0.02785,472,47.2
c1908,0.02786,518,49.6
c1908,0.02808,499,49.2
c1908,0.02813,499,49.2
c1908,0.02837,492,49.6
c1908,0.02872,481,49.4
c1908,0.02893,481,49.4
c1908,0.02918,472,49.1
c1908,0.02927,461,46.4
c1908,0.02933,464,46.8
c1908,0.02949,452,56.2
c1908,0.02953,467,48.8
c1908,0.02993,465,48.8
c1908,0.02998,454,50
c1908,0.03001,466,48.8
c1908,0.03006,472,47.2
c1908,0.03022,438,51.5
c1908,0.03034,454,55.5
c1908,0.03074,428,47.1
c1908,0.03082,431,53.5
c1908,0.03099,430,47.1
c1908,0.03127,433,53.5
c1908,0.03146,429,53.5
c1908,0.03175,414,44.3
c1908,0.03176,398,43.4
c1908,0.03192,398,43.4
c1908,0.03199,398,43.4
c1908,0.03245,414,44.3
c1908,0.03252,398,43.4
c1908,0.03274,383,42
c1908,0.03312,383,42
c1908,0.03336,383,42
c1908,0.03393,351,38.7
c1908,0.03396,341,35.8
c1908,0.034,383,42
c1908,0.03407,336,30.7
c1908,0.03432,348,38.2
c1908,0.03456,345,38.2
c1908,0.0346,344,38.2
c1908,0.03484,346,38.2
c1908,0.03494,334,31.1
c1908,0.0351,349,38.2
c1908,0.0356,349,38.2
c1908,0.03577,336,30.7
c1908,0.03646,279,23.8
c2670,0,978,47.7
c2670,0,968,47.4
c2670,0,974,47.4
c2670,0,972,47.4
c2670,0,978,47.7
c2670,0,974,47.4
c2670,0,968,47.4
c2670,0,968,47.4
c2670,0,966,47.4
c2670,0,968,47.4
c2670,0,968,47.4
c2670,0,985,48.1
c2670,0,974,47.4
c2670,0,978,47.7
c2670,0,963,47.4
c2670,0,985,48.1
c2670,0,963,47.4
c2670,0,966,47.4
c2670,0,978,47.7
c2670,0,974,47.4
c2670,0,965,47.4
c2670,0,970,47.4
c2670,0,1144,48.1
c2670,0,974,47.4
c2670,0,970,47.4
c2670,0,968,47.4
c2670,0,968,47.4
c2670,0,965,47.4
c2670,0,974,47.4
c2670,0,968,47.4
c2670,1.00E-05,965,47.4
c2670,1.00E-05,963,47.4
c2670,1.00E-05,968,47.4
c2670,1.00E-05,978,47.7
c2670,1.00E-05,968,47.4
c2670,1.00E-05,966,47.4
c2670,1.00E-05,968,47.4
c2670,1.00E-05,974,47.4
c2670,1.00E-05,978,47.7
c2670,1.00E-05,972,47.4
c2670,1.00E-05,964,47.4
c2670,1.00E-05,974,47.4
c2670,1.00E-05,968,47.4
c2670,1.00E-05,965,47.4
c2670,1.00E-05,963,47.4
c2670,1.00E-05,978,47.7
c2670,1.00E-05,970,47.4
c2670,2.00E-05,970,47.4
c2670,2.00E-05,974,47.4
c2670,2.00E-05,978,47.7
c2670,2.00E-05,968,47.4
c2670,3.00E-05,966,47.4
c2670,0.00102,960,46.8
c2670,0.00109,960,46.8
c2670,0.00113,960,46.8
c2670,0.00121,960,46.8
c2670,0.00132,960,46.8
c2670,0.00143,960,46.8
c2670,0.00293,955,46.9
c2670,0.00298,955,46.9
c2670,0.00308,955,46.9
c2670,0.00317,955,46.9
c2670,0.00402,949,46.8
c2670,0.00413,949,46.8
c2670,0.00416,953,43.3
c2670,0.00418,944,46.5
c2670,0.0043,944,46.5
c2670,0.00539,939,46.6
c2670,0.00578,939,46.6
c2670,0.00634,944,46.9
c2670,0.00638,944,46.9
c2670,0.0072,936,46.2
c2670,0.00738,936,46.2
c2670,0.0074,938,43
c2670,0.00855,931,46.3
c2670,0.0087,931,46.3
c2670,0.00902,931,46.3
c2670,0.01386,927,45.6
c2670,0.01462,927,45.6
c2670,0.01749,922,41.5
c2670,0.01785,923,45
c2670,0.01827,921,41.5
c2670,0.02024,917,40.9
c2670,0.02104,918,40.9
c2670,0.02189,917,40.9
c2670,0.024,911,40.5
c2670,0.02427,911,40.5
c2670,0.0268,903,40.3
c2670,0.02705,903,40.3
c2670,0.02736,900,40.3
c2670,0.02812,900,40.3
c2670,0.02896,897,40
c2670,0.02934,897,40
c2670,0.03601,893,40
c2670,0.04332,889,40
c2670,0.04782,885,38.7
c2670,0.05,882,38.7
c3540,0,1596,83.4
c3540,0,1599,83.4
c3540,0,1599,83.4
c3540,0,1598,83.4
c3540,0,1597,83.4
c3540,0,1600,83.4
c3540,0,1594,83.4
c3540,0,1592,83.2
c3540,0,1597,83.4
c3540,0,1595,83.4
c3540,0,1599,83.4
c3540,0,1593,83.4
c3540,0,1592,83.2
c3540,2.00E-05,1596,83.2
c3540,2.00E-05,1591,83.2
c3540,3.00E-05,1591,83.2
c3540,3.00E-05,1590,83.2
c3540,4.00E-05,1589,83.2
c3540,4.00E-05,1592,83.2
c3540,5.00E-05,1590,83.2
c3540,5.00E-05,1593,83.2
c3540,5.00E-05,1589,83.2
c3540,5.00E-05,1594,83.2
c3540,6.00E-05,1595,83.2
c3540,6.00E-05,1589,83.2
c3540,8.00E-05,1589,83.2
c3540,0.00016,1587,83.8
c3540,0.0002,1587,83.8
c3540,0.00022,1587,83.8
c3540,0.00024,1587,83.8
c3540,0.00025,1587,83.8
c3540,0.00027,1587,83.8
c3540,0.00046,1584,83.8
c3540,0.00051,1584,83.8
c3540,0.00052,1584,83.8
c3540,0.00053,1584,83.8
c3540,0.00059,1584,83.8
c3540,0.0006,1584,83.8
c3540,0.00063,1584,83.8
c3540,0.00077,1582,83.8
c3540,0.00081,1579,83.2
c3540,0.00083,1582,83.8
c3540,0.00086,1579,83.2
c3540,0.00087,1582,83.8
c3540,0.00088,1582,83.8
c3540,0.00217,1571,82.9
c3540,0.00281,1572,82.9
c3540,0.00302,1564,82.9
c3540,0.00305,1564,82.9
c3540,0.00308,1564,82.9
c3540,0.00341,1564,82.9
c3540,0.00362,1564,82.9
c3540,0.00369,1562,82.9
c3540,0.00385,1564,83.5
c3540,0.00391,1559,82.9
c3540,0.00398,1564,83.5
c3540,0.00399,1565,83.5
c3540,0.00405,1564,83.5
c3540,0.00428,1564,83.5
c3540,0.00455,1562,83.5
c3540,0.00462,1560,83.5
c3540,0.0047,1560,83.5
c3540,0.00476,1565,83.5
c3540,0.00479,1562,83.5
c3540,0.00486,1563,83.5
c3540,0.00497,1562,83.5
c3540,0.00499,1560,83.5
c3540,0.00505,1563,83.5
c3540,0.00506,1562,83.5
c3540,0.00527,1562,83.5
c3540,0.00528,1562,83.5
c3540,0.00547,1555,83.5
c3540,0.00663,1557,83.5
c3540,0.00795,1551,82.9
c3540,0.00905,1549,83.5
c3540,0.00949,1549,83.5
c3540,0.0095,1549,83.5
c3540,0.01213,1541,84.6
c3540,0.01225,1541,84.6
c3540,0.01271,1536,83.8
c3540,0.01325,1536,83.8
c3540,0.01573,1528,83.2
c3540,0.01675,1524,83.2
c3540,0.01885,1518,82.1
c3540,0.02057,1515,82.1
c3540,0.02087,1514,82.1
c3540,0.02107,1519,82.1
c3540,0.02136,1515,82.1
c3540,0.02153,1509,82.1
c3540,0.0219,1508,82.8
c3540,0.02202,1512,82.1
c3540,0.02271,1505,83.2
c3540,0.02285,1505,82.8
c3540,0.02321,1505,82.1
c3540,0.0247,1499,82.8
c3540,0.02518,1500,82.1
c3540,0.02657,1495,82.1
c3540,0.02712,1490,83.2
c3540,0.02721,1488,82.8
c3540,0.02753,1494,83.2
c3540,0.02813,1486,83.2
c3540,0.02869,1487,83.2
c3540,0.02894,1480,83.2
c3540,0.02902,1478,85.9
c3540,0.02955,1476,85.9
c3540,0.02963,1477,83.2
c3540,0.03114,1463,85.9
c3540,0.03145,1459,85.9
c3540,0.03253,1455,85.9
c3540,0.03359,1441,85.9
c3540,0.0336,1451,85.9
c3540,0.03415,1447,85.9
c3540,0.0374,1434,85.9
c3540,0.03794,1411,83.2
c3540,0.03795,1426,83.2
c3540,0.03868,1421,83.2
c3540,0.03922,1415,83.2
c3540,0.03928,1387,85.2
c3540,0.03994,1394,85.2
c3540,0.04001,1364,82.5
c3540,0.04007,1401,85.2
c3540,0.04011,1383,85.2
c3540,0.04023,1397,85.2
c3540,0.04189,1364,82.5
c3540,0.04222,1363,82.5
c3540,0.04298,1356,82.5
c3540,0.04339,1358,82.5
c3540,0.04373,1332,82.5
c3540,0.04422,1354,82.5
c3540,0.04526,1332,82.5
c3540,0.04594,1328,82.5
c3540,0.04613,1327,82.5
c3540,0.04756,1306,82.5
c3540,0.04768,1324,82.5
c3540,0.04809,1304,82.5
c3540,0.04823,1304,82.5
c3540,0.04825,1320,82.5
c3540,0.0498,1302,82.5
c3540,0.04985,1299,82.5
c5315,0,2376,76.3
c5315,0,2386,76.3
c5315,0,2370,75.9
c5315,0,2379,75.9
c5315,0,2384,76.3
c5315,0,2368,76.3
c5315,0,2374,75.9
c5315,0,2382,77.3
c5315,0,2368,74.9
c5315,0,2378,77.3
c5315,0,2369,75.9
c5315,0,2368,75.9
c5315,0,2388,76.3
c5315,0,2390,76.3
c5315,0,2391,76.3
c5315,0,2394,77.3
c5315,0,2390,77.3
c5315,0,2391,76.3
c5315,0,2388,77.3
c5315,0,2379,76.3
c5315,0,2374,76.3
c5315,0,2365,76.3
c5315,0,2366,76.3
c5315,0,2378,75.9
c5315,0,2375,76.3
c5315,0,2409,76.3
c5315,0,2394,76.3
c5315,0,2372,75.9
c5315,0,2379,75.9
c5315,0,2365,75.9
c5315,0,2375,77.3
c5315,0,2398,76.3
c5315,0,2366,75.9
c5315,0,2377,77.3
c5315,0,2369,77.3
c5315,0,2382,74.9
c5315,0,2381,75.9
c5315,0,2394,76.3
c5315,0,2401,76.3
c5315,0,2388,76.3
c5315,0,2385,75.9
c5315,0,2395,76.3
c5315,0,2373,76.3
c5315,0,2368,76.3
c5315,0,2371,77.3
c5315,0,2419,76.3
c5315,0,2392,77.3
c5315,0,2369,75.9
c5315,0,2406,76.3
c5315,0,2389,76.3
c5315,0,2375,75.9
c5315,0,2370,74.9
c5315,0,2369,76.3
c5315,0,2373,77.3
c5315,0,2373,76.3
c5315,0,2397,76.3
c5315,0,2372,76.3
c5315,0,2378,76.3
c5315,0,2390,77.3
c5315,0,2381,76.3
c5315,0,2377,76.3
c5315,0,2382,75.9
c5315,0,2400,76.3
c5315,0,2398,76.3
c5315,0,2370,75.9
c5315,0,2383,75.9
c5315,0,2372,75.9
c5315,0,2376,75.9
c5315,0,2370,76.3
c5315,0,2385,77.3
c5315,0,2386,77.3
c5315,0,2405,76.3
c5315,0,2365,74.9
c5315,0,2376,76.3
c5315,0,2371,76.3
c5315,0,2384,77.3
c5315,0,2384,76.3
c5315,0,2389,76.3
c5315,0,2389,76.3
c5315,0.00089,2354,75.9
c5315,0.0009,2354,75.9
c5315,0.00093,2354,75.9
c5315,0.00095,2354,75.9
c5315,0.00103,2354,75.9
c5315,0.00111,2354,75.9
c5315,0.00172,2348,75.9
c5315,0.00191,2348,75.9
c5315,0.00196,2348,75.9
c5315,0.00208,2348,75.9
c5315,0.00211,2348,75.9
c5315,0.00219,2348,75.9
c5315,0.00299,2342,75.9
c5315,0.00377,2337,75.9
c5315,0.00402,2337,75.9
c5315,0.00404,2337,75.9
c5315,0.00419,2337,75.9
c5315,0.0043,2337,75.9
c5315,0.00492,2331,75.9
c5315,0.00527,2328,75.9
c5315,0.00548,2331,75.9
c5315,0.0055,2328,75.9
c5315,0.00555,2328,75.9
c5315,0.00562,2328,75.9
c5315,0.00564,2331,75.9
c5315,0.00567,2331,75.9
c5315,0.00613,2331,75.9
c5315,0.00625,2320,75.9
c5315,0.00625,2320,75.9
c5315,0.00627,2320,75.9
c5315,0.00631,2320,75.9
c5315,0.00632,2320,75.9
c5315,0.00635,2320,75.9
c5315,0.00641,2320,75.9
c5315,0.00642,2320,75.9
c5315,0.00649,2320,75.9
c5315,0.00652,2320,75.9
c5315,0.00661,2320,75.9
c5315,0.00679,2320,75.9
c5315,0.00695,2317,75.9
c5315,0.00708,2317,75.9
c5315,0.00731,2317,75.9
c5315,0.00739,2317,75.9
c5315,0.0076,2307,75
c5315,0.00785,2307,75
c5315,0.00785,2307,75
c5315,0.00789,2307,75
c5315,0.00791,2307,75
c5315,0.00796,2307,75
c5315,0.00819,2307,75
c5315,0.00829,2307,75
c5315,0.00833,2307,75
c5315,0.00875,2303,75
c5315,0.00877,2307,75
c5315,0.00954,2302,75
c5315,0.01035,2300,75
c5315,0.01054,2300,73.9
c5315,0.01055,2300,75
c5315,0.01107,2296,73.9
c5315,0.01125,2300,73.9
c5315,0.01182,2296,73.9
c5315,0.01191,2295,73.9
c5315,0.01366,2292,73.9
c5315,0.01399,2292,73.9
c5315,0.01499,2289,73.9
c5315,0.01501,2289,73.9
c5315,0.01507,2284,73.9
c5315,0.01537,2284,73.9
c5315,0.01821,2277,73.9
c5315,0.01896,2277,73.9
c5315,0.02308,2265,72.3
c5315,0.02308,2265,72.3
c5315,0.02316,2265,72.3
c5315,0.02749,2252,72.3
c5315,0.02765,2252,72.3
c5315,0.02891,2252,72.3
c5315,0.02897,2252,72.3
c5315,0.04517,2259,73.9
c5315,0.04591,2283,73.9
c5315,0.04638,2281,73.9
c5315,0.04674,2258,73.9
c5315,0.04739,2258,73.9
c5315,0.04845,2247,73.9
c5315,0.04969,2247,73.9
c5315,0.04994,2247,73.9
c7552,0,2642,161.1
c7552,0,2667,161.1
c7552,0,2678,161.4
c7552,0,2643,161.5
c7552,0,2655,161.2
c7552,1.00E-05,2667,161.1
c7552,2.00E-05,2621,160.8
c7552,2.00E-05,2640,161.1
c7552,2.00E-05,2651,160.8
c7552,2.00E-05,2631,161.2
c7552,2.00E-05,2641,161.1
c7552,3.00E-05,2610,160.8
c7552,3.00E-05,2638,161.2
c7552,3.00E-05,2647,161.2
c7552,3.00E-05,2643,161.2
c7552,3.00E-05,2650,161.6
c7552,3.00E-05,2645,161.2
c7552,4.00E-05,2617,161.2
c7552,4.00E-05,2609,160.8
c7552,4.00E-05,2658,160.8
c7552,4.00E-05,2616,161.2
c7552,4.00E-05,2629,161.2
c7552,5.00E-05,2644,161.1
c7552,5.00E-05,2643,161.2
c7552,5.00E-05,2640,161.2
c7552,5.00E-05,2603,160.8
c7552,6.00E-05,2613,161.5
c7552,6.00E-05,2626,161.2
c7552,6.00E-05,2612,160.8
c7552,7.00E-05,2640,161.1
c7552,7.00E-05,2650,161.2
c7552,8.00E-05,2608,160.8
c7552,8.00E-05,2597,161.2
c7552,8.00E-05,2618,160.8
c7552,9.00E-05,2594,161.2
c7552,0.0001,2598,160.8
c7552,0.00011,2621,160.8
c7552,0.00011,2601,160.8
c7552,0.00011,2611,161.2
c7552,0.00011,2574,161
c7552,0.00012,2601,160.8
c7552,0.00012,2598,161.2
c7552,0.00012,2589,161.2
c7552,0.00012,2572,161
c7552,0.00013,2604,161.2
c7552,0.00014,2597,160.8
c7552,0.00015,2610,160.8
c7552,0.00016,2593,160.8
c7552,0.00016,2598,160.8
c7552,0.00018,2602,161.2
c7552,0.00018,2628,161.1
c7552,0.0002,2606,161.6
c7552,0.0002,2570,161
c7552,0.0002,2590,160.8
c7552,0.0002,2592,161.2
c7552,0.0002,2554,161
c7552,0.00021,2561,161.4
c7552,0.00021,2547,161
c7552,0.00022,2599,160.8
c7552,0.00022,2578,160.8
c7552,0.00022,2638,160.8
c7552,0.00022,2570,161
c7552,0.00022,2582,160.8
c7552,0.00022,2634,160.7
c7552,0.00023,2590,161.2
c7552,0.00024,2560,161
c7552,0.00024,2556,161.8
c7552,0.00024,2640,160.6
c7552,0.00024,2621,161.2
c7552,0.00025,2538,156.6
c7552,0.00025,2591,160.8
c7552,0.00025,2563,160.6
c7552,0.00026,2591,160.8
c7552,0.00026,2543,161.4
c7552,0.00026,2594,161.6
c7552,0.00027,2580,160.8
c7552,0.00027,2600,161.1
c7552,0.00027,2595,161.2
c7552,0.00027,2594,161.6
c7552,0.00027,2567,161
c7552,0.00028,2583,161.2
c7552,0.00028,2615,161.6
c7552,0.00028,2551,161.8
c7552,0.00028,2545,161.4
c7552,0.00029,2543,161.4
c7552,0.00029,2578,160.6
c7552,0.00029,2566,161
c7552,0.0003,2560,161
c7552,0.0003,2542,161.8
c7552,0.0003,2590,160.8
c7552,0.0003,2574,161
c7552,0.00031,2540,161.2
c7552,0.00031,2558,161.4
c7552,0.00031,2542,161.8
c7552,0.00031,2574,161
c7552,0.00031,2566,161
c7552,0.00032,2565,160.6
c7552,0.00032,2531,161.4
c7552,0.00032,2568,160.8
c7552,0.00032,2594,161.6
c7552,0.00033,2584,161.2
c7552,0.00033,2564,160.6
c7552,0.00033,2578,160.8
c7552,0.00033,2540,161.4
c7552,0.00033,2580,160.6
c7552,0.00033,2585,161.2
c7552,0.00034,2584,161.2
c7552,0.00034,2568,160.8
c7552,0.00034,2545,161.8
c7552,0.00035,2562,160.6
c7552,0.00035,2540,161.4
c7552,0.00035,2548,161
c7552,0.00035,2539,155.8
c7552,0.00035,2553,160.6
c7552,0.00036,2567,160.6
c7552,0.00036,2538,161.4
c7552,0.00036,2547,161
c7552,0.00036,2581,160.8
c7552,0.00037,2542,161
c7552,0.00037,2562,160.6
c7552,0.00037,2557,160.6
c7552,0.00037,2543,161.4
c7552,0.00037,2553,161.8
c7552,0.00037,2578,160.8
c7552,0.00038,2556,160.6
c7552,0.00038,2525,156.6
c7552,0.00038,2539,155.8
c7552,0.00038,2555,160.6
c7552,0.00038,2553,160.6
c7552,0.00038,2560,161
c7552,0.00039,2539,161.4
c7552,0.00039,2545,161.4
c7552,0.00039,2561,160.6
c7552,0.00039,2566,160.6
c7552,0.00039,2572,161
c7552,0.00039,2538,161.4
c7552,0.00039,2584,160.8
c7552,0.0004,2546,161
c7552,0.0004,2553,161
c7552,0.0004,2541,161.4
c7552,0.0004,2560,160.6
c7552,0.00041,2549,161.4
c7552,0.00042,2552,160.6
c7552,0.00042,2569,161
c7552,0.00042,2547,161.4
c7552,0.00043,2561,161
c7552,0.00043,2532,156.6
c7552,0.00043,2542,161.8
c7552,0.00043,2555,161
c7552,0.00043,2567,161
c7552,0.00043,2539,161.4
c7552,0.00044,2538,157.4
c7552,0.00044,2538,161.2
c7552,0.00044,2570,161
c7552,0.00044,2533,161.4
c7552,0.00044,2539,161.4
c7552,0.00045,2560,160.9
c7552,0.00045,2535,161.4
c7552,0.00045,2570,160.6
c7552,0.00046,2555,160.6
c7552,0.00046,2551,161
c7552,0.00046,2572,161
c7552,0.00046,2520,155.8
c7552,0.00047,2529,157
c7552,0.00047,2529,157.3
c7552,0.00047,2520,156.6
c7552,0.00047,2549,161.4
c7552,0.00048,2528,155.4
c7552,0.00049,2532,157
c7552,0.0005,2569,160.6
c7552,0.0005,2528,161.4
c7552,0.0005,2531,161.4
c7552,0.0005,2548,161
c7552,0.00052,2525,157
c7552,0.00052,2545,161.4
c7552,0.00052,2529,157.3
c7552,0.00053,2554,160.6
c7552,0.00053,2541,155.4
c7552,0.00053,2521,156.6
c7552,0.00054,2521,156.6
c7552,0.00054,2539,155.4
c7552,0.00055,2532,156.9
c7552,0.00055,2515,157
c7552,0.00056,2535,161.4
c7552,0.00057,2539,157
c7552,0.00057,2529,161.4
c7552,0.00057,2522,157
c7552,0.00057,2533,160.6
c7552,0.00058,2526,156.6
c7552,0.00058,2549,161.4
c7552,0.00059,2537,161
c7552,0.00059,2527,155.8
c7552,0.00059,2542,160.6
c7552,0.0006,2543,161
c7552,0.0006,2526,157.4
c7552,0.00061,2533,161.4
c7552,0.00061,2527,157
c7552,0.00061,2521,161.4
c7552,0.00062,2527,156.6
c7552,0.00062,2516,156.9
c7552,0.00062,2551,161.4
c7552,0.00063,2528,155.4
c7552,0.00063,2526,155.4
c7552,0.00063,2519,156.6
c7552,0.00064,2524,156.6
c7552,0.00065,2525,161.4
c7552,0.00066,2506,156.6
c7552,0.00067,2529,161
c7552,0.00068,2535,160.6
c7552,0.00069,2520,155.8
c7552,0.00069,2513,157
c7552,0.0007,2535,160.6
c7552,0.0007,2521,156.6
c7552,0.0007,2512,156.6
c7552,0.00071,2510,156.6
c7552,0.00071,2527,155.6
c7552,0.00074,2528,161.4
c7552,0.00074,2525,156.6
c7552,0.00074,2508,156.6
c7552,0.00075,2533,161.4
c7552,0.00075,2532,161.4
c7552,0.00076,2522,155.8
c7552,0.00078,2536,160.6
c7552,0.00078,2510,156.6
c7552,0.00079,2508,157
c7552,0.0008,2528,161.4
c7552,0.00081,2502,156.6
c7552,0.00081,2514,156.6
c7552,0.00082,2504,157
c7552,0.00084,2519,156.6
c7552,0.00085,2530,161
c7552,0.00085,2508,157
c7552,0.00087,2508,156.6
c7552,0.00088,2502,156.6
c7552,0.00088,2513,157
c7552,0.00089,2516,157.2
c7552,0.00089,2509,156.6
c7552,0.0009,2513,157.3
c7552,0.0009,2513,156.6
c7552,0.00091,2502,156.6
c7552,0.00092,2505,156.9
c7552,0.00096,2511,156.9
c7552,0.00097,2506,157
c7552,0.00097,2510,157
c7552,0.00159,2477,157
c7552,0.00161,2477,157
c7552,0.00162,2476,157
c7552,0.00171,2477,157
c7552,0.00182,2477,157
c7552,0.00184,2477,157
c7552,0.00193,2463,157
c7552,0.00198,2463,157
c7552,0.00206,2463,157
c7552,0.00213,2463,157
c7552,0.00216,2463,157
c7552,0.00222,2463,157
c7552,0.0024,2458,157
c7552,0.00277,2455,157.1
c7552,0.00306,2443,157
c7552,0.0032,2443,157
c7552,0.0033,2443,157
c7552,0.00332,2443,157
c7552,0.00361,2439,157
c7552,0.00382,2439,157
c7552,0.00395,2439,157
c7552,0.00399,2438,157
c7552,0.00409,2433,156.8
c7552,0.00414,2433,156.8
c7552,0.0043,2433,156.8
c7552,0.00435,2433,156.8
c7552,0.00453,2433,156.8
c7552,0.00574,2426,156.8
c7552,0.00619,2428,157.2
c7552,0.00625,2428,157.2
c7552,0.00628,2428,157.2
c7552,0.00838,2418,157.2
c7552,0.00866,2416,156.8
c7552,0.00878,2418,157.2
c7552,0.01224,2410,157.2
c7552,0.0166,2399,156.8
c7552,0.024,2392,156.8
c7552,0.0276,2389,156.8
c7552,0.04546,2258,152.6
c7552,0.04602,2263,152.4
c7552,0.04603,2297,155.1
c7552,0.04617,2276,154.2
c7552,0.04622,2246,151.4
c7552,0.04624,2196,150.6
c7552,0.04625,2193,149.8
c7552,0.04641,2285,153.9
c7552,0.04664,2267,153.4
c7552,0.04667,2254,152.2
c7552,0.04688,2237,151.3
c7552,0.04689,2196,150.6
c7552,0.04697,2192,149.8
c7552,0.04697,2272,153.4
c7552,0.04702,2242,150.6
c7552,0.04708,2196,150.6
c7552,0.04718,2252,152.2
c7552,0.04723,2196,150.6
c7552,0.0473,2196,150.6
c7552,0.0475,2331,154.6
c7552,0.04768,2191,149.8
c7552,0.04776,2233,150.9
c7552,0.04784,2196,150.6
c7552,0.04866,2188,149.8
c880,0.00012,578,38.8
c880,0.00017,578,38.8
c880,0.00018,578,38.8
c880,0.00051,551,38.8
c880,0.00051,551,38.8
c880,0.00055,551,38.8
c880,0.00056,551,38.8
c880,0.0006,551,38.8
c880,0.00063,551,38.8
c880,0.00065,551,38.8
c880,0.00066,551,38.8
c880,0.00069,551,38.8
c880,0.00071,551,38.8
c880,0.00072,551,38.8
c880,0.00073,551,38.8
c880,0.00078,551,38.8
c880,0.00079,551,38.8
c880,0.00082,551,38.8
c880,0.00084,551,38.8
c880,0.00256,540,38.5
c880,0.00268,540,38.5
c880,0.00272,540,38.5
c880,0.00274,540,38.5
c880,0.00296,540,38.5
c880,0.00298,540,38.5
c880,0.00471,528,38.4
c880,0.00475,528,38.4
c880,0.00476,528,38.4
c880,0.00478,528,38.4
c880,0.00483,528,38.4
c880,0.00983,523,36.1
c880,0.01453,519,34.4
c880,0.01466,519,34.4
c880,0.01969,513,34.5
c880,0.02067,513,34.5
c880,0.02601,508,34.5
c880,0.02702,508,34.5
c880,0.03731,497,34.4
c880,0.04386,493,33.5
c880,0.04708,490,33.5
cla32,0,884,46.2
cla32,0,897,50.2
cla32,0,919,56.5
cla32,0,950,57
cla32,0,895,50.6
cla32,0,905,56.5
cla32,0,919,56.5
cla32,0,908,50
cla32,0,906,53.4
cla32,0,912,56.5
cla32,1.00E-05,901,53.4
cla32,1.00E-05,908,50
cla32,1.00E-05,912,56.5
cla32,1.00E-05,890,50.2
cla32,1.00E-05,891,53.4
cla32,1.00E-05,909,56.5
cla32,1.00E-05,897,50.2
cla32,1.00E-05,902,50.2
cla32,1.00E-05,883,51.2
cla32,1.00E-05,879,49.8
cla32,2.00E-05,876,49.8
cla32,2.00E-05,887,50.2
cla32,2.00E-05,886,53.4
cla32,2.00E-05,903,53.4
cla32,2.00E-05,896,53.8
cla32,2.00E-05,893,50
cla32,2.00E-05,891,46.2
cla32,2.00E-05,909,56.5
cla32,2.00E-05,902,50.2
cla32,3.00E-05,874,54.4
cla32,3.00E-05,885,46.5
cla32,3.00E-05,867,46.4
cla32,3.00E-05,880,54.5
cla32,3.00E-05,890,50.2
cla32,3.00E-05,883,50.2
cla32,3.00E-05,869,54
cla32,4.00E-05,896,56.5
cla32,4.00E-05,878,46.2
cla32,4.00E-05,870,54.4
cla32,4.00E-05,893,50
cla32,4.00E-05,882,53.4
cla32,4.00E-05,871,47.2
cla32,5.00E-05,879,57.7
cla32,5.00E-05,877,47.2
cla32,5.00E-05,869,46.8
cla32,5.00E-05,861,47.2
cla32,5.00E-05,878,46.5
cla32,5.00E-05,868,46.8
cla32,5.00E-05,882,53.4
cla32,6.00E-05,867,47.6
cla32,6.00E-05,883,54.5
cla32,6.00E-05,887,53.4
cla32,6.00E-05,871,46.5
cla32,7.00E-05,873,47.2
cla32,7.00E-05,860,54.4
cla32,7.00E-05,863,54
cla32,7.00E-05,873,46.9
cla32,7.00E-05,865,46.9
cla32,7.00E-05,876,47.2
cla32,7.00E-05,890,53.4
cla32,7.00E-05,872,54.4
cla32,7.00E-05,860,46.8
cla32,7.00E-05,881,46.5
cla32,8.00E-05,860,47.2
cla32,8.00E-05,864,47.6
cla32,8.00E-05,865,46.4
cla32,8.00E-05,870,54.4
cla32,8.00E-05,870,54.4
cla32,8.00E-05,867,47.2
cla32,9.00E-05,869,54
cla32,9.00E-05,876,54.4
cla32,9.00E-05,856,47.4
cla32,9.00E-05,880,45.7
cla32,9.00E-05,866,47.2
cla32,0.0001,855,47.6
cla32,0.0001,873,47.2
cla32,0.0001,865,47.2
cla32,0.0001,867,57.7
cla32,0.0001,854,46.9
cla32,0.0001,857,47.6
cla32,0.0001,857,54.4
cla32,0.0001,861,54.8
cla32,0.0001,873,47.2
cla32,0.00011,862,47.6
cla32,0.00011,854,47.2
cla32,0.00012,853,47.6
cla32,0.00012,856,51.2
cla32,0.00012,854,47.2
cla32,0.00012,859,47.6
cla32,0.00013,854,47.6
cla32,0.00013,858,46.8
cla32,0.00014,848,47.2
cla32,0.00014,854,52.7
cla32,0.00016,852,47.2
cla32,0.00016,847,47.2
cla32,0.00016,853,51.2
cla32,0.00016,869,47.6
cla32,0.00017,851,52.7
cla32,0.00018,850,47.2
cla32,0.00019,851,46.4
cla32,0.00021,858,47.6
cla32,0.00021,847,47.2
cla32,0.00022,851,46.7
cla32,0.00023,855,46.7
cla32,0.00024,846,47.2
cla32,0.00032,847,46.7
cla32,0.00042,844,46.7
cla32,0.00047,844,46.7
cla32,0.00049,844,46.7
cla32,0.00053,843,46.7
cla32,0.00055,846,46.7
cla32,0.00056,844,46.7
cla32,0.00064,842,46.7
cla32,0.00066,842,46.4
cla32,0.00084,838,46.7
cla32,0.00087,845,46.7
cla32,0.00107,836,46.4
cla32,0.00121,838,46.7
cla32,0.00157,836,46.7
cla32,0.002,834,46.7
cla32,0.00226,839,46.7
cla32,0.00236,841,46.7
cla32,0.00245,837,46.7
cla32,0.00272,827,47.4
cla32,0.00273,829,47.7
cla32,0.00282,829,47.7
cla32,0.00292,828,46.7
cla32,0.00305,827,47.7
cla32,0.00432,825,47.4
cla32,0.00435,825,47.4
cla32,0.00439,819,47.7
cla32,0.00458,819,47.7
cla32,0.0046,820,47.7
cla32,0.00465,823,47.7
cla32,0.00467,819,47.7
cla32,0.00477,819,47.7
cla32,0.00629,821,47.4
cla32,0.00632,815,47.7
cla32,0.00638,815,47.8
cla32,0.00639,809,48.1
cla32,0.0065,815,47.7
cla32,0.00652,809,48.1
cla32,0.00673,809,48.1
cla32,0.00686,815,47.7
cla32,0.00971,808,47.8
cla32,0.01182,807,48.1
cla32,0.01213,807,48.1
cla32,0.01595,805,48.1
cla32,0.01721,799,48.1
cla32,0.01788,798,48.1
cla32,0.0235,796,48.1
cla32,0.02387,796,48.1
cla32,0.02397,797,48.1
cla32,0.02487,796,48.1
cla32,0.02734,795,48.1
cla32,0.02764,795,48.1
cla32,0.04135,791,44.4
cla32,0.04963,793,44.4
ksa32,0,1103,27
ksa32,0,1116,27
ksa32,0,1072,26.7
ksa32,0,1117,27
ksa32,0,1122,30
ksa32,0,1123,27
ksa32,0,1111,27
ksa32,1.00E-05,1105,27
ksa32,1.00E-05,1096,27
ksa32,1.00E-05,1035,24
ksa32,1.00E-05,1099,27
ksa32,1.00E-05,1092,26.9
ksa32,1.00E-05,1077,27
ksa32,1.00E-05,1100,27
ksa32,1.00E-05,1114,27
ksa32,1.00E-05,1110,27
ksa32,1.00E-05,1098,30
ksa32,1.00E-05,1108,26.7
ksa32,2.00E-05,1097,26.7
ksa32,2.00E-05,1033,24
ksa32,2.00E-05,1108,27
ksa32,2.00E-05,1035,24
ksa32,2.00E-05,1036,23.2
ksa32,2.00E-05,1036,23.2
ksa32,2.00E-05,1110,27
ksa32,2.00E-05,1081,28.4
ksa32,2.00E-05,1035,24
ksa32,2.00E-05,1097,26.7
ksa32,2.00E-05,1049,25.6
ksa32,2.00E-05,1046,25.6
ksa32,2.00E-05,1035,24
ksa32,2.00E-05,1034,24
ksa32,2.00E-05,1060,26.3
ksa32,2.00E-05,1098,26.9
ksa32,2.00E-05,1100,27
ksa32,3.00E-05,1080,26.5
ksa32,3.00E-05,1105,30
ksa32,3.00E-05,1076,27.3
ksa32,3.00E-05,1030,24
ksa32,3.00E-05,1066,26.3
ksa32,3.00E-05,1055,25.6
ksa32,3.00E-05,1033,24
ksa32,3.00E-05,1035,24
ksa32,3.00E-05,1034,24
ksa32,3.00E-05,1034,24
ksa32,3.00E-05,1093,26.6
ksa32,3.00E-05,1036,23.2
ksa32,3.00E-05,1094,27
ksa32,3.00E-05,1092,27.3
ksa32,3.00E-05,1072,26.7
ksa32,3.00E-05,1088,28.4
ksa32,3.00E-05,1032,24
ksa32,3.00E-05,1057,26.3
ksa32,3.00E-05,1033,24
ksa32,3.00E-05,1030,24
ksa32,3.00E-05,1046,25.6
ksa32,3.00E-05,1035,24
ksa32,3.00E-05,1082,26.9
ksa32,3.00E-05,1030,24
ksa32,4.00E-05,1033,24
ksa32,4.00E-05,1035,24
ksa32,4.00E-05,1066,26.3
ksa32,4.00E-05,1075,28
ksa32,4.00E-05,1035,24
ksa32,4.00E-05,1055,25.6
ksa32,4.00E-05,1040,24.9
ksa32,4.00E-05,1036,23.2
ksa32,4.00E-05,1032,24
ksa32,4.00E-05,1036,23.2
ksa32,4.00E-05,1049,25.6
ksa32,4.00E-05,1030,24
ksa32,4.00E-05,1082,26.5
ksa32,4.00E-05,1035,24
ksa32,4.00E-05,1036,23.2
ksa32,4.00E-05,1060,26.3
ksa32,4.00E-05,1045,25.6
ksa32,4.00E-05,1033,24
ksa32,4.00E-05,1035,24
ksa32,4.00E-05,1035,24
ksa32,4.00E-05,1034,24
ksa32,4.00E-05,1110,30
ksa32,4.00E-05,1033,24
ksa32,4.00E-05,1035,24
ksa32,4.00E-05,1045,25.6
ksa32,4.00E-05,1069,27.3
ksa32,4.00E-05,1075,26.5
ksa32,5.00E-05,1040,24.9
ksa32,5.00E-05,1045,25.6
ksa32,5.00E-05,1036,23.2
ksa32,5.00E-05,1036,23.2
ksa32,5.00E-05,1030,24
ksa32,5.00E-05,1035,24
ksa32,5.00E-05,1030,24
ksa32,5.00E-05,1055,25.6
ksa32,5.00E-05,1034,24
ksa32,5.00E-05,1086,27.3
ksa32,5.00E-05,1084,26.7
ksa32,5.00E-05,1046,24.9
ksa32,5.00E-05,1073,26.3
ksa32,5.00E-05,1034,24
ksa32,5.00E-05,1030,24
ksa32,5.00E-05,1063,27.3
ksa32,5.00E-05,1035,24
ksa32,5.00E-05,1089,27
ksa32,5.00E-05,1035,24
ksa32,5.00E-05,1075,28.4
ksa32,5.00E-05,1035,24
ksa32,6.00E-05,1036,23.2
ksa32,6.00E-05,1060,26.3
ksa32,6.00E-05,1033,24
ksa32,6.00E-05,1051,26.3
ksa32,6.00E-05,1035,24
ksa32,6.00E-05,1036,23.2
ksa32,6.00E-05,1093,27
ksa32,6.00E-05,1033,24
ksa32,6.00E-05,1032,24
ksa32,6.00E-05,1066,26.7
ksa32,6.00E-05,1042,23.6
ksa32,6.00E-05,1034,24
ksa32,6.00E-05,1034,24
ksa32,6.00E-05,1030,24
ksa32,6.00E-05,1035,24
ksa32,6.00E-05,1036,23.2
ksa32,6.00E-05,1034,24
ksa32,6.00E-05,1036,23.2
ksa32,6.00E-05,1030,24
ksa32,6.00E-05,1035,24
ksa32,6.00E-05,1104,26.7
ksa32,6.00E-05,1036,23.2
ksa32,6.00E-05,1035,24
ksa32,6.00E-05,1046,25.6
ksa32,7.00E-05,1060,26.3
ksa32,7.00E-05,1035,24
ksa32,7.00E-05,1045,25.6
ksa32,7.00E-05,1032,24
ksa32,7.00E-05,1034,24
ksa32,7.00E-05,1034,24
ksa32,7.00E-05,1033,27.5
ksa32,7.00E-05,1033,24
ksa32,7.00E-05,1030,24
ksa32,7.00E-05,1035,24
ksa32,7.00E-05,1035,24
ksa32,7.00E-05,1035,24
ksa32,7.00E-05,1035,24
ksa32,7.00E-05,1035,24
ksa32,7.00E-05,1042,23.6
ksa32,7.00E-05,1035,24
ksa32,7.00E-05,1033,24
ksa32,7.00E-05,1033,27.5
ksa32,7.00E-05,1042,23.6
ksa32,7.00E-05,1061,26.6
ksa32,8.00E-05,1034,24
ksa32,8.00E-05,1036,23.2
ksa32,8.00E-05,1036,23.2
ksa32,8.00E-05,1034,24
ksa32,8.00E-05,1035,24
ksa32,8.00E-05,1030,24
ksa32,8.00E-05,1036,23.2
ksa32,8.00E-05,1035,24
ksa32,8.00E-05,1033,24
ksa32,8.00E-05,1067,26.7
ksa32,8.00E-05,1033,24
ksa32,8.00E-05,1035,24
ksa32,8.00E-05,1035,24
ksa32,8.00E-05,1030,24
ksa32,8.00E-05,1036,23.2
ksa32,9.00E-05,1030,24
ksa32,9.00E-05,1033,24
ksa32,9.00E-05,1036,23.2
ksa32,9.00E-05,1045,25.6
ksa32,9.00E-05,1110,27
ksa32,9.00E-05,1068,26.6
ksa32,9.00E-05,1082,26.7
ksa32,9.00E-05,1035,24
ksa32,9.00E-05,1033,24
ksa32,9.00E-05,1034,24
ksa32,9.00E-05,1030,24
ksa32,9.00E-05,1034,24
ksa32,0.0001,1066,26.7
ksa32,0.0001,1033,24
ksa32,0.0001,1034,24
ksa32,0.0001,1032,24
ksa32,0.0001,1033,24
ksa32,0.0001,1036,23.2
ksa32,0.0001,1030,24
ksa32,0.0001,1036,23.2
ksa32,0.0001,1035,24
ksa32,0.0001,1034,24
ksa32,0.00012,1035,24
ksa32,0.00014,1030,24
ksa32,0.00058,1029,24
ksa32,0.00081,1027,26.8
ksa32,0.00179,1023,24
ksa32,0.00184,1023,24
ksa32,0.00194,1023,24
ksa32,0.00198,1023,24
ksa32,0.00202,1023,24
ksa32,0.00266,1022,24
ksa32,0.00277,1026,25.7
ksa32,0.0028,991,25.3
ksa32,0.0029,991,25.3
ksa32,0.00308,991,25.3
ksa32,0.00324,991,25.3
ksa32,0.00344,1022,24
ksa32,0.00346,1020,24.1
ksa32,0.00364,990,22.8
ksa32,0.00368,990,25.3
ksa32,0.00382,991,25.3
ksa32,0.00391,990,25.3
ksa32,0.00411,991,25.3
ksa32,0.0043,991,25.3
ksa32,0.00437,990,25.3
ksa32,0.00454,991,25.3
ksa32,0.0046,985,25.3
ksa32,0.00466,984,22.8
ksa32,0.00467,990,25.3
ksa32,0.00472,984,22.8
ksa32,0.00474,985,25.3
ksa32,0.00479,990,25.3
ksa32,0.00499,984,22.8
ksa32,0.00543,985,25.3
ksa32,0.00545,985,25.3
ksa32,0.00545,985,25.3
ksa32,0.00582,986,25.3
ksa32,0.0059,982,22.8
ksa32,0.00593,982,22.8
ksa32,0.00636,978,25.3
ksa32,0.00639,978,25.3
ksa32,0.0065,980,25.3
ksa32,0.00673,980,25.3
ksa32,0.00719,972,25.3
ksa32,0.00736,980,24.5
ksa32,0.00736,975,22.8
ksa32,0.00749,972,25.3
ksa32,0.00765,978,25.3
ksa32,0.00769,975,22.8
ksa32,0.00784,973,24.5
ksa32,0.00791,969,22.8
ksa32,0.00796,969,22.8
ksa32,0.00841,971,25.3
ksa32,0.0085,973,24.5
ksa32,0.00858,967,24.5
ksa32,0.00885,967,24.5
ksa32,0.00909,967,24.5
ksa32,0.00925,971,25.3
ksa32,0.0095,966,24.5
ksa32,0.00968,963,24.5
ksa32,0.01018,960,24.5
ksa32,0.01025,962,24.5
ksa32,0.01085,960,24.5
ksa32,0.01097,959,24.5
ksa32,0.01141,959,24.5
ksa32,0.01221,956,24.5
ksa32,0.01221,956,24.5
ksa32,0.01314,951,24.5
ksa32,0.01361,947,24.5
ksa32,0.01377,947,24.5
ksa32,0.01437,942,24.5
ksa32,0.0146,933,24.5
ksa32,0.01484,938,24.5
ksa32,0.01494,929,24.5
ksa32,0.01511,928,24.5
ksa32,0.01542,924,24.5
ksa32,0.01611,919,24.5
ksa32,0.01626,919,24.5
ksa32,0.01663,919,24.5
ksa32,0.0171,910,24.5
ksa32,0.01748,904,24.5
ksa32,0.01901,895,24.5
ksa32,0.01904,895,24.5
ksa32,0.01915,895,24.5
ksa32,0.01946,884,24.5
ksa32,0.01954,884,24.5
ksa32,0.02019,885,21.2
ksa32,0.02051,885,21.2
ksa32,0.02073,873,24.4
ksa32,0.02085,874,21.2
ksa32,0.0211,874,21.2
ksa32,0.02148,873,24.4
ksa32,0.02155,862,24.4
ksa32,0.02171,863,20.9
ksa32,0.02237,862,24.4
ksa32,0.02267,863,20.9
ksa32,0.02291,851,19.6
ksa32,0.02325,851,19.6
ksa32,0.02383,851,19.6
ksa32,0.02415,851,19.6
ksa32,0.03755,844,19.6
ksa32,0.04862,843,19.6
mtp8,0,1032,62.8
mtp8,0,1029,61
mtp8,0,1036,62.4
mtp8,0,1031,61.2
mtp8,0,1055,62.8
mtp8,0,1031,62.4
mtp8,0,1059,63.1
mtp8,0,1047,62.4
mtp8,0,1051,62.4
mtp8,0,1042,62.4
mtp8,0,1038,62.4
mtp8,0,1024,61
mtp8,0,1033,62.8
mtp8,0.00362,1014,61
mtp8,0.00381,1022,61
mtp8,0.00382,1014,61
mtp8,0.00385,1014,61
mtp8,0.00387,1022,61
mtp8,0.00413,1022,61
mtp8,0.00481,1009,61
mtp8,0.00498,1010,61
mtp8,0.00523,1009,61
mtp8,0.00549,1010,61
mtp8,0.02321,1007,61
mtp8,0.02374,1007,61
mtp8,0.02953,1006,61
mtp8,0.03534,1003,61
mtp8,0.03601,998,61
mtp8,0.04226,997,61.3
rca32,0.00011,677,28.5
rca32,0.00012,677,28.5
rca32,0.00013,677,28.5
rca32,0.00014,677,28.5
rca32,0.00021,677,28.5
rca32,0.00195,670,26.9
rca32,0.00205,670,26.9
rca32,0.00206,670,26.9
rca32,0.00215,670,26.9
rca32,0.0022,670,26.9
rca32,0.00223,670,26.9
rca32,0.00359,664,28
rca32,0.00373,664,28
rca32,0.00376,664,28
rca32,0.00391,664,28
rca32,0.00405,664,28
rca32,0.01988,660,28
rca32,0.03289,655,28
rca32,0.04742,651,28
wal8,0,1063,65.4
wal8,0,1073,65.4
wal8,0,1069,64.9
wal8,0,1059,64.9
wal8,0,1070,64.9
wal8,0,1061,64.9
wal8,0,1074,65.4
wal8,0,1060,64.9
wal8,0,1063,64.9
wal8,0,1062,64.9
wal8,0,1065,65.4
wal8,0,1067,65.4
wal8,0,1071,65.4
wal8,0,1069,65.4
wal8,0,1072,65.4
wal8,0,1076,66.4
wal8,0,1070,64.9
wal8,0,1067,65.4
wal8,0,1064,64.9
wal8,0,1068,64.9
wal8,0,1067,65.4
wal8,0,1061,64.9
wal8,0,1066,64.9
wal8,0,1069,65.4
wal8,4.00E-05,1057,64.9
wal8,5.00E-05,1057,64.9
wal8,9.00E-05,1057,64.9
wal8,0.00011,1057,64.9
wal8,0.00013,1057,64.9
wal8,0.00016,1057,64.9
wal8,0.00099,1057,67.8
wal8,0.00107,1057,67.8
wal8,0.00111,1057,67.8
wal8,0.00114,1057,67.8
wal8,0.00125,1057,67.8
wal8,0.00129,1057,67.8
wal8,0.00323,1057,70.7
wal8,0.00335,1057,70.7
wal8,0.00339,1056,67.4
wal8,0.0034,1057,70.7
wal8,0.0035,1057,67.4
wal8,0.00359,1057,70.7
wal8,0.00511,1057,70.3
wal8,0.0052,1057,70.3
wal8,0.00547,1056,70.3
wal8,0.00554,1056,70.3
wal8,0.00557,1056,70.3
wal8,0.00565,1057,70.3
wal8,0.00612,1057,70.3
wal8,0.00628,1056,70.3
wal8,0.00759,1056,70.3
wal8,0.00891,1054,68.2
wal8,0.00901,1048,68.2
wal8,0.00924,1048,68.2
wal8,0.0127,1040,68.2
wal8,0.01293,1040,68.2
wal8,0.01477,1039,68.2
wal8,0.01566,1039,68.2
wal8,0.02228,1029,68.2
wal8,0.0232,1029,68.2
wal8,0.02533,1027,68.1
wal8,0.02652,1027,68.1
wal8,0.02965,1025,68.1
wal8,0.03576,1024,68.1
wal8,0.0386,1022,68.1
wal8,0.04662,1019,68.1
