Original Area:585.000000, Original Delay:24.900000, Orignial Gate :224
[38686],[37737],0.1996,0.02952,0
[38686],[38804],0.01018,0.21894,1
[38686],G171gat,0.02952,0.1996,0
G835gat,0,0.02211,,2
G835gat,G388gat,0.03219,0.08613,1
G835gat,G389gat,0.03172,0.0866,1
G835gat,[37685],0.08684,0.03148,1
G835gat,G390gat,0.03148,0.08684,1
G835gat,G418gat,0.02534,0.09298,1
G835gat,[37697],0.0932,0.02512,1
G835gat,[38330],0.02512,0.0932,2
G835gat,G419gat,0.09367,0.02465,1
G835gat,G420gat,0.08658,0.03174,1
G835gat,G421gat,0.08615,0.03217,1
G835gat,G422gat,0.08626,0.03206,1
G835gat,G446gat,0.09574,0.02258,1
G835gat,[37705],0.08899,0.02933,1
G835gat,G447gat,0.02933,0.08899,1
G835gat,[37709],0.09205,0.02627,1
G835gat,G448gat,0.02294,0.09538,1
G835gat,[37714],0.08719,0.03113,1
G835gat,G449gat,0.02246,0.09586,1
G835gat,G379gat,0.07912,0.0392,1
G835gat,[37787],0.09142,0.0269,1
G835gat,G348gat,0.02229,0.09603,2
G835gat,[37789],0.09619,0.02213,1
G835gat,[37756],0.08625,0.03207,1
G835gat,G491gat,0.02227,0.09605,2
G835gat,[38719],0.09605,0.02227,1
G835gat,[39009],0.0772,0.04112,1
G835gat,[39003],0.09455,0.02377,1
G835gat,G294gat,0.03196,0.08636,2
G835gat,[37767],0.09343,0.02489,1
G835gat,[39005],0.09537,0.02295,1
G835gat,[38932],0.02512,0.0932,2
G835gat,G543gat,0.0749,0.04342,1
G835gat,[37770],0.04356,0.07476,2
G835gat,G731gat,0.0705,0.04782,1
G835gat,[37790],0.04783,0.07049,2
G835gat,[37771],0.08541,0.03291,1
G835gat,[38714],0.07049,0.04783,1
G835gat,[37777],0.03674,0.08158,2
G835gat,G540gat,0.07497,0.04335,1
G835gat,[37793],0.04348,0.07484,2
G835gat,[38447],0.02213,0.09619,2
G835gat,G704gat,0.08643,0.03189,1
G835gat,[37795],0.08528,0.03304,1
G835gat,[38732],0.06906,0.04926,1
G835gat,G541gat,0.07488,0.04344,1
G835gat,[37799],0.04356,0.07476,2
G835gat,[37800],0.08589,0.03243,1
G835gat,[38741],0.07024,0.04808,1
G835gat,G542gat,0.07517,0.04315,1
G835gat,[37803],0.04326,0.07506,2
G835gat,[38752],0.0698,0.04852,1
G835gat,[38941],0.08492,0.0334,1
G835gat,[37807],0.08553,0.03279,1
G835gat,[38621],0.03279,0.08553,2
G835gat,[38943],0.08837,0.02995,1
G835gat,[38574],0.03291,0.08541,2
G835gat,[38945],0.09024,0.02808,1
G835gat,[37810],0.0454,0.07292,2
G835gat,[38838],0.07292,0.0454,1
G835gat,[37813],0.03596,0.08236,2
G835gat,[38361],0.08236,0.03596,1
G835gat,G712gat,0.07061,0.04771,1
G835gat,[37825],0.04771,0.07061,2
G835gat,[38949],0.0881,0.03022,1
G835gat,[38947],0.07985,0.03847,1
G835gat,[37818],0.04756,0.07076,2
G835gat,[38844],0.07076,0.04756,1
G835gat,[37821],0.03663,0.08169,2
G835gat,G793gat,0.03688,0.08144,2
G835gat,G785gat,0.08205,0.03627,1
G835gat,[38379],0.09621,0.02211,1
G835gat,G721gat,0.06987,0.04845,1
G835gat,G536gat,0.08019,0.03813,1
G835gat,[37838],0.09402,0.0243,1
G835gat,[38955],0.0243,0.09402,2
G835gat,[38862],0.09532,0.023,1
G835gat,[38925],0.03207,0.08625,2
G835gat,[38864],0.09617,0.02215,1
G835gat,[37842],0.03882,0.0795,2
G835gat,[37843],0.08801,0.03031,1
G835gat,G537gat,0.08082,0.0375,1
G835gat,[38888],0.09505,0.02327,1
G835gat,[37846],0.0382,0.08012,2
G835gat,[37847],0.0881,0.03022,1
G835gat,G538gat,0.08908,0.02924,1
G835gat,[38897],0.09569,0.02263,1
G835gat,[37850],0.02968,0.08864,2
G835gat,[37851],0.0897,0.02862,1
G835gat,[38690],0.02862,0.0897,2
G835gat,[38764],0.09098,0.02734,1
G835gat,G539gat,0.0819,0.03642,1
G835gat,[38879],0.09522,0.0231,1
G835gat,[37856],0.0372,0.08112,2
G835gat,[37857],0.09027,0.02805,1
G835gat,[38653],0.02805,0.09027,2
G835gat,[38766],0.10078,0.01754,1
G835gat,[38963],0.07921,0.03911,1
G835gat,[37860],0.04463,0.07369,2
G835gat,[38768],0.10269,0.01563,1
G835gat,[37863],0.02262,0.0957,2
G835gat,G696gat,0.08981,0.02851,1
G835gat,[38873],0.07369,0.04463,1
G835gat,G772gat,0.0843,0.03402,1
G835gat,G669gat,0.08966,0.02866,1
G835gat,[37874],0.03497,0.08335,2
G835gat,[38389],0.08335,0.03497,1
G835gat,G677gat,0.09006,0.02826,1
G835gat,[38967],0.10725,0.01107,1
G835gat,[37064],0.09986,0.01846,1
G835gat,[37880],0.00651,0.11181,2
G835gat,[37883],0.0347,0.08362,2
G835gat,[38395],0.08362,0.0347,1
G835gat,G686gat,0.09621,0.02211,1
G835gat,G771gat,0.09621,0.02211,1
G822gat,G539gat,0.04503,0.18144,3
G822gat,[37856],0.18251,0.04396,2
G822gat,[37857],0.03442,0.19205,3
G822gat,[38766],0.04985,0.17662,3
G822gat,[38963],0.04912,0.17735,3
G822gat,[38768],0.04744,0.17903,3
G822gat,[38873],0.04604,0.18043,3
G822gat,[38967],0.04134,0.18513,3
G686gat,1,0.04011,,4
G686gat,G446gat,0.04178,0.35776,3
G686gat,G448gat,0.35483,0.04471,3
G686gat,G449gat,0.35718,0.04236,3
G686gat,G348gat,0.35878,0.04076,3
G686gat,[37789],0.04017,0.35937,4
G686gat,G491gat,0.35896,0.04058,3
G686gat,[38719],0.04058,0.35896,4
G686gat,[39003],0.04641,0.35313,4
G686gat,[37767],0.04757,0.35197,4
G686gat,[39005],0.04285,0.35669,4
G686gat,[38932],0.35119,0.04835,3
G686gat,[38379],0.04013,0.35941,4
G686gat,[37838],0.04727,0.35227,4
G686gat,[38955],0.35227,0.04727,3
G686gat,[38862],0.04388,0.35566,4
G686gat,[38864],0.04014,0.3594,4
G686gat,[38888],0.04347,0.35607,4
G686gat,G538gat,0.04014,0.3594,4
G686gat,[38897],0.04038,0.35916,4
G686gat,[37851],0.03998,0.35956,4
G686gat,[38879],0.04345,0.35609,4
G686gat,G696gat,0.04683,0.35271,4
G686gat,G669gat,0.04882,0.35072,4
G686gat,G677gat,0.04771,0.35183,4
[38669],0,0.02104,,1
[38669],1,0.03571,,1
[38669],[37677],0.02801,0.02874,1
[38669],[37678],0.02806,0.02869,1
[38669],[37679],0.02854,0.02821,0
[38669],G388gat,0.02302,0.03373,0
[38669],[37681],0.02825,0.0285,1
[38669],G389gat,0.0228,0.03395,0
[38669],[37685],0.03365,0.0231,0
[38669],G390gat,0.0231,0.03365,0
[38669],[37688],0.03073,0.02602,0
[38669],[37689],0.02851,0.02824,0
[38669],[37692],0.02515,0.0316,1
[38669],G418gat,0.02189,0.03486,0
[38669],[37697],0.03475,0.022,0
[38669],[38330],0.022,0.03475,1
[38669],G419gat,0.03485,0.0219,0
[38669],G420gat,0.03395,0.0228,0
[38669],G421gat,0.03412,0.02263,0
[38669],G422gat,0.03424,0.02251,0
[38669],G446gat,0.03561,0.02114,0
[38669],[37705],0.03545,0.0213,0
[38669],G447gat,0.0213,0.03545,0
[38669],[37709],0.03524,0.02151,0
[38669],G448gat,0.02104,0.03571,0
[38669],[37714],0.03417,0.02258,0
[38669],G449gat,0.02106,0.03569,0
[38669],[37718],0.02859,0.02816,0
[38669],G357gat,0.02833,0.02842,1
[38669],G460gat,0.02833,0.02842,1
[38669],G530gat,0.02797,0.02878,1
[38669],G767gat,0.0285,0.02825,0
[38669],[37735],0.04317,0.01358,0
[38669],G376gat,0.02835,0.0284,1
[38669],G492gat,0.02865,0.0281,0
[38669],G544gat,0.02815,0.0286,1
[38669],G768gat,0.02818,0.02857,0
[38669],[37787],0.03499,0.02176,0
[38669],G348gat,0.02109,0.03566,1
[38669],[37789],0.0357,0.02105,0
[38669],[37756],0.03365,0.0231,0
[38669],[37707],0.02873,0.02802,0
[38669],G491gat,0.0211,0.03565,1
[38669],[38719],0.03565,0.0211,0
[38669],[39009],0.03201,0.02474,0
[38669],[39003],0.03559,0.02116,0
[38669],[38927],0.03085,0.0259,0
[38669],[37698],0.02877,0.02798,0
[38669],G294gat,0.02266,0.03409,1
[38669],[37767],0.03533,0.02142,0
[38669],G375gat,0.02828,0.02847,1
[38669],[39005],0.03561,0.02114,0
[38669],[38932],0.02144,0.03531,1
[38669],G543gat,0.0307,0.02605,0
[38669],[37770],0.02609,0.03066,1
[38669],G731gat,0.03038,0.02637,0
[38669],[37790],0.02637,0.03038,1
[38669],[37771],0.03279,0.02396,0
[38669],[38714],0.03083,0.02592,0
[38669],[37772],0.02884,0.02791,0
[38669],[38563],0.02791,0.02884,1
[38669],G540gat,0.0296,0.02715,0
[38669],[37793],0.02719,0.02956,1
[38669],[38447],0.02105,0.0357,1
[38669],G704gat,0.03242,0.02433,0
[38669],[37795],0.03206,0.02469,0
[38669],[38732],0.03224,0.02451,0
[38669],[37796],0.02816,0.02859,1
[38669],G541gat,0.02981,0.02694,0
[38669],[37799],0.027,0.02975,1
[38669],[37800],0.03188,0.02487,0
[38669],[38741],0.03189,0.02486,0
[38669],G542gat,0.0302,0.02655,0
[38669],[37803],0.0266,0.03015,1
[38669],[38752],0.03152,0.02523,0
[38669],[38941],0.03227,0.02448,1
[38669],[37807],0.03288,0.02387,0
[38669],[38621],0.02387,0.03288,1
[38669],[38943],0.03337,0.02338,0
[38669],[38574],0.02396,0.03279,1
[38669],[38945],0.03377,0.02298,1
[38669],[38585],0.02859,0.02816,1
[38669],G712gat,0.02955,0.0272,0
[38669],[37825],0.02721,0.02954,1
[38669],[37815],0.02869,0.02806,0
[38669],[38599],0.02806,0.02869,1
[38669],[38949],0.0334,0.02335,0
[38669],[38947],0.0314,0.02535,1
[38669],[37826],0.02806,0.02869,1
[38669],G782gat,0.02859,0.02816,1
[38669],[38617],0.02869,0.02806,1
[38669],[38379],0.0357,0.02105,0
[38669],G721gat,0.03071,0.02604,0
[38669],G536gat,0.03062,0.02613,0
[38669],[37838],0.03564,0.02111,0
[38669],[38955],0.02111,0.03564,1
[38669],[38862],0.03588,0.02087,0
[38669],[37754],0.02827,0.02848,1
[38669],[38925],0.0231,0.03365,1
[38669],[38864],0.03566,0.02109,0
[38669],[37842],0.02614,0.03061,1
[38669],[37843],0.03311,0.02364,0
[38669],G537gat,0.03547,0.02128,0
[38669],[38888],0.03588,0.02087,0
[38669],[37846],0.0212,0.03555,1
[38669],[37847],0.02884,0.02791,0
[38669],[38791],0.00687,0.04988,1
[38669],G538gat,0.02739,0.02936,1
[38669],[38897],0.0357,0.02105,0
[38669],[37850],0.02946,0.02729,0
[38669],[37851],0.02992,0.02683,0
[38669],[38690],0.02683,0.02992,1
[38669],[38764],0.04231,0.01444,1
[38669],G539gat,0.0289,0.02785,0
[38669],[38879],0.03566,0.02109,0
[38669],[37856],0.02795,0.0288,1
[38669],[37857],0.03122,0.02553,0
[38669],[38653],0.02553,0.03122,1
[38669],[38804],0.03571,0.02104,0
[38669],[38766],0.04055,0.0162,1
[38669],[38774],0.0344,0.02235,0
[38669],[38637],0.03129,0.02546,0
[38669],G696gat,0.03199,0.02476,0
[38669],[37865],0.02684,0.02991,1
[38669],[38643],0.02991,0.02684,1
[38669],G669gat,0.033,0.02375,0
[38669],[37871],0.02806,0.02869,1
[38669],[38662],0.02869,0.02806,1
[38669],G677gat,0.03571,0.02104,0
[38669],[37064],0.02685,0.0299,1
[38669],G686gat,0.0317,0.02505,0
[38669],[37886],0.02683,0.02992,1
[38669],[38686],0.02992,0.02683,1
[38669],G1gat,0.02602,0.03073,0
[38669],G8gat,0.02824,0.02851,0
[38669],G17gat,0.0316,0.02515,0
[38669],G26gat,0.02865,0.0281,0
[38669],G29gat,0.02869,0.02806,0
[38669],G42gat,0.02874,0.02801,0
[38669],G51gat,0.0238,0.03295,0
[38669],G55gat,0.02802,0.02873,0
[38669],G59gat,0.02798,0.02877,0
[38669],G75gat,0.02821,0.02854,0
[38669],G80gat,0.0285,0.02825,0
[38669],G96gat,0.02816,0.02859,0
[38669],G138gat,0.03103,0.02572,0
[38669],G146gat,0.02882,0.02793,0
[38669],G156gat,0.02896,0.02779,0
[38669],G165gat,0.01358,0.04317,0
[38669],G268gat,0.02848,0.02827,0
[38882],1,0.03571,,1
[38882],G388gat,0.10114,0.045,0
[38882],G389gat,0.10145,0.04469,0
[38882],[37685],0.0449,0.10124,1
[38882],G390gat,0.10124,0.0449,0
[38882],G418gat,0.10835,0.03779,0
[38882],[37697],0.03797,0.10817,1
[38882],[38330],0.10817,0.03797,0
[38882],G419gat,0.03757,0.10857,0
[38882],G420gat,0.0453,0.10084,0
[38882],G421gat,0.0458,0.10034,0
[38882],G422gat,0.04601,0.10013,0
[38882],G446gat,0.03611,0.11003,0
[38882],[37705],0.03957,0.10657,1
[38882],G447gat,0.10657,0.03957,0
[38882],[37709],0.04013,0.10601,1
[38882],G448gat,0.10928,0.03686,0
[38882],[37714],0.04495,0.10119,1
[38882],G449gat,0.10971,0.03643,0
[38882],[37787],0.04046,0.10568,1
[38882],G348gat,0.11013,0.03601,0
[38882],[37789],0.03589,0.11025,1
[38882],[37756],0.04421,0.10193,1
[38882],G491gat,0.11051,0.03563,0
[38882],[38719],0.03563,0.11051,1
[38882],[39003],0.03549,0.11065,1
[38882],G294gat,0.10055,0.04559,0
[38882],[37767],0.0351,0.11104,1
[38882],[39005],0.03563,0.11051,1
[38882],[38932],0.11143,0.03471,0
[38882],[37771],0.04368,0.10246,1
[38882],G540gat,0.04752,0.09862,1
[38882],[37793],0.09869,0.04745,0
[38882],[38447],0.11025,0.03589,0
[38882],G704gat,0.04244,0.1037,1
[38882],[37795],0.03919,0.10695,1
[38882],G541gat,0.04982,0.09632,1
[38882],[37799],0.09638,0.04976,0
[38882],[37800],0.04114,0.105,1
[38882],[38941],0.042,0.10414,1
[38882],[37807],0.04237,0.10377,1
[38882],[38621],0.10377,0.04237,0
[38882],[38943],0.03971,0.10643,1
[38882],[38574],0.10246,0.04368,0
[38882],[38945],0.03866,0.10748,1
[38882],[37810],0.0979,0.04824,0
[38882],[38838],0.04824,0.0979,1
[38882],[38949],0.04086,0.10528,1
[38882],[38947],0.04832,0.09782,1
[38882],G793gat,0.09863,0.04751,0
[38882],[38379],0.0358,0.11034,1
[38882],G536gat,0.03756,0.10858,1
[38882],[37838],0.03545,0.11069,1
[38882],[38955],0.11069,0.03545,0
[38882],[38862],0.03563,0.11051,1
[38882],[38925],0.10193,0.04421,0
[38882],[38864],0.03557,0.11057,1
[38882],[37842],0.10862,0.03752,0
[38882],[37843],0.03682,0.10932,1
[38882],G537gat,0.03572,0.11042,1
[38882],[38888],0.03547,0.11067,1
[38882],[37846],0.11039,0.03575,0
[38882],[37847],0.03575,0.11039,1
[38882],[38791],0.11039,0.03575,0
[38882],G538gat,0.02278,0.12336,1
[38882],[38897],0.03497,0.11117,1
[38882],[37850],0.1238,0.02234,0
[38882],[37851],0.01973,0.12641,1
[38882],[38690],0.12641,0.01973,0
[38882],[38764],0.03212,0.11402,1
[38882],G539gat,0.03045,0.11569,1
[38882],[38879],0.03517,0.11097,1
[38882],[37856],0.11607,0.03007,0
[38882],[37857],0.02718,0.11896,1
[38882],[38653],0.11896,0.02718,0
[38882],[38766],0.0328,0.11334,1
[38882],[38963],0.0404,0.10574,1
[38882],[37860],0.10386,0.04228,0
[38882],[38768],0.03229,0.11385,1
[38882],G696gat,0.03393,0.11221,1
[38882],[38873],0.04228,0.10386,1
[38882],G772gat,0.04907,0.09707,1
[38882],G669gat,0.03708,0.10906,1
[38882],G677gat,0.03571,0.11043,1
[38882],[37877],0.03571,0.11043,1
[38882],[38967],0.01744,0.1287,1
[38882],[37064],0.01162,0.13452,1
[38882],[38669],0.11043,0.03571,0
[38882],[37883],0.11043,0.03571,0
[38882],[38395],0.03571,0.11043,1
[38882],G686gat,0.031,0.11514,1
[38882],G822gat,0.02127,0.12487,1
[38882],G771gat,0.04676,0.09938,1
[38882],G138gat,0.10492,0.04122,0
[37880],G538gat,0.19174,0.03502,7
[37880],[37850],0.03417,0.19259,8
[37880],[37851],0.19618,0.03058,7
[37880],[38690],0.03058,0.19618,8
[37880],[38764],0.18379,0.04297,7
[37880],G539gat,0.17909,0.04767,7
[37880],[37856],0.04683,0.17993,8
[37880],[37857],0.18402,0.04274,7
[37880],[38653],0.04274,0.18402,8
[37880],[38766],0.18067,0.04609,7
[37880],G686gat,0.17746,0.0493,7
[37064],1,0.02852,,3
[37064],G388gat,0.1519,0.04663,2
[37064],G389gat,0.15253,0.046,2
[37064],[37685],0.0462,0.15233,3
[37064],G390gat,0.15233,0.0462,2
[37064],G418gat,0.16571,0.03282,2
[37064],[37697],0.03315,0.16538,3
[37064],[38330],0.16538,0.03315,2
[37064],G419gat,0.03249,0.16604,2
[37064],G420gat,0.04677,0.15176,2
[37064],G421gat,0.047,0.15153,2
[37064],G422gat,0.04717,0.15136,2
[37064],G446gat,0.02918,0.16935,2
[37064],[37705],0.03758,0.16095,3
[37064],G447gat,0.16095,0.03758,2
[37064],[37709],0.03573,0.1628,3
[37064],G448gat,0.1682,0.03033,2
[37064],[37714],0.04568,0.15285,3
[37064],G449gat,0.16904,0.02949,2
[37064],[37787],0.03766,0.16087,3
[37064],G348gat,0.16963,0.0289,2
[37064],[37789],0.02871,0.16982,3
[37064],[37756],0.04588,0.15265,3
[37064],G491gat,0.16985,0.02868,2
[37064],[38719],0.02868,0.16985,3
[37064],[39003],0.03041,0.16812,3
[37064],G294gat,0.15153,0.047,2
[37064],[37767],0.03042,0.16811,3
[37064],[39005],0.02881,0.16972,3
[37064],[38932],0.16859,0.02994,2
[37064],[37771],0.04831,0.15022,3
[37064],[38447],0.16982,0.02871,2
[37064],G704gat,0.04654,0.15199,3
[37064],[37795],0.04703,0.1515,3
[37064],[37800],0.04768,0.15085,3
[37064],[38941],0.04842,0.15011,3
[37064],[37807],0.04733,0.1512,3
[37064],[38621],0.1512,0.04733,2
[37064],[38943],0.04259,0.15594,3
[37064],[38574],0.15022,0.04831,2
[37064],[38945],0.03919,0.15934,3
[37064],[38949],0.04292,0.15561,3
[37064],[38379],0.02862,0.16991,3
[37064],G536gat,0.04053,0.158,3
[37064],[37838],0.02956,0.16897,3
[37064],[38955],0.16897,0.02956,2
[37064],[38862],0.02909,0.16944,3
[37064],[38925],0.15265,0.04588,2
[37064],[38864],0.02848,0.17005,3
[37064],[37842],0.15749,0.04104,2
[37064],[37843],0.03511,0.16342,3
[37064],G537gat,0.03488,0.16365,3
[37064],[38888],0.02866,0.16987,3
[37064],[37846],0.16343,0.0351,2
[37064],[37847],0.03198,0.16655,3
[37064],G538gat,0.01992,0.17861,3
[37064],[38897],0.02808,0.17045,3
[37064],[37850],0.17905,0.01948,2
[37064],[37851],0.00896,0.18957,3
[37064],[38764],0.01863,0.1799,3
[37064],G539gat,0.03191,0.16662,3
[37064],[38879],0.02844,0.17009,3
[37064],[37856],0.16676,0.03177,2
[37064],[37857],0.02092,0.17761,3
[37064],[38766],0.02149,0.17704,3
[37064],G696gat,0.0301,0.16843,3
[37064],G669gat,0.03386,0.16467,3
[37064],G677gat,0.02852,0.17001,3
[37064],G686gat,0.02531,0.17322,3
[38967],1,0.01743,,3
[38967],G388gat,0.1506,0.03684,2
[38967],G389gat,0.15119,0.03625,2
[38967],[37685],0.03634,0.1511,3
[38967],G390gat,0.1511,0.03634,2
[38967],G418gat,0.16271,0.02473,2
[38967],[37697],0.02481,0.16263,3
[38967],[38330],0.16263,0.02481,2
[38967],G419gat,0.02371,0.16373,2
[38967],G420gat,0.03713,0.15031,2
[38967],G421gat,0.03729,0.15015,2
[38967],G422gat,0.03766,0.14978,2
[38967],G446gat,0.01853,0.16891,2
[38967],[37705],0.02822,0.15922,3
[38967],G447gat,0.15922,0.02822,2
[38967],[37709],0.02656,0.16088,3
[38967],G448gat,0.16775,0.01969,2
[38967],[37714],0.0364,0.15104,3
[38967],G449gat,0.16884,0.0186,2
[38967],[37787],0.02701,0.16043,3
[38967],G348gat,0.16955,0.01789,2
[38967],[37789],0.01763,0.16981,3
[38967],[37756],0.03609,0.15135,3
[38967],G491gat,0.16992,0.01752,2
[38967],[38719],0.01752,0.16992,3
[38967],[39003],0.01925,0.16819,3
[38967],G294gat,0.14999,0.03745,2
[38967],[37767],0.02018,0.16726,3
[38967],[39005],0.0182,0.16924,3
[38967],[38932],0.16756,0.01988,2
[38967],[37771],0.03548,0.15196,3
[38967],G540gat,0.04661,0.14083,3
[38967],[37793],0.14076,0.04668,2
[38967],[38447],0.16981,0.01763,2
[38967],G704gat,0.0317,0.15574,3
[38967],[37795],0.0284,0.15904,3
[38967],[37800],0.03231,0.15513,3
[38967],[38941],0.03366,0.15378,3
[38967],[37807],0.0338,0.15364,3
[38967],[38621],0.15364,0.0338,2
[38967],[38943],0.02824,0.1592,3
[38967],[38574],0.15196,0.03548,2
[38967],[38945],0.02579,0.16165,3
[38967],[37813],0.14084,0.0466,2
[38967],[38361],0.0466,0.14084,3
[38967],[38949],0.03001,0.15743,3
[38967],[38947],0.04564,0.1418,3
[38967],[37821],0.13831,0.04913,2
[38967],G793gat,0.14414,0.0433,2
[38967],G785gat,0.04872,0.13872,3
[38967],[38379],0.01754,0.1699,3
[38967],G536gat,0.03919,0.14825,3
[38967],[37838],0.01954,0.1679,3
[38967],[38955],0.1679,0.01954,2
[38967],[38862],0.01832,0.16912,3
[38967],[38925],0.15135,0.03609,2
[38967],[38864],0.01737,0.17007,3
[38967],[37842],0.14746,0.03998,2
[38967],[37843],0.02893,0.15851,3
[38967],G537gat,0.02807,0.15937,3
[38967],[38888],0.01799,0.16945,3
[38967],[37846],0.15895,0.02849,2
[38967],[37847],0.02297,0.16447,3
[38967],G538gat,0.02743,0.16001,3
[38967],[38897],0.01798,0.16946,3
[38967],[37850],0.15936,0.02808,2
[38967],[37851],0.01743,0.17001,3
[38967],[38690],0.17001,0.01743,2
[38967],[38764],0.01743,0.17001,3
[38967],G539gat,0.0342,0.15324,3
[38967],[38879],0.01804,0.1694,3
[38967],[37856],0.15267,0.03477,2
[38967],[37857],0.02341,0.16403,3
[38967],[38653],0.16403,0.02341,2
[38967],[38766],0.01743,0.17001,3
[38967],[38963],0.03462,0.15282,3
[38967],G696gat,0.02437,0.16307,3
[38967],[38873],0.04026,0.14718,3
[38967],G772gat,0.04038,0.14706,3
[38967],G669gat,0.02638,0.16106,3
[38967],[37874],0.14039,0.04705,2
[38967],[38389],0.04705,0.14039,3
[38967],G677gat,0.01743,0.17001,3
[38967],[37064],0.01743,0.17001,3
[38967],[37883],0.17001,0.01743,2
[38967],[38395],0.01743,0.17001,3
[38967],G686gat,0.02164,0.1658,3
[38967],G771gat,0.03869,0.14875,3
G677gat,1,0.04009,,4
G677gat,G446gat,0.04222,0.36096,3
G677gat,G448gat,0.35873,0.04445,3
G677gat,G449gat,0.36084,0.04234,3
G677gat,G348gat,0.36237,0.04081,3
G677gat,[37789],0.04033,0.36285,4
G677gat,G491gat,0.36278,0.0404,3
G677gat,[38719],0.0404,0.36278,4
G677gat,[39003],0.04629,0.35689,4
G677gat,[37767],0.04787,0.35531,4
G677gat,[39005],0.04194,0.36124,4
G677gat,[38932],0.35569,0.04749,3
G677gat,[38379],0.04018,0.363,4
G677gat,[37838],0.04432,0.35886,4
G677gat,[38955],0.35886,0.04432,3
G677gat,[38862],0.04222,0.36096,4
G677gat,[38864],0.04028,0.3629,4
G677gat,G537gat,0.0396,0.36358,4
G677gat,[38888],0.04056,0.36262,4
G677gat,[37847],0.03941,0.36377,4
G677gat,[38897],0.04188,0.3613,4
G677gat,[38879],0.0418,0.36138,4
G677gat,G696gat,0.04665,0.35653,4
G677gat,G669gat,0.04789,0.35529,4
G677gat,G686gat,0.04668,0.3565,4
[38662],0,0.02118,,1
[38662],1,0.03272,,1
[38662],[37677],0.02681,0.02709,1
[38662],[37678],0.02663,0.02727,1
[38662],[37679],0.02766,0.02624,0
[38662],G388gat,0.02287,0.03103,0
[38662],[37681],0.02726,0.02664,0
[38662],G389gat,0.02232,0.03158,0
[38662],[37685],0.0312,0.0227,0
[38662],G390gat,0.0227,0.0312,0
[38662],[37688],0.02776,0.02614,0
[38662],[37689],0.03207,0.02183,0
[38662],[37692],0.02551,0.02839,1
[38662],G418gat,0.02137,0.03253,0
[38662],[37697],0.03229,0.02161,0
[38662],[38330],0.02161,0.03229,1
[38662],G419gat,0.03233,0.02157,0
[38662],G420gat,0.03183,0.02207,0
[38662],G421gat,0.03173,0.02217,0
[38662],G422gat,0.03134,0.02256,0
[38662],G446gat,0.03268,0.02122,0
[38662],[37705],0.03075,0.02315,0
[38662],G447gat,0.02315,0.03075,0
[38662],[37709],0.03273,0.02117,0
[38662],G448gat,0.02121,0.03269,0
[38662],[37714],0.03147,0.02243,0
[38662],G449gat,0.0212,0.0327,0
[38662],[37717],0.02754,0.02636,0
[38662],G357gat,0.02714,0.02676,0
[38662],G460gat,0.027,0.0269,0
[38662],G530gat,0.02727,0.02663,0
[38662],G767gat,0.02683,0.02707,0
[38662],[37734],0.03917,0.01473,0
[38662],G376gat,0.03563,0.01827,0
[38662],G492gat,0.02954,0.02436,0
[38662],G544gat,0.02695,0.02695,1
[38662],G768gat,0.0275,0.0264,0
[38662],[37787],0.03216,0.02174,0
[38662],G348gat,0.02115,0.03275,1
[38662],[37789],0.03272,0.02118,0
[38662],[37756],0.0314,0.0225,0
[38662],[37707],0.02694,0.02696,1
[38662],G491gat,0.02132,0.03258,1
[38662],[38719],0.03258,0.02132,0
[38662],[39009],0.03005,0.02385,0
[38662],[39003],0.03186,0.02204,0
[38662],[38927],0.02862,0.02528,0
[38662],[37698],0.02741,0.02649,0
[38662],G294gat,0.0229,0.031,1
[38662],[37767],0.03224,0.02166,0
[38662],G375gat,0.02722,0.02668,0
[38662],[39005],0.03239,0.02151,0
[38662],[38932],0.02197,0.03193,1
[38662],G543gat,0.0282,0.0257,0
[38662],[37770],0.0258,0.0281,1
[38662],G731gat,0.02808,0.02582,0
[38662],[37790],0.02582,0.02808,1
[38662],[37771],0.03032,0.02358,0
[38662],[38714],0.02873,0.02517,0
[38662],[37772],0.02757,0.02633,0
[38662],[38563],0.02633,0.02757,1
[38662],G540gat,0.02827,0.02563,0
[38662],[37793],0.0257,0.0282,1
[38662],[38447],0.02118,0.03272,1
[38662],G704gat,0.03039,0.02351,0
[38662],[37795],0.02985,0.02405,0
[38662],[38732],0.02976,0.02414,0
[38662],[37796],0.02701,0.02689,0
[38662],G541gat,0.02848,0.02542,0
[38662],[37799],0.02552,0.02838,1
[38662],[37800],0.03072,0.02318,0
[38662],[38741],0.02909,0.02481,0
[38662],G542gat,0.02855,0.02535,0
[38662],[37803],0.02544,0.02846,1
[38662],[38752],0.02901,0.02489,0
[38662],[38941],0.03033,0.02357,1
[38662],[37807],0.03056,0.02334,0
[38662],[38621],0.02334,0.03056,1
[38662],[38943],0.03092,0.02298,0
[38662],[38574],0.02358,0.03032,1
[38662],[38945],0.03102,0.02288,1
[38662],[38585],0.02689,0.02701,1
[38662],G712gat,0.02853,0.02537,0
[38662],[37825],0.02537,0.02853,1
[38662],[37815],0.02681,0.02709,1
[38662],[38599],0.02709,0.02681,1
[38662],[38949],0.03073,0.02317,0
[38662],[38947],0.02977,0.02413,1
[38662],[37826],0.02705,0.02685,0
[38662],G782gat,0.02731,0.02659,1
[38662],[38617],0.02685,0.02705,1
[38662],[38379],0.03272,0.02118,0
[38662],G721gat,0.02799,0.02591,0
[38662],G536gat,0.03336,0.02054,0
[38662],[37838],0.03203,0.02187,0
[38662],[38955],0.02187,0.03203,1
[38662],[38862],0.03297,0.02093,0
[38662],[37754],0.0278,0.0261,0
[38662],[38925],0.0225,0.0314,1
[38662],[38864],0.03276,0.02114,0
[38662],[37842],0.02031,0.03359,1
[38662],[37843],0.02579,0.02811,1
[38662],G537gat,0.02485,0.02905,1
[38662],[38888],0.03228,0.02162,0
[38662],[37846],0.02906,0.02484,0
[38662],[37847],0.0273,0.0266,0
[38662],[38791],0.03272,0.02118,0
[38662],G538gat,0.02623,0.02767,1
[38662],[38897],0.03225,0.02165,0
[38662],[37850],0.02791,0.02599,0
[38662],[37851],0.02844,0.02546,0
[38662],[38690],0.02546,0.02844,1
[38662],[38764],0.02844,0.02546,1
[38662],G539gat,0.02724,0.02666,0
[38662],[38879],0.0323,0.0216,0
[38662],[37856],0.02681,0.02709,1
[38662],[37857],0.02921,0.02469,0
[38662],[38653],0.02469,0.02921,1
[38662],[38804],0.0314,0.0225,0
[38662],[38766],0.02962,0.02428,1
[38662],[38774],0.03074,0.02316,0
[38662],[38637],0.00693,0.04697,1
[38662],G696gat,0.02965,0.02425,0
[38662],[37865],0.02667,0.02723,1
[38662],[38643],0.02723,0.02667,1
[38662],G669gat,0.03272,0.02118,0
[38662],G677gat,0.0285,0.0254,0
[38662],[37877],0.0266,0.0273,1
[38662],[37064],0.02662,0.02728,1
[38662],[38669],0.0273,0.0266,1
[38662],G686gat,0.02895,0.02495,0
[38662],[37886],0.02678,0.02712,1
[38662],[38686],0.02712,0.02678,1
[38662],G1gat,0.02614,0.02776,0
[38662],G8gat,0.02183,0.03207,0
[38662],G17gat,0.02839,0.02551,0
[38662],G26gat,0.02674,0.02716,0
[38662],G29gat,0.02727,0.02663,0
[38662],G42gat,0.02709,0.02681,0
[38662],G51gat,0.02991,0.02399,0
[38662],G55gat,0.02696,0.02694,0
[38662],G59gat,0.02649,0.02741,0
[38662],G75gat,0.02624,0.02766,0
[38662],G80gat,0.02664,0.02726,0
[38662],G91gat,0.02636,0.02754,0
[38662],G138gat,0.03053,0.02337,0
[38662],G143gat,0.02705,0.02685,0
[38662],G156gat,0.02718,0.02672,0
[38662],G159gat,0.01473,0.03917,0
[38662],G268gat,0.0261,0.0278,0
[38635],1,0.03272,,1
[38635],G388gat,0.10213,0.04258,0
[38635],G389gat,0.10167,0.04304,0
[38635],[37685],0.04299,0.10172,1
[38635],G390gat,0.10172,0.04299,0
[38635],G418gat,0.1095,0.03521,0
[38635],[37697],0.03612,0.10859,1
[38635],[38330],0.10859,0.03612,0
[38635],G419gat,0.03554,0.10917,0
[38635],G420gat,0.04327,0.10144,0
[38635],G421gat,0.04349,0.10122,0
[38635],G422gat,0.04318,0.10153,0
[38635],G446gat,0.0333,0.11141,0
[38635],[37705],0.03413,0.11058,1
[38635],G447gat,0.11058,0.03413,0
[38635],[37709],0.03665,0.10806,1
[38635],G448gat,0.11098,0.03373,0
[38635],[37714],0.0426,0.10211,1
[38635],G449gat,0.11142,0.03329,0
[38635],[37787],0.03782,0.10689,1
[38635],G348gat,0.1117,0.03301,0
[38635],[37789],0.03286,0.11185,1
[38635],[37756],0.04284,0.10187,1
[38635],G491gat,0.11214,0.03257,0
[38635],[38719],0.03257,0.11214,1
[38635],[39003],0.03173,0.11298,1
[38635],G294gat,0.10212,0.04259,0
[38635],[37767],0.03138,0.11333,1
[38635],[39005],0.03215,0.11256,1
[38635],[38932],0.11413,0.03058,0
[38635],[37771],0.04182,0.10289,1
[38635],G540gat,0.04958,0.09513,1
[38635],[37793],0.09522,0.04949,0
[38635],[38447],0.11185,0.03286,0
[38635],G704gat,0.04237,0.10234,1
[38635],[37795],0.03945,0.10526,1
[38635],[37800],0.04191,0.1028,1
[38635],[38941],0.04296,0.10175,1
[38635],[37807],0.04154,0.10317,1
[38635],[38621],0.10317,0.04154,0
[38635],[38943],0.03877,0.10594,1
[38635],[38574],0.10289,0.04182,0
[38635],[38945],0.03708,0.10763,1
[38635],[38949],0.03916,0.10555,1
[38635],[38947],0.04887,0.09584,1
[38635],G793gat,0.09759,0.04712,0
[38635],[38379],0.03283,0.11188,1
[38635],G536gat,0.03294,0.11177,1
[38635],[37838],0.03153,0.11318,1
[38635],[38955],0.11318,0.03153,0
[38635],[38862],0.03232,0.11239,1
[38635],[38925],0.10187,0.04284,0
[38635],[38864],0.03257,0.11214,1
[38635],[37842],0.112,0.03271,0
[38635],[37843],0.03271,0.112,1
[38635],G537gat,0.0183,0.12641,1
[38635],[38888],0.03152,0.11319,1
[38635],[37846],0.12675,0.01796,0
[38635],[37847],0.01699,0.12772,1
[38635],G538gat,0.02635,0.11836,1
[38635],[38897],0.03162,0.11309,1
[38635],[37850],0.11893,0.02578,0
[38635],[37851],0.02414,0.12057,1
[38635],[38690],0.12057,0.02414,0
[38635],[38764],0.02055,0.12416,1
[38635],G539gat,0.02995,0.11476,1
[38635],[38879],0.03193,0.11278,1
[38635],[37856],0.11514,0.02957,0
[38635],[37857],0.02839,0.11632,1
[38635],[38653],0.11632,0.02839,0
[38635],[38766],0.02333,0.12138,1
[38635],[38963],0.04464,0.10007,1
[38635],[37860],0.09651,0.0482,0
[38635],[38768],0.02078,0.12393,1
[38635],[38637],0.112,0.03271,0
[38635],G696gat,0.03197,0.11274,1
[38635],[38873],0.0482,0.09651,1
[38635],G669gat,0.03272,0.11199,1
[38635],[37871],0.03272,0.11199,1
[38635],[38662],0.11199,0.03272,0
[38635],[37874],0.11199,0.03272,0
[38635],[38389],0.03272,0.11199,1
[38635],G677gat,0.02724,0.11747,1
[38635],[38967],0.02654,0.11817,1
[38635],[37064],0.02022,0.12449,1
[38635],[37880],0.12676,0.01795,0
[38635],[38882],0.01795,0.12676,1
[38635],[37883],0.09903,0.04568,0
[38635],[38395],0.04568,0.09903,1
[38635],G686gat,0.03033,0.11438,1
[38635],G822gat,0.03159,0.11312,1
[38635],G771gat,0.04962,0.09509,1
[38635],G138gat,0.1093,0.03541,0
G669gat,1,0.03988,,4
G669gat,G446gat,0.04232,0.35927,3
G669gat,G448gat,0.35892,0.04267,3
G669gat,G449gat,0.36047,0.04112,3
G669gat,G348gat,0.36132,0.04027,3
G669gat,[37789],0.03983,0.36176,4
G669gat,G491gat,0.36131,0.04028,3
G669gat,[38719],0.04028,0.36131,4
G669gat,[39003],0.04931,0.35228,4
G669gat,[37767],0.0471,0.35449,4
G669gat,[39005],0.04234,0.35925,4
G669gat,[38932],0.35406,0.04753,3
G669gat,[38379],0.03988,0.36171,4
G669gat,G536gat,0.04155,0.36004,4
G669gat,[37838],0.04669,0.3549,4
G669gat,[38955],0.3549,0.04669,3
G669gat,[38862],0.04036,0.36123,4
G669gat,[38864],0.04008,0.36151,4
G669gat,[37843],0.04071,0.36088,4
G669gat,[38888],0.04324,0.35835,4
G669gat,[38897],0.04291,0.35868,4
G669gat,[38879],0.04339,0.3582,4
G669gat,G696gat,0.04725,0.35434,4
G669gat,G677gat,0.0444,0.35719,4
G669gat,G686gat,0.04581,0.35578,4
[38643],[37738],0.22157,0.03219,0
[38643],[38774],0.01409,0.23967,1
[38643],G177gat,0.03219,0.22157,0
[38873],1,0.04796,,1
[38873],[37688],0.10239,0.04577,0
[38873],G446gat,0.04864,0.09952,0
[38873],G448gat,0.09886,0.0493,0
[38873],G449gat,0.09958,0.04858,0
[38873],G348gat,0.09983,0.04833,0
[38873],[37789],0.04813,0.10003,1
[38873],G491gat,0.10046,0.0477,0
[38873],[38719],0.0477,0.10046,1
[38873],[39003],0.04658,0.10158,1
[38873],[38927],0.10377,0.04439,0
[38873],[37767],0.04797,0.10019,1
[38873],[39005],0.0478,0.10036,1
[38873],[38932],0.10124,0.04692,0
[38873],G543gat,0.04262,0.10554,1
[38873],[37770],0.10575,0.04241,0
[38873],[37771],0.04423,0.10393,1
[38873],G540gat,0.02363,0.12453,1
[38873],[37793],0.12475,0.02341,0
[38873],[38447],0.10003,0.04813,0
[38873],G704gat,0.03698,0.11118,1
[38873],[37795],0.02436,0.1238,1
[38873],[38732],0.099,0.04916,0
[38873],G541gat,0.03485,0.11331,1
[38873],[37799],0.11347,0.03469,0
[38873],[37800],0.03552,0.11264,1
[38873],G542gat,0.04113,0.10703,1
[38873],[37803],0.10722,0.04094,0
[38873],[38941],0.0378,0.11036,1
[38873],[37807],0.0423,0.10586,1
[38873],[38621],0.10586,0.0423,0
[38873],[38943],0.03938,0.10878,1
[38873],[38574],0.10393,0.04423,0
[38873],[38945],0.04099,0.10717,1
[38873],[37810],0.12402,0.02414,0
[38873],[38838],0.02414,0.12402,1
[38873],[38949],0.04292,0.10524,1
[38873],[38947],0.0443,0.10386,1
[38873],[37818],0.10912,0.03904,0
[38873],[38844],0.03904,0.10912,1
[38873],G793gat,0.10346,0.0447,0
[38873],[38379],0.04807,0.10009,1
[38873],[37838],0.04938,0.09878,1
[38873],[38955],0.09878,0.04938,0
[38873],[38862],0.04834,0.09982,1
[38873],[38864],0.04791,0.10025,1
[38873],[38888],0.04846,0.0997,1
[38873],[38897],0.04877,0.09939,1
[38873],[38879],0.0483,0.09986,1
[38873],[38963],0.01168,0.13648,1
[38873],G696gat,0.04796,0.1002,1
[38873],[37865],0.04796,0.1002,1
[38873],[38643],0.1002,0.04796,0
[38873],G772gat,0.04796,0.1002,1
[38873],G1gat,0.04577,0.10239,0
G696gat,1,0.04131,,4
G696gat,G446gat,0.04347,0.35118,3
G696gat,G448gat,0.34931,0.04534,3
G696gat,G449gat,0.35125,0.0434,3
G696gat,G348gat,0.35267,0.04198,3
G696gat,[37789],0.04147,0.35318,4
G696gat,G491gat,0.35299,0.04166,3
G696gat,[38719],0.04166,0.35299,4
G696gat,[39005],0.04364,0.35101,4
G696gat,[38379],0.04137,0.35328,4
G696gat,[37838],0.04815,0.3465,4
G696gat,[38955],0.3465,0.04815,3
G696gat,[38862],0.04509,0.34956,4
G696gat,[38864],0.04152,0.35313,4
G696gat,[38888],0.0449,0.34975,4
G696gat,[38897],0.04494,0.34971,4
G696gat,G539gat,0.04148,0.35317,4
G696gat,[38879],0.04143,0.35322,4
G696gat,[37857],0.04125,0.3534,4
G696gat,G669gat,0.04902,0.34563,4
G696gat,G677gat,0.04641,0.34824,4
G696gat,G686gat,0.04834,0.34631,4
[38768],1,0.02458,,4
[38768],G418gat,0.44915,0.04505,3
[38768],[37697],0.04673,0.44747,4
[38768],[38330],0.44747,0.04673,3
[38768],G419gat,0.04391,0.45029,3
[38768],G446gat,0.0274,0.4668,3
[38768],G448gat,0.46303,0.03117,3
[38768],G449gat,0.46647,0.02773,3
[38768],G348gat,0.46781,0.02639,3
[38768],[37789],0.02552,0.46868,4
[38768],G491gat,0.4695,0.0247,3
[38768],[38719],0.0247,0.4695,4
[38768],[39003],0.03167,0.46253,4
[38768],[37767],0.03336,0.46084,4
[38768],[39005],0.02726,0.46694,4
[38768],[38932],0.46129,0.03291,3
[38768],[38447],0.46868,0.02552,3
[38768],[38379],0.02509,0.46911,4
[38768],[37838],0.03209,0.46211,4
[38768],[38955],0.46211,0.03209,3
[38768],[38862],0.02754,0.46666,4
[38768],[38864],0.02442,0.46978,4
[38768],[37843],0.03088,0.46332,4
[38768],[38888],0.02667,0.46753,4
[38768],[37847],0.02458,0.46962,4
[38768],[38897],0.02706,0.46714,4
[38768],[37851],0.0447,0.4495,4
[38768],[38690],0.4495,0.0447,3
[38768],[38764],0.02458,0.46962,4
[38768],[38879],0.02773,0.46647,4
[38768],[38766],0.02458,0.46962,4
[38768],G677gat,0.04147,0.45273,4
[38768],[38967],0.02521,0.46899,4
[38963],[37800],0.04434,0.26312,2
[38963],[38941],0.04759,0.25987,2
[38963],[38943],0.04823,0.25923,2
[38963],[38838],0.03142,0.27604,2
[38774],[37738],0.41111,0.04868,2
[38774],G177gat,0.04868,0.41111,2
[38766],1,0.01467,,3
[38766],G418gat,0.4488,0.03549,2
[38766],[37697],0.0373,0.44699,3
[38766],[38330],0.44699,0.0373,2
[38766],G419gat,0.03446,0.44983,2
[38766],G446gat,0.01751,0.46678,2
[38766],[37705],0.04799,0.4363,3
[38766],G447gat,0.4363,0.04799,2
[38766],[37709],0.0405,0.44379,3
[38766],G448gat,0.46304,0.02125,2
[38766],G449gat,0.4665,0.01779,2
[38766],[37787],0.0432,0.44109,3
[38766],G348gat,0.46782,0.01647,2
[38766],[37789],0.01558,0.46871,3
[38766],G491gat,0.4692,0.01509,2
[38766],[38719],0.01509,0.4692,3
[38766],[39003],0.02334,0.46095,3
[38766],[37767],0.02487,0.45942,3
[38766],[39005],0.01768,0.46661,3
[38766],[38932],0.45963,0.02466,2
[38766],[38447],0.46871,0.01558,2
[38766],[38945],0.04924,0.43505,3
[38766],[38379],0.01516,0.46913,3
[38766],[37838],0.02229,0.462,3
[38766],[38955],0.462,0.02229,2
[38766],[38862],0.01805,0.46624,3
[38766],[38864],0.01469,0.4696,3
[38766],[37843],0.02114,0.46315,3
[38766],G537gat,0.04871,0.43558,3
[38766],[38888],0.01693,0.46736,3
[38766],[37847],0.01467,0.46962,3
[38766],[38897],0.0172,0.46709,3
[38766],[37851],0.03479,0.4495,3
[38766],[38690],0.4495,0.03479,2
[38766],[38764],0.01467,0.46962,3
[38766],[38879],0.01748,0.46681,3
[38766],[37857],0.03101,0.45328,3
[38766],G696gat,0.04554,0.43875,3
[38766],G669gat,0.04764,0.43665,3
[38766],G677gat,0.03163,0.45266,3
[38766],G686gat,0.04274,0.44155,3
[38653],0,0.04976,,1
[38653],[38864],0.40937,0.04969,0
[38653],G539gat,0.41535,0.04371,0
[38653],[38879],0.40992,0.04914,0
[38653],[37856],0.04312,0.41594,1
[38879],1,0.00837,,2
[38879],[37697],0.02859,0.40453,2
[38879],[38330],0.40453,0.02859,1
[38879],G419gat,0.02581,0.40731,1
[38879],G446gat,0.01115,0.42197,1
[38879],[37705],0.03637,0.39675,2
[38879],G447gat,0.39675,0.03637,1
[38879],[37709],0.03036,0.40276,2
[38879],G448gat,0.41923,0.01389,1
[38879],G449gat,0.42167,0.01145,1
[38879],[37787],0.03479,0.39833,2
[38879],G348gat,0.42333,0.00979,1
[38879],[37789],0.00913,0.42399,2
[38879],[39003],0.01592,0.4172,2
[38879],[37767],0.02012,0.413,2
[38879],[39005],0.01147,0.42165,2
[38879],[37838],0.00864,0.42448,2
[38879],[38862],0.00882,0.4243,2
[38879],[38864],0.00837,0.42475,2
[38879],[38888],0.00856,0.42456,2
[38879],[38897],0.00848,0.42464,2
[38764],1,0.02384,,2
[38764],G418gat,0.45051,0.04295,1
[38764],[37697],0.04475,0.44871,2
[38764],[38330],0.44871,0.04475,1
[38764],G419gat,0.04216,0.4513,1
[38764],G446gat,0.02643,0.46703,1
[38764],[37709],0.04926,0.4442,2
[38764],G448gat,0.46308,0.03038,1
[38764],G449gat,0.46652,0.02694,1
[38764],G348gat,0.46785,0.02561,1
[38764],[37789],0.02473,0.46873,2
[38764],G491gat,0.46919,0.02427,1
[38764],[38719],0.02427,0.46919,2
[38764],[39003],0.03151,0.46195,2
[38764],[37767],0.03258,0.46088,2
[38764],[39005],0.02657,0.46689,2
[38764],[38932],0.46105,0.03241,1
[38764],[38447],0.46873,0.02473,1
[38764],[38379],0.02435,0.46911,2
[38764],[37838],0.03092,0.46254,2
[38764],[38955],0.46254,0.03092,1
[38764],[38862],0.02685,0.46661,2
[38764],[38864],0.0239,0.46956,2
[38764],[37843],0.02984,0.46362,2
[38764],[38888],0.02574,0.46772,2
[38764],[37847],0.02384,0.46962,2
[38764],[38897],0.02552,0.46794,2
[38764],[37851],0.02012,0.47334,2
[38764],[38879],0.02708,0.46638,2
[38764],G677gat,0.03912,0.45434,2
[38764],G686gat,0.0439,0.44956,2
[38690],0,0.0484,,1
[38690],[37789],0.45465,0.04919,0
[38690],G491gat,0.04889,0.45495,1
[38690],[38719],0.45495,0.04889,0
[38690],[38447],0.04919,0.45465,1
[38690],[38379],0.45499,0.04885,0
[38690],[38864],0.45548,0.04836,0
[38690],G538gat,0.45962,0.04422,0
[38690],[38897],0.45539,0.04845,0
[38690],[37850],0.04428,0.45956,1
[38897],1,0.00895,,2
[38897],[37697],0.02411,0.43408,2
[38897],[38330],0.43408,0.02411,1
[38897],G419gat,0.02204,0.43615,1
[38897],G446gat,0.01102,0.44717,1
[38897],[37705],0.03849,0.4197,2
[38897],G447gat,0.4197,0.03849,1
[38897],[37709],0.0318,0.42639,2
[38897],G448gat,0.44323,0.01496,1
[38897],G449gat,0.44605,0.01214,1
[38897],[37787],0.03708,0.42111,2
[38897],G348gat,0.4477,0.01049,1
[38897],[37789],0.00969,0.4485,2
[38897],[39003],0.01453,0.44366,2
[38897],[37767],0.01745,0.44074,2
[38897],[39005],0.01233,0.44586,2
[38897],[37838],0.00895,0.44924,2
[38897],[38862],0.00893,0.44926,2
[38897],[38864],0.00895,0.44924,2
[38897],[38888],0.00891,0.44928,2
[38897],[38879],0.00869,0.4495,2
[38888],1,0.00648,,2
[38888],[37697],0.03146,0.46838,2
[38888],[38330],0.46838,0.03146,1
[38888],G419gat,0.02822,0.47162,1
[38888],G446gat,0.00972,0.49012,1
[38888],[37705],0.0286,0.47124,2
[38888],G447gat,0.47124,0.0286,1
[38888],[37709],0.03272,0.46712,2
[38888],G448gat,0.48671,0.01313,1
[38888],G449gat,0.49005,0.00979,1
[38888],[37787],0.03737,0.46247,2
[38888],G348gat,0.49165,0.00819,1
[38888],[37789],0.00739,0.49245,2
[38888],[39003],0.01238,0.48746,2
[38888],[37767],0.01596,0.48388,2
[38888],[39005],0.00921,0.49063,2
[38888],[37838],0.00618,0.49366,2
[38888],[38862],0.00642,0.49342,2
[38888],[38864],0.00648,0.49336,2
[38888],[38897],0.00611,0.49373,2
[38888],[38879],0.00634,0.4935,2
[38864],1,0.00213,,6
[38864],[37697],0.04409,0.78111,6
[38864],[38330],0.78111,0.04409,5
[38864],G419gat,0.0389,0.7863,5
[38864],[37709],0.04523,0.77997,6
[38864],[39003],0.02428,0.80092,6
[38864],[37767],0.02654,0.79866,6
[38864],[37838],0.02453,0.80067,6
[38925],0,0.00213,,1
[38925],1,0.01565,,1
[38925],[37678],0.01111,0.00667,0
[38925],[37679],0.01033,0.00745,0
[38925],[37681],0.0113,0.00648,0
[38925],[37685],0.01425,0.00353,1
[38925],G390gat,0.00353,0.01425,0
[38925],G420gat,0.01551,0.00227,1
[38925],G421gat,0.01457,0.00321,1
[38925],G29gat,0.00667,0.01111,0
[38925],G75gat,0.00745,0.01033,0
[38925],G80gat,0.00648,0.0113,0
[37754],0,0.00213,,1
[37754],1,0.00207,,1
[37754],G268gat,0.0042,0,0
[38862],1,0.0115,,2
[38862],[37697],0.03847,0.54251,2
[38862],[38330],0.54251,0.03847,1
[38862],G419gat,0.03484,0.54614,1
[38862],G446gat,0.01513,0.56585,1
[38862],[37705],0.04931,0.53167,2
[38862],G447gat,0.53167,0.04931,1
[38862],[37709],0.03054,0.55044,2
[38862],G448gat,0.56464,0.01634,1
[38862],G449gat,0.567,0.01398,1
[38862],[37787],0.04754,0.53344,2
[38862],G348gat,0.56811,0.01287,1
[38862],[37789],0.01225,0.56873,2
[38862],[39003],0.02207,0.55891,2
[38862],[37767],0.02256,0.55842,2
[38862],[39005],0.01599,0.56499,2
[38862],[37838],0.01146,0.56952,2
[38862],[38864],0.0115,0.56948,2
[38862],[38888],0.01154,0.56944,2
[38862],[38897],0.01176,0.56922,2
[38862],[38879],0.01205,0.56893,2
[38955],0,0.02502,,4
[38955],[37697],0.57237,0.04788,3
[38955],[38330],0.04788,0.57237,4
[38955],[37705],0.58226,0.03799,3
[38955],G447gat,0.03799,0.58226,3
[38955],[37709],0.57134,0.04891,3
[38955],G448gat,0.03096,0.58929,3
[38955],G449gat,0.02834,0.59191,3
[38955],G348gat,0.02665,0.5936,4
[38955],[37767],0.58393,0.03632,3
[37838],1,0.02502,,3
[37838],[37697],0.04788,0.57237,3
[37838],[37705],0.03799,0.58226,3
[37838],[37709],0.04891,0.57134,3
[37838],[39003],0.02472,0.59553,3
[37838],[37767],0.03632,0.58393,3
[38379],1,0.00014,,2
[38379],G388gat,0.22848,0.03233,1
[38379],[37685],0.03231,0.2285,2
[38379],G390gat,0.2285,0.03231,1
[38379],G418gat,0.24375,0.01706,1
[38379],[37697],0.01666,0.24415,2
[38379],[38330],0.24415,0.01666,1
[38379],G419gat,0.01451,0.2463,1
[38379],G420gat,0.0319,0.22891,1
[38379],G421gat,0.03226,0.22855,1
[38379],G422gat,0.03286,0.22795,1
[38379],G446gat,0.00229,0.25852,1
[38379],[37705],0.03279,0.22802,2
[38379],G447gat,0.22802,0.03279,1
[38379],[37709],0.01828,0.24253,2
[38379],G448gat,0.256,0.00481,1
[38379],[37714],0.03262,0.22819,2
[38379],G449gat,0.25844,0.00237,1
[38379],[37787],0.016,0.24481,2
[38379],G348gat,0.25985,0.00096,1
[38379],[37789],0.00043,0.26038,2
[38379],[39003],0.00922,0.25159,2
[38379],G294gat,0.22845,0.03236,1
[38379],[37767],0.01333,0.24748,2
[38379],[39005],0.00348,0.25733,2
[38379],[37838],0.01231,0.2485,2
[38379],[38955],0.2485,0.01231,1
[38379],[38862],0.00633,0.25448,2
[38379],[38864],0.00072,0.26009,2
[38379],[38888],0.00616,0.25465,2
[38379],[38897],0.00547,0.25534,2
[38379],[38879],0.00628,0.25453,2
[38617],[37746],0.14776,0.02374,0
[38617],[38752],0.00749,0.16401,1
[38617],G195gat,0.02374,0.14776,0
G793gat,0,0.02341,,2
G793gat,[37677],0.04972,0.04991,2
G793gat,[37678],0.04937,0.05026,2
G793gat,[37679],0.05007,0.04956,1
G793gat,G388gat,0.03029,0.06934,1
G793gat,[37681],0.04889,0.05074,2
G793gat,G389gat,0.02977,0.06986,1
G793gat,[37685],0.0695,0.03013,1
G793gat,G390gat,0.03013,0.0695,1
G793gat,[37688],0.04537,0.05426,2
G793gat,[37689],0.04925,0.05038,2
G793gat,[37692],0.0511,0.04853,1
G793gat,G418gat,0.02699,0.07264,1
G793gat,[37697],0.07338,0.02625,1
G793gat,[38330],0.02625,0.07338,2
G793gat,G419gat,0.07385,0.02578,1
G793gat,G420gat,0.06941,0.03022,1
G793gat,G421gat,0.06939,0.03024,1
G793gat,G422gat,0.06957,0.03006,1
G793gat,G446gat,0.07575,0.02388,1
G793gat,[37705],0.0701,0.02953,1
G793gat,G447gat,0.02953,0.0701,1
G793gat,[37709],0.07245,0.02718,1
G793gat,G448gat,0.02432,0.07531,1
G793gat,[37714],0.06967,0.02996,1
G793gat,G449gat,0.02381,0.07582,1
G793gat,[37729],0.04992,0.04971,1
G793gat,[37730],0.05039,0.04924,1
G793gat,G366gat,0.05058,0.04905,1
G793gat,G463gat,0.04922,0.05041,2
G793gat,G533gat,0.05089,0.04874,1
G793gat,G767gat,0.05051,0.04912,1
G793gat,[37746],0.05692,0.04271,1
G793gat,[37747],0.05168,0.04795,1
G793gat,G385gat,0.06993,0.0297,1
G793gat,G495gat,0.04969,0.04994,2
G793gat,G547gat,0.04938,0.05025,2
G793gat,G768gat,0.04927,0.05036,1
G793gat,[37787],0.07318,0.02645,1
G793gat,G348gat,0.0236,0.07603,2
G793gat,[37789],0.07613,0.0235,1
G793gat,[37756],0.06972,0.02991,1
G793gat,[37707],0.04952,0.05011,2
G793gat,G491gat,0.02349,0.07614,2
G793gat,[38719],0.07614,0.02349,1
G793gat,[39009],0.06379,0.03584,1
G793gat,[39003],0.07476,0.02487,1
G793gat,[38927],0.04683,0.0528,2
G793gat,[37698],0.04956,0.05007,2
G793gat,G294gat,0.03042,0.06921,2
G793gat,[37767],0.07355,0.02608,1
G793gat,G375gat,0.04927,0.05036,2
G793gat,[39005],0.07554,0.02409,1
G793gat,[38932],0.02613,0.0735,2
G793gat,G543gat,0.06471,0.03492,1
G793gat,[37770],0.03495,0.06468,2
G793gat,G731gat,0.06274,0.03689,1
G793gat,[37790],0.03696,0.06267,2
G793gat,[37771],0.071,0.02863,1
G793gat,[38714],0.05427,0.04536,1
G793gat,[37772],0.05058,0.04905,1
G793gat,[38563],0.04905,0.05058,2
G793gat,[37753],0.05149,0.04814,1
G793gat,[37777],0.0376,0.06203,2
G793gat,G540gat,0.06274,0.03689,1
G793gat,[37793],0.03695,0.06268,2
G793gat,[38447],0.0235,0.07613,2
G793gat,G704gat,0.07061,0.02902,1
G793gat,[37795],0.06978,0.02985,1
G793gat,[38732],0.05609,0.04354,1
G793gat,[37796],0.04998,0.04965,1
G793gat,G541gat,0.06401,0.03562,1
G793gat,[37799],0.03564,0.06399,2
G793gat,[37800],0.0703,0.02933,1
G793gat,[38741],0.05562,0.04401,1
G793gat,G542gat,0.07079,0.02884,1
G793gat,[37803],0.02887,0.07076,2
G793gat,[38752],0.04226,0.05737,2
G793gat,[38941],0.08583,0.0138,1
G793gat,[37807],0.07031,0.02932,1
G793gat,[38621],0.02932,0.07031,2
G793gat,[38943],0.07202,0.02761,1
G793gat,[38574],0.02863,0.071,2
G793gat,[38945],0.0801,0.01953,1
G793gat,[37810],0.02038,0.07925,2
G793gat,[38585],0.04965,0.04998,2
G793gat,[37813],0.03596,0.06367,2
G793gat,G712gat,0.06289,0.03674,1
G793gat,[37825],0.03678,0.06285,2
G793gat,[37815],0.04993,0.0497,1
G793gat,[38599],0.0497,0.04993,2
G793gat,[38949],0.08141,0.01822,1
G793gat,[38947],0.09125,0.00838,1
G793gat,[37818],0.00591,0.09372,2
G793gat,[37821],0.03569,0.06394,2
G793gat,[38617],0.03635,0.06328,2
G793gat,[38379],0.07622,0.02341,1
G793gat,G721gat,0.07622,0.02341,1
G793gat,G536gat,0.06147,0.03816,1
G793gat,[37838],0.07393,0.0257,1
G793gat,[38955],0.0257,0.07393,2
G793gat,[38862],0.07508,0.02455,1
G793gat,[37754],0.05025,0.04938,1
G793gat,[38925],0.02991,0.06972,2
G793gat,[38864],0.07612,0.02351,1
G793gat,[37842],0.03908,0.06055,2
G793gat,[37843],0.06881,0.03082,1
G793gat,G537gat,0.06264,0.03699,1
G793gat,[38888],0.075,0.02463,1
G793gat,[37846],0.03772,0.06191,2
G793gat,[37847],0.06843,0.0312,1
G793gat,[38791],0.05713,0.0425,1
G793gat,G538gat,0.06237,0.03726,1
G793gat,[38897],0.07528,0.02435,1
G793gat,[37850],0.03818,0.06145,2
G793gat,[37851],0.06866,0.03097,1
G793gat,[38690],0.03097,0.06866,2
G793gat,[38764],0.07071,0.02892,1
G793gat,G539gat,0.06147,0.03816,1
G793gat,[38879],0.07523,0.0244,1
G793gat,[37856],0.03889,0.06074,2
G793gat,[37857],0.06862,0.03101,1
G793gat,[38653],0.03101,0.06862,2
G793gat,[38804],0.05718,0.04245,1
G793gat,[38766],0.07189,0.02774,1
G793gat,[38774],0.0578,0.04183,1
G793gat,[38637],0.05852,0.04111,1
G793gat,G696gat,0.06912,0.03051,1
G793gat,[37865],0.04943,0.0502,2
G793gat,[38643],0.0502,0.04943,1
G793gat,G669gat,0.06967,0.02996,1
G793gat,[37871],0.04852,0.05111,2
G793gat,[38662],0.05111,0.04852,1
G793gat,G677gat,0.07018,0.02945,1
G793gat,[37877],0.05029,0.04934,1
G793gat,[37064],0.0648,0.03483,1
G793gat,[38669],0.04934,0.05029,2
G793gat,G686gat,0.0697,0.02993,1
G793gat,[37886],0.05001,0.04962,1
G793gat,[38686],0.04962,0.05001,2
G793gat,G1gat,0.05426,0.04537,1
G793gat,G8gat,0.05038,0.04925,1
G793gat,G17gat,0.04853,0.0511,1
G793gat,G26gat,0.04914,0.05049,1
G793gat,G29gat,0.05026,0.04937,1
G793gat,G42gat,0.04991,0.04972,1
G793gat,G51gat,0.04876,0.05087,1
G793gat,G55gat,0.05011,0.04952,1
G793gat,G59gat,0.05007,0.04956,1
G793gat,G75gat,0.04956,0.05007,1
G793gat,G80gat,0.05074,0.04889,1
G793gat,G121gat,0.04971,0.04992,1
G793gat,G126gat,0.04924,0.05039,1
G793gat,G149gat,0.04301,0.05662,1
G793gat,G153gat,0.04851,0.05112,1
G793gat,G156gat,0.049,0.05063,1
G793gat,G195gat,0.04271,0.05692,1
G793gat,G201gat,0.04795,0.05168,1
G793gat,G261gat,0.04814,0.05149,1
G793gat,G268gat,0.04938,0.05025,1
G782gat,[37747],0.04205,0.12615,3
G782gat,G543gat,0.04233,0.12587,3
G782gat,[37770],0.126,0.0422,2
G782gat,[37771],0.04146,0.12674,3
G782gat,[37753],0.04254,0.12566,3
G782gat,[38941],0.04793,0.12027,3
G782gat,[38947],0.03983,0.12837,3
G782gat,G201gat,0.12615,0.04205,2
G782gat,G261gat,0.12566,0.04254,2
[37826],[37746],0.04017,0.25818,2
[37826],G195gat,0.25818,0.04017,1
[38844],0,0.04106,,1
[38844],1,0.02015,,1
[38844],[37677],0.03107,0.03014,0
[38844],[37678],0.03101,0.0302,0
[38844],[37679],0.03051,0.0307,1
[38844],G388gat,0.03793,0.02328,0
[38844],[37681],0.03088,0.03033,0
[38844],G389gat,0.03818,0.02303,0
[38844],[37685],0.02309,0.03812,1
[38844],G390gat,0.03812,0.02309,0
[38844],[37688],0.04076,0.02045,0
[38844],[37689],0.03,0.03121,1
[38844],[37692],0.0282,0.03301,1
[38844],G418gat,0.03958,0.02163,0
[38844],[37697],0.02151,0.0397,1
[38844],[38330],0.0397,0.02151,0
[38844],G419gat,0.02123,0.03998,0
[38844],G420gat,0.02252,0.03869,0
[38844],G421gat,0.02257,0.03864,0
[38844],G422gat,0.02328,0.03793,0
[38844],G446gat,0.02043,0.04078,0
[38844],[37705],0.02302,0.03819,1
[38844],G447gat,0.03819,0.02302,0
[38844],[37709],0.02257,0.03864,1
[38844],G448gat,0.04049,0.02072,0
[38844],[37714],0.02266,0.03855,1
[38844],G449gat,0.04082,0.02039,0
[38844],[37729],0.02952,0.03169,1
[38844],[37730],0.03007,0.03114,1
[38844],G366gat,0.03119,0.03002,0
[38844],G463gat,0.03099,0.03022,0
[38844],G533gat,0.03007,0.03114,1
[38844],G767gat,0.03084,0.03037,0
[38844],[37746],0.0189,0.04231,1
[38844],[37747],0.02306,0.03815,1
[38844],G385gat,0.02668,0.03453,1
[38844],G495gat,0.03087,0.03034,0
[38844],G547gat,0.03052,0.03069,1
[38844],G768gat,0.03118,0.03003,0
[38844],[37787],0.02123,0.03998,1
[38844],G348gat,0.04099,0.02022,0
[38844],[37789],0.02015,0.04106,1
[38844],[37756],0.02299,0.03822,1
[38844],[37707],0.03042,0.03079,1
[38844],G491gat,0.04113,0.02008,0
[38844],[38719],0.02008,0.04113,1
[38844],[39009],0.02523,0.03598,1
[38844],[39003],0.01973,0.04148,1
[38844],[38927],0.04118,0.02003,0
[38844],[37698],0.03055,0.03066,1
[38844],G294gat,0.03783,0.02338,0
[38844],[37767],0.02021,0.041,1
[38844],G375gat,0.03157,0.02964,0
[38844],[39005],0.02028,0.04093,1
[38844],[38932],0.04127,0.01994,0
[38844],G543gat,0.01544,0.04577,1
[38844],[37770],0.04583,0.01538,0
[38844],G731gat,0.02254,0.03867,1
[38844],[37790],0.03867,0.02254,0
[38844],[37771],0.01568,0.04553,1
[38844],[38714],0.03845,0.02276,0
[38844],[37772],0.02723,0.03398,1
[38844],[38563],0.03398,0.02723,0
[38844],[37753],0.02294,0.03827,1
[38844],[37777],0.04314,0.01807,1
[38844],G540gat,0.02017,0.04104,1
[38844],[37793],0.04113,0.02008,0
[38844],[38447],0.04106,0.02015,0
[38844],G704gat,0.02023,0.04098,1
[38844],[37795],0.0203,0.04091,1
[38844],[38732],0.03078,0.03043,0
[38844],[37796],0.03028,0.03093,1
[38844],G541gat,0.02001,0.0412,1
[38844],[37799],0.04126,0.01995,0
[38844],[37800],0.02015,0.04106,1
[38844],[38741],0.02015,0.04106,1
[38844],G542gat,0.01209,0.04912,1
[38844],[37803],0.04917,0.01204,0
[38844],[38752],0.04208,0.01913,0
[38844],[38941],0.00739,0.05382,1
[38844],[37807],0.01181,0.0494,1
[38844],[38621],0.0494,0.01181,0
[38844],[38943],0.01181,0.0494,1
[38844],[38574],0.04553,0.01568,0
[38844],[38945],0.0138,0.04741,1
[38844],[38585],0.03093,0.03028,0
[38844],[37813],0.0409,0.02031,1
[38844],G712gat,0.02015,0.04106,1
[38844],[37825],0.04106,0.02015,0
[38844],[37815],0.04106,0.02015,0
[38844],[38599],0.02015,0.04106,1
[38844],[38949],0.0138,0.04741,1
[38844],[38947],0.00739,0.05382,1
[38844],[37821],0.04106,0.02015,1
[38844],[37826],0.02747,0.03374,1
[38844],G782gat,0.01134,0.04987,1
[38844],[38617],0.03374,0.02747,0
[38844],[38379],0.02015,0.04106,1
[38844],G721gat,0.02184,0.03937,1
[38844],G536gat,0.02519,0.03602,1
[38844],[37838],0.02134,0.03987,1
[38844],[38955],0.03987,0.02134,0
[38844],[38862],0.02089,0.04032,1
[38844],[37754],0.03059,0.03062,1
[38844],[38925],0.03822,0.02299,0
[38844],[38864],0.02014,0.04107,1
[38844],[37842],0.0355,0.02571,0
[38844],[37843],0.02274,0.03847,1
[38844],G537gat,0.02457,0.03664,1
[38844],[38888],0.02075,0.04046,1
[38844],[37846],0.03636,0.02485,0
[38844],[37847],0.02268,0.03853,1
[38844],[38791],0.02842,0.03279,1
[38844],G538gat,0.02399,0.03722,1
[38844],[38897],0.02046,0.04075,1
[38844],[37850],0.03662,0.02459,0
[38844],[37851],0.02264,0.03857,1
[38844],[38690],0.03857,0.02264,0
[38844],[38764],0.02191,0.0393,1
[38844],G539gat,0.02518,0.03603,1
[38844],[38879],0.02065,0.04056,1
[38844],[37856],0.0357,0.02551,0
[38844],[37857],0.02265,0.03856,1
[38844],[38653],0.03856,0.02265,0
[38844],[38804],0.02837,0.03284,1
[38844],[38766],0.02147,0.03974,1
[38844],[38774],0.02754,0.03367,1
[38844],[38637],0.02724,0.03397,1
[38844],G696gat,0.02307,0.03814,1
[38844],[37865],0.03117,0.03004,0
[38844],[38643],0.03004,0.03117,1
[38844],G669gat,0.02291,0.0383,1
[38844],[37871],0.03138,0.02983,0
[38844],[38662],0.02983,0.03138,1
[38844],[37874],0.03944,0.02177,1
[38844],G677gat,0.02269,0.03852,1
[38844],[37877],0.03026,0.03095,1
[38844],[37064],0.02383,0.03738,1
[38844],[38669],0.03095,0.03026,0
[38844],[37883],0.03958,0.02163,1
[38844],G686gat,0.02229,0.03892,1
[38844],[37886],0.03035,0.03086,1
[38844],[38686],0.03086,0.03035,0
[38844],G1gat,0.02045,0.04076,0
[38844],G8gat,0.03121,0.03,0
[38844],G17gat,0.03301,0.0282,0
[38844],G26gat,0.03184,0.02937,0
[38844],G29gat,0.0302,0.03101,0
[38844],G42gat,0.03014,0.03107,0
[38844],G51gat,0.03269,0.02852,0
[38844],G55gat,0.03079,0.03042,0
[38844],G59gat,0.03066,0.03055,0
[38844],G75gat,0.0307,0.03051,0
[38844],G80gat,0.03033,0.03088,0
[38844],G121gat,0.03169,0.02952,0
[38844],G126gat,0.03114,0.03007,0
[38844],G149gat,0.03821,0.023,0
[38844],G153gat,0.03482,0.02639,0
[38844],G156gat,0.03069,0.03052,0
[38844],G195gat,0.04231,0.0189,0
[38844],G201gat,0.03815,0.02306,0
[38844],G261gat,0.03827,0.02294,0
[38844],G268gat,0.03062,0.03059,0
[37818],G543gat,0.12644,0.04162,7
[37818],[37770],0.04148,0.12658,8
[37818],[37771],0.12571,0.04235,7
[37818],G542gat,0.13582,0.03224,7
[37818],[37803],0.03211,0.13595,8
[37818],[38621],0.03182,0.13624,8
[37818],[38943],0.12563,0.04243,7
[37818],[38574],0.04235,0.12571,8
[37818],[38945],0.1231,0.04496,7
[38947],1,0.02115,,3
[38947],G388gat,0.10221,0.03352,2
[38947],G389gat,0.10234,0.03339,2
[38947],[37685],0.03298,0.10275,3
[38947],G390gat,0.10275,0.03298,2
[38947],[37688],0.08751,0.04822,2
[38947],G418gat,0.10825,0.02748,2
[38947],[37697],0.02704,0.10869,3
[38947],[38330],0.10869,0.02704,2
[38947],G419gat,0.02616,0.10957,2
[38947],G420gat,0.03331,0.10242,2
[38947],G421gat,0.03343,0.1023,2
[38947],G422gat,0.03354,0.10219,2
[38947],G446gat,0.02203,0.1137,2
[38947],[37705],0.03335,0.10238,3
[38947],G447gat,0.10238,0.03335,2
[38947],[37709],0.02933,0.1064,3
[38947],G448gat,0.11262,0.02311,2
[38947],[37714],0.03271,0.10302,3
[38947],G449gat,0.11374,0.02199,2
[38947],[37746],0.04697,0.08876,3
[38947],[37787],0.02681,0.10892,3
[38947],G348gat,0.1142,0.02153,2
[38947],[37789],0.02128,0.11445,3
[38947],[37756],0.03333,0.1024,3
[38947],G491gat,0.11456,0.02117,2
[38947],[38719],0.02117,0.11456,3
[38947],[39009],0.04409,0.09164,3
[38947],[39003],0.02308,0.11265,3
[38947],G294gat,0.10179,0.03394,2
[38947],[37767],0.02477,0.11096,3
[38947],[39005],0.02202,0.11371,3
[38947],[38932],0.11137,0.02436,2
[38947],G543gat,0.03113,0.1046,3
[38947],[37770],0.10459,0.03114,2
[38947],G731gat,0.03956,0.09617,3
[38947],[37771],0.0263,0.10943,3
[38947],[37753],0.0468,0.08893,3
[38947],G540gat,0.03678,0.09895,3
[38947],[37793],0.09896,0.03677,2
[38947],[38447],0.11445,0.02128,2
[38947],G704gat,0.02725,0.10848,3
[38947],[37795],0.02899,0.10674,3
[38947],G541gat,0.02941,0.10632,3
[38947],[37799],0.10633,0.0294,2
[38947],[37800],0.02509,0.11064,3
[38947],G542gat,0.02691,0.10882,3
[38947],[37803],0.10881,0.02692,2
[38947],[37807],0.02115,0.11458,3
[38947],[38621],0.11458,0.02115,2
[38947],[38943],0.02115,0.11458,3
[38947],[38574],0.10943,0.0263,2
[38947],[38945],0.02115,0.11458,3
[38947],G712gat,0.02115,0.11458,3
[38947],[38949],0.02115,0.11458,3
[38947],[38379],0.02119,0.11454,3
[38947],G721gat,0.03865,0.09708,3
[38947],G536gat,0.04505,0.09068,3
[38947],[37838],0.02592,0.10981,3
[38947],[38955],0.10981,0.02592,2
[38947],[38862],0.02348,0.11225,3
[38947],[38925],0.1024,0.03333,2
[38947],[38864],0.02126,0.11447,3
[38947],[37842],0.08899,0.04674,2
[38947],[37843],0.03362,0.10211,3
[38947],G537gat,0.04421,0.09152,3
[38947],[38888],0.02327,0.11246,3
[38947],[37846],0.09041,0.04532,2
[38947],[37847],0.03351,0.10222,3
[38947],G538gat,0.04359,0.09214,3
[38947],[38897],0.02332,0.11241,3
[38947],[37850],0.08999,0.04574,2
[38947],[37851],0.03359,0.10214,3
[38947],[38690],0.10214,0.03359,2
[38947],[38764],0.03032,0.10541,3
[38947],G539gat,0.04589,0.08984,3
[38947],[38879],0.02347,0.11226,3
[38947],[37856],0.08816,0.04757,2
[38947],[37857],0.03464,0.10109,3
[38947],[38653],0.10109,0.03464,2
[38947],G696gat,0.03319,0.10254,3
[38947],G669gat,0.03251,0.10322,3
[38947],G677gat,0.03166,0.10407,3
[38947],G686gat,0.03186,0.10387,3
[38947],G1gat,0.04822,0.08751,2
[38947],G195gat,0.08876,0.04697,2
[38947],G261gat,0.08893,0.0468,2
[38949],1,0.00513,,2
[38949],G388gat,0.10019,0.01952,1
[38949],G389gat,0.10054,0.01917,1
[38949],[37685],0.01899,0.10072,2
[38949],G390gat,0.10072,0.01899,1
[38949],[37688],0.08307,0.03664,1
[38949],G418gat,0.10711,0.0126,1
[38949],[37697],0.01209,0.10762,2
[38949],[38330],0.10762,0.01209,1
[38949],G419gat,0.01108,0.10863,1
[38949],G420gat,0.01928,0.10043,1
[38949],G421gat,0.01939,0.10032,1
[38949],G422gat,0.01937,0.10034,1
[38949],G446gat,0.00614,0.11357,1
[38949],[37705],0.01914,0.10057,2
[38949],G447gat,0.10057,0.01914,1
[38949],[37709],0.01462,0.10509,2
[38949],G448gat,0.11235,0.00736,1
[38949],[37714],0.01872,0.10099,2
[38949],G449gat,0.11357,0.00614,1
[38949],[37746],0.04479,0.07492,2
[38949],[37747],0.04665,0.07306,2
[38949],[37787],0.01187,0.10784,2
[38949],G348gat,0.11415,0.00556,1
[38949],[37789],0.0053,0.11441,2
[38949],[37756],0.01921,0.1005,2
[38949],G491gat,0.11459,0.00512,1
[38949],[38719],0.00512,0.11459,2
[38949],[39009],0.032,0.08771,2
[38949],[39003],0.00738,0.11233,2
[38949],[38927],0.08082,0.03889,1
[38949],G294gat,0.10005,0.01966,1
[38949],[37767],0.00926,0.11045,2
[38949],[39005],0.00603,0.11368,2
[38949],[38932],0.11089,0.00882,1
[38949],G543gat,0.01515,0.10456,2
[38949],[37770],0.10457,0.01514,1
[38949],G731gat,0.02661,0.0931,2
[38949],[37771],0.00515,0.11456,2
[38949],G540gat,0.02304,0.09667,2
[38949],[37793],0.0967,0.02301,1
[38949],[38447],0.11441,0.0053,1
[38949],G704gat,0.01203,0.10768,2
[38949],[37795],0.0143,0.10541,2
[38949],G541gat,0.01473,0.10498,2
[38949],[37799],0.10501,0.0147,1
[38949],[37800],0.00987,0.10984,2
[38949],[38741],0.07096,0.04875,1
[38949],G542gat,0.01309,0.10662,2
[38949],[37803],0.10663,0.01308,1
[38949],[37807],0.00513,0.11458,2
[38949],[38621],0.11458,0.00513,1
[38949],[38943],0.00513,0.11458,2
[38949],G712gat,0.00513,0.11458,2
[38949],[37815],0.04401,0.0757,2
[38949],[38379],0.00521,0.1145,2
[38949],G721gat,0.02605,0.09366,2
[38949],G536gat,0.03272,0.08699,2
[38949],[37838],0.01058,0.10913,2
[38949],[38955],0.10913,0.01058,1
[38949],[38862],0.00779,0.11192,2
[38949],[38925],0.1005,0.01921,1
[38949],[38864],0.00526,0.11445,2
[38949],[37842],0.08498,0.03473,1
[38949],[37843],0.0195,0.10021,2
[38949],G537gat,0.03151,0.0882,2
[38949],[38888],0.00761,0.1121,2
[38949],[37846],0.08689,0.03282,1
[38949],[37847],0.01907,0.10064,2
[38949],[38791],0.04532,0.07439,2
[38949],G538gat,0.03117,0.08854,2
[38949],[38897],0.00762,0.11209,2
[38949],[37850],0.08611,0.0336,1
[38949],[37851],0.01952,0.10019,2
[38949],[38690],0.10019,0.01952,1
[38949],G539gat,0.03385,0.08586,2
[38949],[38879],0.00771,0.112,2
[38949],[37856],0.08396,0.03575,1
[38949],[37857],0.02048,0.09923,2
[38949],[38653],0.09923,0.02048,1
[38949],[38804],0.04504,0.07467,2
[38949],[38774],0.04462,0.07509,2
[38949],[38637],0.04419,0.07552,2
[38949],G696gat,0.0192,0.10051,2
[38949],G669gat,0.01835,0.10136,2
[38949],G677gat,0.0174,0.10231,2
[38949],G686gat,0.01764,0.10207,2
[38949],G1gat,0.03664,0.08307,1
[38949],G195gat,0.07492,0.04479,1
[38949],G201gat,0.07306,0.04665,1
[38599],0,0.04106,,1
[38599],G388gat,0.04527,0.06931,0
[38599],G389gat,0.04529,0.06929,0
[38599],[37685],0.06947,0.04511,0
[38599],G390gat,0.04511,0.06947,0
[38599],[37688],0.04925,0.06533,1
[38599],G418gat,0.04316,0.07142,0
[38599],[37697],0.07147,0.04311,0
[38599],[38330],0.04311,0.07147,1
[38599],G419gat,0.0717,0.04288,0
[38599],G420gat,0.06893,0.04565,0
[38599],G421gat,0.06895,0.04563,0
[38599],G422gat,0.06927,0.04531,0
[38599],G446gat,0.07329,0.04129,0
[38599],[37705],0.06962,0.04496,0
[38599],G447gat,0.04496,0.06962,0
[38599],[37709],0.07064,0.04394,0
[38599],G448gat,0.04175,0.07283,0
[38599],[37714],0.0695,0.04508,0
[38599],G449gat,0.04137,0.07321,0
[38599],[37744],0.10355,0.01103,0
[38599],[37787],0.07125,0.04333,0
[38599],G348gat,0.04133,0.07325,1
[38599],[37789],0.07335,0.04123,0
[38599],[37756],0.06919,0.04539,0
[38599],G491gat,0.04106,0.07352,1
[38599],[38719],0.07352,0.04106,0
[38599],[39009],0.06554,0.04904,0
[38599],[39003],0.07296,0.04162,0
[38599],[38927],0.04981,0.06477,1
[38599],G294gat,0.04551,0.06907,1
[38599],[37767],0.07277,0.04181,0
[38599],[39005],0.07347,0.04111,0
[38599],[38932],0.04157,0.07301,1
[38599],G543gat,0.06985,0.04473,0
[38599],[37770],0.04474,0.06984,1
[38599],G731gat,0.06706,0.04752,0
[38599],[37790],0.04758,0.067,1
[38599],[37771],0.07213,0.04245,0
[38599],G540gat,0.06888,0.0457,0
[38599],[37793],0.04571,0.06887,1
[38599],[38447],0.04123,0.07335,1
[38599],G704gat,0.07084,0.04374,0
[38599],[37795],0.07151,0.04307,0
[38599],G541gat,0.07388,0.0407,0
[38599],[37799],0.04071,0.07387,1
[38599],[37800],0.06818,0.0464,0
[38599],[38741],0.00534,0.10924,1
[38599],G542gat,0.07118,0.0434,0
[38599],[37803],0.04341,0.07117,1
[38599],[37807],0.07352,0.04106,0
[38599],[38621],0.04106,0.07352,1
[38599],[38574],0.04245,0.07213,1
[38599],G712gat,0.07352,0.04106,0
[38599],[37825],0.04106,0.07352,1
[38599],[38379],0.07344,0.04114,0
[38599],G721gat,0.06747,0.04711,0
[38599],G536gat,0.06604,0.04854,0
[38599],[37838],0.07217,0.04241,0
[38599],[38955],0.04241,0.07217,1
[38599],[38862],0.07325,0.04133,0
[38599],[38925],0.04539,0.06919,1
[38599],[38864],0.07346,0.04112,0
[38599],[37842],0.04892,0.06566,1
[38599],[37843],0.06925,0.04533,0
[38599],G537gat,0.06627,0.04831,0
[38599],[38888],0.07304,0.04154,0
[38599],[37846],0.0487,0.06588,1
[38599],[37847],0.06974,0.04484,0
[38599],G538gat,0.06561,0.04897,0
[38599],[38897],0.07275,0.04183,0
[38599],[37850],0.04978,0.0648,1
[38599],[37851],0.06912,0.04546,0
[38599],[38690],0.04546,0.06912,1
[38599],G539gat,0.0648,0.04978,0
[38599],[38879],0.07278,0.0418,0
[38599],[37857],0.06861,0.04597,0
[38599],[38653],0.04597,0.06861,1
[38599],G696gat,0.06888,0.0457,0
[38599],G669gat,0.0694,0.04518,0
[38599],G677gat,0.06979,0.04479,0
[38599],G686gat,0.06892,0.04566,0
[38599],G1gat,0.06533,0.04925,0
[38599],G189gat,0.01103,0.10355,0
[37815],[37744],0.04081,0.26405,2
[37815],G189gat,0.26405,0.04081,1
[38585],0,0.02419,,1
[38585],1,0.04073,,1
[38585],[37677],0.03351,0.03141,0
[38585],[37678],0.03228,0.03264,1
[38585],[37679],0.03313,0.03179,0
[38585],G388gat,0.02568,0.03924,0
[38585],[37681],0.03214,0.03278,1
[38585],G389gat,0.02647,0.03845,0
[38585],[37685],0.03906,0.02586,0
[38585],G390gat,0.02586,0.03906,0
[38585],[37688],0.03635,0.02857,0
[38585],[37689],0.03245,0.03247,1
[38585],[37692],0.03134,0.03358,1
[38585],G418gat,0.02497,0.03995,0
[38585],[37697],0.03981,0.02511,0
[38585],[38330],0.02511,0.03981,1
[38585],G419gat,0.03988,0.02504,0
[38585],G420gat,0.03899,0.02593,0
[38585],G421gat,0.03897,0.02595,0
[38585],G422gat,0.03918,0.02574,0
[38585],G446gat,0.04066,0.02426,0
[38585],[37705],0.03913,0.02579,0
[38585],G447gat,0.02579,0.03913,0
[38585],[37709],0.04026,0.02466,0
[38585],G448gat,0.0243,0.04062,0
[38585],[37714],0.03904,0.02588,0
[38585],G449gat,0.02429,0.04063,0
[38585],[37726],0.0337,0.03122,0
[38585],G363gat,0.0332,0.03172,0
[38585],G463gat,0.03205,0.03287,1
[38585],G533gat,0.03201,0.03291,1
[38585],G767gat,0.03263,0.03229,0
[38585],[37743],0.04942,0.0155,0
[38585],G382gat,0.04269,0.02223,0
[38585],G495gat,0.0368,0.02812,0
[38585],G547gat,0.03236,0.03256,1
[38585],G768gat,0.03256,0.03236,0
[38585],[37787],0.0397,0.02522,0
[38585],G348gat,0.02429,0.04063,1
[38585],[37789],0.04067,0.02425,0
[38585],[37756],0.03881,0.02611,0
[38585],[37707],0.03233,0.03259,1
[38585],G491gat,0.02415,0.04077,1
[38585],[38719],0.04077,0.02415,0
[38585],[39009],0.03727,0.02765,0
[38585],[39003],0.03963,0.02529,0
[38585],[38927],0.03745,0.02747,0
[38585],[37698],0.03276,0.03216,0
[38585],G294gat,0.02581,0.03911,1
[38585],[37767],0.03945,0.02547,0
[38585],G375gat,0.03298,0.03194,0
[38585],[39005],0.04051,0.02441,0
[38585],[38932],0.02556,0.03936,1
[38585],G543gat,0.03283,0.03209,0
[38585],[37770],0.03209,0.03283,1
[38585],G731gat,0.03397,0.03095,0
[38585],[37790],0.03099,0.03393,1
[38585],[37771],0.03637,0.02855,0
[38585],[38714],0.03769,0.02723,0
[38585],[37772],0.03159,0.03333,1
[38585],[38563],0.03333,0.03159,1
[38585],G540gat,0.04041,0.02451,0
[38585],[37793],0.02453,0.04039,1
[38585],[38447],0.02425,0.04067,1
[38585],G704gat,0.04073,0.02419,0
[38585],[37795],0.03281,0.03211,0
[38585],[38732],0.00792,0.057,1
[38585],G541gat,0.02967,0.03525,1
[38585],[37799],0.03522,0.0297,0
[38585],[37800],0.03327,0.03165,0
[38585],[38741],0.04073,0.02419,0
[38585],G542gat,0.0324,0.03252,1
[38585],[37803],0.03249,0.03243,0
[38585],[38752],0.03878,0.02614,0
[38585],[38941],0.03226,0.03266,1
[38585],[37807],0.03557,0.02935,0
[38585],[38621],0.02935,0.03557,1
[38585],[38943],0.03557,0.02935,1
[38585],[38574],0.02855,0.03637,1
[38585],[38945],0.03655,0.02837,1
[38585],G712gat,0.03286,0.03206,0
[38585],[37825],0.03208,0.03284,1
[38585],[37815],0.03165,0.03327,1
[38585],[38599],0.03327,0.03165,1
[38585],[38949],0.03655,0.02837,1
[38585],[38947],0.03226,0.03266,1
[38585],[37826],0.0313,0.03362,1
[38585],G782gat,0.0297,0.03522,1
[38585],[38617],0.03362,0.0313,1
[38585],[38379],0.04067,0.02425,0
[38585],G721gat,0.03316,0.03176,0
[38585],G536gat,0.03632,0.0286,0
[38585],[37838],0.04024,0.02468,0
[38585],[38955],0.02468,0.04024,1
[38585],[38862],0.04074,0.02418,0
[38585],[37754],0.03309,0.03183,0
[38585],[38925],0.02611,0.03881,1
[38585],[38864],0.04073,0.02419,0
[38585],[37842],0.02869,0.03623,1
[38585],[37843],0.03852,0.0264,0
[38585],G537gat,0.03603,0.02889,0
[38585],[38888],0.04023,0.02469,0
[38585],[37846],0.02913,0.03579,1
[38585],[37847],0.03834,0.02658,0
[38585],[38791],0.03537,0.02955,0
[38585],G538gat,0.03598,0.02894,0
[38585],[38897],0.04042,0.0245,0
[38585],[37850],0.0291,0.03582,1
[38585],[37851],0.03837,0.02655,0
[38585],[38690],0.02655,0.03837,1
[38585],[38764],0.03909,0.02583,1
[38585],G539gat,0.03623,0.02869,0
[38585],[38879],0.04061,0.02431,0
[38585],[37856],0.02881,0.03611,1
[38585],[37857],0.03871,0.02621,0
[38585],[38653],0.02621,0.03871,1
[38585],[38804],0.03498,0.02994,0
[38585],[38766],0.03928,0.02564,1
[38585],[38774],0.03508,0.02984,0
[38585],[38637],0.03506,0.02986,0
[38585],G696gat,0.03839,0.02653,0
[38585],[37865],0.03186,0.03306,1
[38585],G669gat,0.0387,0.02622,0
[38585],[37871],0.03207,0.03285,1
[38585],G677gat,0.03831,0.02661,0
[38585],[37877],0.03194,0.03298,1
[38585],[37064],0.03735,0.02757,1
[38585],G686gat,0.03833,0.02659,0
[38585],[37886],0.0323,0.03262,1
[38585],G1gat,0.02857,0.03635,0
[38585],G8gat,0.03247,0.03245,0
[38585],G17gat,0.03358,0.03134,0
[38585],G26gat,0.03265,0.03227,0
[38585],G29gat,0.03264,0.03228,0
[38585],G42gat,0.03141,0.03351,0
[38585],G51gat,0.0328,0.03212,0
[38585],G55gat,0.03259,0.03233,0
[38585],G59gat,0.03216,0.03276,0
[38585],G75gat,0.03179,0.03313,0
[38585],G80gat,0.03278,0.03214,0
[38585],G111gat,0.03122,0.0337,0
[38585],G143gat,0.02595,0.03897,0
[38585],G156gat,0.03184,0.03308,0
[38585],G183gat,0.0155,0.04942,0
[38585],G268gat,0.03183,0.03309,0
[38838],1,0.04073,,1
[38838],G388gat,0.09559,0.04934,0
[38838],G389gat,0.09687,0.04806,0
[38838],[37685],0.0487,0.09623,1
[38838],G390gat,0.09623,0.0487,0
[38838],[37688],0.10417,0.04076,0
[38838],G418gat,0.09926,0.04567,0
[38838],[37697],0.04531,0.09962,1
[38838],[38330],0.09962,0.04531,0
[38838],G419gat,0.04474,0.10019,0
[38838],G420gat,0.04875,0.09618,0
[38838],G421gat,0.04872,0.09621,0
[38838],G422gat,0.04941,0.09552,0
[38838],G446gat,0.0413,0.10363,0
[38838],[37705],0.04932,0.09561,1
[38838],G447gat,0.09561,0.04932,0
[38838],[37709],0.04819,0.09674,1
[38838],G448gat,0.10246,0.04247,0
[38838],[37714],0.0485,0.09643,1
[38838],G449gat,0.10347,0.04146,0
[38838],[37787],0.04455,0.10038,1
[38838],G348gat,0.10385,0.04108,0
[38838],[37789],0.04093,0.104,1
[38838],[37756],0.04849,0.09644,1
[38838],G491gat,0.10434,0.04059,0
[38838],[38719],0.04059,0.10434,1
[38838],[39003],0.03963,0.1053,1
[38838],[38927],0.10527,0.03966,0
[38838],G294gat,0.09519,0.04974,0
[38838],[37767],0.04064,0.10429,1
[38838],[39005],0.04077,0.10416,1
[38838],[38932],0.10514,0.03979,0
[38838],G543gat,0.0358,0.10913,1
[38838],[37770],0.10924,0.03569,0
[38838],[37771],0.03625,0.10868,1
[38838],G540gat,0.04023,0.1047,1
[38838],[37793],0.10483,0.0401,0
[38838],[38447],0.104,0.04093,0
[38838],G704gat,0.04073,0.1042,1
[38838],[37795],0.0401,0.10483,1
[38838],[38732],0.10483,0.0401,0
[38838],[37796],0.04073,0.1042,1
[38838],G541gat,0.02233,0.1226,1
[38838],[37799],0.12269,0.02224,0
[38838],[37800],0.02253,0.1224,1
[38838],[38741],0.09493,0.05,0
[38838],G542gat,0.03201,0.11292,1
[38838],[37803],0.11302,0.03191,0
[38838],[38941],0.02072,0.12421,1
[38838],[37807],0.03198,0.11295,1
[38838],[38621],0.11295,0.03198,0
[38838],[38943],0.02724,0.11769,1
[38838],[38574],0.10868,0.03625,0
[38838],[38945],0.03041,0.11452,1
[38838],[38585],0.1042,0.04073,0
[38838],[38949],0.03345,0.11148,1
[38838],[38947],0.0306,0.11433,1
[38838],[37818],0.12219,0.02274,0
[38838],[38844],0.02274,0.12219,1
[38838],G782gat,0.04074,0.10419,1
[38838],[38379],0.04086,0.10407,1
[38838],[37838],0.04436,0.10057,1
[38838],[38955],0.10057,0.04436,0
[38838],[38862],0.0425,0.10243,1
[38838],[38925],0.09644,0.04849,0
[38838],[38864],0.04066,0.10427,1
[38838],[37843],0.04857,0.09636,1
[38838],[38888],0.04199,0.10294,1
[38838],[37847],0.04739,0.09754,1
[38838],[38897],0.04228,0.10265,1
[38838],[37851],0.04774,0.09719,1
[38838],[38690],0.09719,0.04774,0
[38838],[38764],0.04569,0.09924,1
[38838],[38879],0.04237,0.10256,1
[38838],[37857],0.04949,0.09544,1
[38838],[38653],0.09544,0.04949,0
[38838],[38766],0.04467,0.10026,1
[38838],G696gat,0.04945,0.09548,1
[38838],G669gat,0.04876,0.09617,1
[38838],G677gat,0.04734,0.09759,1
[38838],G686gat,0.04766,0.09727,1
[38838],G1gat,0.04076,0.10417,0
[38945],1,0.00602,,3
[38945],G388gat,0.20855,0.03532,2
[38945],G389gat,0.20978,0.03409,2
[38945],[37685],0.03448,0.20939,3
[38945],G390gat,0.20939,0.03448,2
[38945],G418gat,0.22298,0.02089,2
[38945],[37697],0.02084,0.22303,3
[38945],[38330],0.22303,0.02084,2
[38945],G419gat,0.01886,0.22501,2
[38945],G420gat,0.03542,0.20845,2
[38945],G421gat,0.03572,0.20815,2
[38945],G422gat,0.03559,0.20828,2
[38945],G446gat,0.008,0.23587,2
[38945],[37705],0.03304,0.21083,3
[38945],G447gat,0.21083,0.03304,2
[38945],[37709],0.02446,0.21941,3
[38945],G448gat,0.23335,0.01052,2
[38945],[37714],0.03462,0.20925,3
[38945],G449gat,0.2357,0.00817,2
[38945],[37787],0.02061,0.22326,3
[38945],G348gat,0.23678,0.00709,2
[38945],[37789],0.00659,0.23728,3
[38945],[37756],0.03422,0.20965,3
[38945],G491gat,0.23786,0.00601,2
[38945],[38719],0.00601,0.23786,3
[38945],[39003],0.01048,0.23339,3
[38945],G294gat,0.20757,0.0363,2
[38945],[37767],0.01415,0.22972,3
[38945],[39005],0.00796,0.23591,3
[38945],[38932],0.23044,0.01343,2
[38945],G543gat,0.04021,0.20366,3
[38945],[37770],0.20366,0.04021,2
[38945],[37771],0.01755,0.22632,3
[38945],G540gat,0.03876,0.20511,3
[38945],[37793],0.20511,0.03876,2
[38945],[38447],0.23728,0.00659,2
[38945],G704gat,0.01791,0.22596,3
[38945],[37795],0.01272,0.23115,3
[38945],G541gat,0.02564,0.21823,3
[38945],[37799],0.21823,0.02564,2
[38945],[37800],0.00602,0.23785,3
[38945],G542gat,0.03793,0.20594,3
[38945],[37803],0.20592,0.03795,2
[38945],[37807],0.01798,0.22589,3
[38945],[38621],0.22589,0.01798,2
[38945],[38943],0.00602,0.23785,3
[38945],[38949],0.00859,0.23528,3
[38945],[38947],0.02995,0.21392,3
[38945],[38379],0.00637,0.2375,3
[38945],[37838],0.0161,0.22777,3
[38945],[38955],0.22777,0.0161,2
[38945],[38862],0.01056,0.23331,3
[38945],[38925],0.20965,0.03422,2
[38945],[38864],0.00619,0.23768,3
[38945],[37843],0.03297,0.2109,3
[38945],[38888],0.01045,0.23342,3
[38945],[37847],0.03108,0.21279,3
[38945],[38897],0.01069,0.23318,3
[38945],[37851],0.03104,0.21283,3
[38945],[38690],0.21283,0.03104,2
[38945],[38764],0.02431,0.21956,3
[38945],[38879],0.01059,0.23328,3
[38945],[37857],0.03002,0.21385,3
[38945],[38653],0.21385,0.03002,2
[38945],G696gat,0.03131,0.21256,3
[38945],G669gat,0.0328,0.21107,3
[38945],G677gat,0.03032,0.21355,3
[38945],G686gat,0.03063,0.21324,3
[38574],0,0.0178,,1
[38574],G388gat,0.03675,0.1473,0
[38574],G389gat,0.03587,0.14818,0
[38574],[37685],0.14771,0.03634,0
[38574],G390gat,0.03634,0.14771,0
[38574],G418gat,0.02794,0.15611,0
[38574],[37697],0.15632,0.02773,0
[38574],[38330],0.02773,0.15632,1
[38574],G419gat,0.15769,0.02636,0
[38574],G420gat,0.1479,0.03615,0
[38574],G421gat,0.14748,0.03657,0
[38574],G422gat,0.14682,0.03723,0
[38574],G446gat,0.16488,0.01917,0
[38574],[37705],0.14788,0.03617,0
[38574],G447gat,0.03617,0.14788,0
[38574],[37709],0.15387,0.03018,0
[38574],G448gat,0.02079,0.16326,0
[38574],[37714],0.14741,0.03664,0
[38574],G449gat,0.01922,0.16483,0
[38574],[37747],0.13456,0.04949,0
[38574],[37787],0.15647,0.02758,0
[38574],G348gat,0.01849,0.16556,1
[38574],[37789],0.1659,0.01815,0
[38574],[37756],0.14798,0.03607,0
[38574],G491gat,0.01775,0.1663,1
[38574],[38719],0.1663,0.01775,0
[38574],[39003],0.16329,0.02076,0
[38574],G294gat,0.03768,0.14637,1
[38574],[37767],0.16086,0.02319,0
[38574],[39005],0.16503,0.01902,0
[38574],[38932],0.02265,0.1614,1
[38574],G543gat,0.16675,0.0173,0
[38574],[37770],0.01729,0.16676,1
[38574],G540gat,0.1409,0.04315,0
[38574],[37793],0.0431,0.14095,1
[38574],[38447],0.01815,0.1659,1
[38574],G541gat,0.14298,0.04107,0
[38574],[37799],0.04105,0.143,1
[38574],G542gat,0.14775,0.0363,0
[38574],[37803],0.03629,0.14776,1
[38574],[38621],0.02113,0.16292,1
[38574],[38379],0.16602,0.01803,0
[38574],[37838],0.15917,0.02488,0
[38574],[38955],0.02488,0.15917,1
[38574],[38862],0.16287,0.02118,0
[38574],[38925],0.03607,0.14798,1
[38574],[38864],0.16616,0.01789,0
[38574],[38888],0.16279,0.02126,0
[38574],[38897],0.16275,0.0213,0
[38574],[38879],0.16344,0.02061,0
[38574],G201gat,0.04949,0.13456,0
[38943],1,0.01141,,2
[38943],G388gat,0.20928,0.03998,1
[38943],G389gat,0.21036,0.0389,1
[38943],[37685],0.03913,0.21013,2
[38943],G390gat,0.21013,0.03913,1
[38943],G418gat,0.22327,0.02599,1
[38943],[37697],0.02588,0.22338,2
[38943],[38330],0.22338,0.02588,1
[38943],G419gat,0.02392,0.22534,1
[38943],G420gat,0.04013,0.20913,1
[38943],G421gat,0.04035,0.20891,1
[38943],G422gat,0.04049,0.20877,1
[38943],G446gat,0.01337,0.23589,1
[38943],[37705],0.03787,0.21139,2
[38943],G447gat,0.21139,0.03787,1
[38943],[37709],0.02965,0.21961,2
[38943],G448gat,0.23344,0.01582,1
[38943],[37714],0.03928,0.20998,2
[38943],G449gat,0.23574,0.01352,1
[38943],[37787],0.02565,0.22361,2
[38943],G348gat,0.23679,0.01247,1
[38943],[37789],0.01198,0.23728,2
[38943],[37756],0.03893,0.21033,2
[38943],G491gat,0.23782,0.01144,1
[38943],[38719],0.01144,0.23782,2
[38943],[39003],0.01539,0.23387,2
[38943],G294gat,0.20827,0.04099,1
[38943],[37767],0.01906,0.2302,2
[38943],[39005],0.01326,0.236,2
[38943],[38932],0.23109,0.01817,1
[38943],G543gat,0.0485,0.20076,2
[38943],[37770],0.20074,0.04852,1
[38943],[37771],0.02896,0.2203,2
[38943],G540gat,0.04233,0.20693,2
[38943],[37793],0.2069,0.04236,1
[38943],[38447],0.23728,0.01198,1
[38943],G704gat,0.02244,0.22682,2
[38943],[37795],0.01795,0.23131,2
[38943],G541gat,0.02846,0.2208,2
[38943],[37799],0.22077,0.02849,1
[38943],[37800],0.01141,0.23785,2
[38943],G542gat,0.03509,0.21417,2
[38943],[37803],0.21413,0.03513,1
[38943],[37807],0.01196,0.2373,2
[38943],[38574],0.2203,0.02896,1
[38943],[38949],0.02,0.22926,2
[38943],[38379],0.01176,0.2375,2
[38943],[37838],0.02131,0.22795,2
[38943],[38955],0.22795,0.02131,1
[38943],[38862],0.01589,0.23337,2
[38943],[38925],0.21033,0.03893,1
[38943],[38864],0.01154,0.23772,2
[38943],[37843],0.03765,0.21161,2
[38943],[38888],0.01576,0.2335,2
[38943],[37847],0.0358,0.21346,2
[38943],[38897],0.01585,0.23341,2
[38943],[37851],0.03586,0.2134,2
[38943],[38690],0.2134,0.03586,1
[38943],[38879],0.01602,0.23324,2
[38943],[37857],0.0349,0.21436,2
[38943],[38653],0.21436,0.0349,1
[38943],G696gat,0.03626,0.213,2
[38943],G669gat,0.03746,0.2118,2
[38943],G677gat,0.03498,0.21428,2
[38943],G686gat,0.03522,0.21404,2
[38621],0,0.02602,,1
[38621],[37685],0.20033,0.04977,0
[38621],G390gat,0.04977,0.20033,0
[38621],G418gat,0.03925,0.21085,0
[38621],[37697],0.21125,0.03885,0
[38621],[38330],0.03885,0.21125,1
[38621],G419gat,0.21296,0.03714,0
[38621],G446gat,0.22237,0.02773,0
[38621],[37705],0.20127,0.04883,0
[38621],G447gat,0.04883,0.20127,0
[38621],[37709],0.20813,0.04197,0
[38621],G448gat,0.03009,0.22001,0
[38621],G449gat,0.02801,0.22209,0
[38621],[37787],0.21218,0.03792,0
[38621],G348gat,0.02695,0.22315,1
[38621],[37789],0.22358,0.02652,0
[38621],G491gat,0.02597,0.22413,1
[38621],[38719],0.22413,0.02597,0
[38621],[39003],0.2206,0.0295,0
[38621],[37767],0.21743,0.03267,0
[38621],[39005],0.22224,0.02786,0
[38621],[38932],0.03233,0.21777,1
[38621],[38447],0.02652,0.22358,1
[38621],G542gat,0.23058,0.01952,0
[38621],[37803],0.0195,0.2306,1
[38621],[38574],0.04312,0.20698,1
[38621],[38379],0.22393,0.02617,0
[38621],[37838],0.2157,0.0344,0
[38621],[38955],0.0344,0.2157,1
[38621],[38862],0.22003,0.03007,0
[38621],[38864],0.22404,0.02606,0
[38621],[38888],0.21984,0.03026,0
[38621],[38897],0.22117,0.02893,0
[38621],[38879],0.21983,0.03027,0
[37807],1,0.03549,,2
[37807],G446gat,0.03808,0.34322,1
[37807],G448gat,0.33978,0.04152,1
[37807],G449gat,0.34295,0.03835,1
[37807],G348gat,0.34445,0.03685,1
[37807],[37789],0.03613,0.34517,2
[37807],G491gat,0.34584,0.03546,1
[37807],[38719],0.03546,0.34584,2
[37807],[39003],0.04217,0.33913,2
[37807],[37767],0.04681,0.33449,2
[37807],[39005],0.03833,0.34297,2
[37807],[38932],0.33511,0.04619,1
[37807],[38447],0.34517,0.03613,1
[37807],G542gat,0.0364,0.3449,2
[37807],[38379],0.03572,0.34558,2
[37807],[37838],0.04951,0.33179,2
[37807],[38955],0.33179,0.04951,1
[37807],[38862],0.04207,0.33923,2
[37807],[38864],0.03578,0.34552,2
[37807],[38888],0.04222,0.33908,2
[37807],[38897],0.04092,0.34038,2
[37807],[38879],0.0424,0.3389,2
[38941],1,0.02103,,4
[38941],G388gat,0.2103,0.04858,3
[38941],G389gat,0.21125,0.04763,3
[38941],[37685],0.04781,0.21107,4
[38941],G390gat,0.21107,0.04781,3
[38941],G418gat,0.22394,0.03494,3
[38941],[37697],0.0348,0.22408,4
[38941],[38330],0.22408,0.0348,3
[38941],G419gat,0.03292,0.22596,3
[38941],G420gat,0.04836,0.21052,3
[38941],G421gat,0.04879,0.21009,3
[38941],G422gat,0.04895,0.20993,3
[38941],G446gat,0.02291,0.23597,3
[38941],[37705],0.04648,0.2124,4
[38941],G447gat,0.2124,0.04648,3
[38941],[37709],0.0382,0.22068,4
[38941],G448gat,0.23373,0.02515,3
[38941],[37714],0.04737,0.21151,4
[38941],G449gat,0.23591,0.02297,3
[38941],[37787],0.0345,0.22438,4
[38941],G348gat,0.23688,0.022,3
[38941],[37789],0.02155,0.23733,4
[38941],[37756],0.04765,0.21123,4
[38941],G491gat,0.23781,0.02107,3
[38941],[38719],0.02107,0.23781,4
[38941],[39003],0.02521,0.23367,4
[38941],G294gat,0.20942,0.04946,3
[38941],[37767],0.02882,0.23006,4
[38941],[39005],0.02296,0.23592,4
[38941],[38932],0.23077,0.02811,3
[38941],[37771],0.03858,0.2203,4
[38941],[38447],0.23733,0.02155,3
[38941],G704gat,0.03229,0.22659,4
[38941],[37795],0.02742,0.23146,4
[38941],G541gat,0.03806,0.22082,4
[38941],[37799],0.22079,0.03809,3
[38941],[37800],0.02103,0.23785,4
[38941],[37807],0.03299,0.22589,4
[38941],[38621],0.22589,0.03299,3
[38941],[38943],0.02103,0.23785,4
[38941],[38574],0.2203,0.03858,3
[38941],[38945],0.02103,0.23785,4
[38941],[38949],0.02962,0.22926,4
[38941],[38947],0.02393,0.23495,4
[38941],[38379],0.02133,0.23755,4
[38941],[37838],0.03067,0.22821,4
[38941],[38955],0.22821,0.03067,3
[38941],[38862],0.02532,0.23356,4
[38941],[38925],0.21123,0.04765,3
[38941],[38864],0.02122,0.23766,4
[38941],[37843],0.04636,0.21252,4
[38941],[38888],0.0252,0.23368,4
[38941],[37847],0.04451,0.21437,4
[38941],[38897],0.02552,0.23336,4
[38941],[37851],0.04425,0.21463,4
[38941],[38690],0.21463,0.04425,3
[38941],[38764],0.03804,0.22084,4
[38941],[38879],0.02551,0.23337,4
[38941],[37857],0.04375,0.21513,4
[38941],[38653],0.21513,0.04375,3
[38941],[38766],0.03347,0.22541,4
[38941],G696gat,0.04474,0.21414,4
[38941],G669gat,0.04606,0.21282,4
[38941],G677gat,0.04383,0.21505,4
[38941],G686gat,0.04406,0.21482,4
[38752],[37746],0.30515,0.04253,2
[38752],G195gat,0.04253,0.30515,2
[38741],[37744],0.30827,0.04626,2
[38741],G189gat,0.04626,0.30827,2
[37800],1,0.04079,,2
[37800],G446gat,0.04354,0.37856,1
[37800],G448gat,0.37478,0.04732,1
[37800],G449gat,0.37822,0.04388,1
[37800],G348gat,0.37991,0.04219,1
[37800],[37789],0.04148,0.38062,2
[37800],G491gat,0.38134,0.04076,1
[37800],[38719],0.04076,0.38134,2
[37800],[39003],0.04794,0.37416,2
[37800],[39005],0.04385,0.37825,2
[37800],[38447],0.38062,0.04148,1
[37800],G541gat,0.04008,0.38202,2
[37800],[38379],0.04116,0.38094,2
[37800],[38862],0.04786,0.37424,2
[37800],[38864],0.04103,0.38107,2
[37800],[38888],0.04665,0.37545,2
[37800],[38897],0.04824,0.37386,2
[37800],[38879],0.04804,0.37406,2
[37795],1,0.0499,,2
[37795],G491gat,0.43588,0.04998,1
[37795],[38719],0.04998,0.43588,2
[37795],G540gat,0.04837,0.43749,2
G704gat,1,0.04306,,4
G704gat,G446gat,0.04548,0.35115,3
G704gat,G448gat,0.3475,0.04913,3
G704gat,G449gat,0.35075,0.04588,3
G704gat,G348gat,0.35248,0.04415,3
G704gat,[37789],0.04349,0.35314,4
G704gat,G491gat,0.35348,0.04315,3
G704gat,[38719],0.04315,0.35348,4
G704gat,[39005],0.04669,0.34994,4
G704gat,G540gat,0.04313,0.3535,4
G704gat,[37795],0.04281,0.35382,4
G704gat,[38379],0.04332,0.35331,4
G704gat,[38862],0.0484,0.34823,4
G704gat,[38864],0.04356,0.35307,4
G704gat,[38888],0.04993,0.3467,4
G704gat,[38879],0.04999,0.34664,4
[38447],0,0.00056,,1
[38447],G388gat,0.0412,0.28414,0
[38447],[37685],0.28458,0.04076,0
[38447],G390gat,0.04076,0.28458,0
[38447],G418gat,0.01905,0.30629,0
[38447],[37697],0.30624,0.0191,0
[38447],[38330],0.0191,0.30624,1
[38447],G419gat,0.30846,0.01688,0
[38447],G420gat,0.28509,0.04025,0
[38447],G421gat,0.28518,0.04016,0
[38447],G422gat,0.28419,0.04115,0
[38447],[37705],0.28469,0.04065,0
[38447],G447gat,0.04065,0.28469,0
[38447],[37709],0.30701,0.01833,0
[38447],G448gat,0.00478,0.32056,0
[38447],[37714],0.2841,0.04124,0
[38447],G449gat,0.00249,0.32285,0
[38447],[37787],0.30541,0.01993,0
[38447],G348gat,0.00059,0.32475,1
[38447],[39003],0.30958,0.01576,0
[38447],G294gat,0.04085,0.28449,1
[38447],[37767],0.3051,0.02024,0
[38447],[37838],0.31008,0.01526,0
[38447],[38955],0.01526,0.31008,1
[38447],[38864],0.32399,0.00135,0
[37776],G237gat,0.15049,0,0
[37775],G228gat,0.54337,0,0
[37753],0,0.02979,,1
[37753],1,0.02913,,1
[37753],G261gat,0.05892,0,0
[38563],0,0.02979,,1
[38563],[37677],0.04211,0.04205,0
[38563],[37678],0.04176,0.0424,1
[38563],[37679],0.04286,0.0413,0
[38563],G388gat,0.03282,0.05134,0
[38563],[37681],0.04225,0.04191,0
[38563],G389gat,0.03274,0.05142,0
[38563],[37685],0.0511,0.03306,0
[38563],G390gat,0.03306,0.0511,0
[38563],[37688],0.03873,0.04543,1
[38563],[37689],0.04249,0.04167,0
[38563],[37692],0.04235,0.04181,0
[38563],G418gat,0.03122,0.05294,0
[38563],[37697],0.05263,0.03153,0
[38563],[38330],0.03153,0.05263,1
[38563],G419gat,0.05287,0.03129,0
[38563],G420gat,0.05124,0.03292,0
[38563],G421gat,0.05138,0.03278,0
[38563],G422gat,0.05084,0.03332,0
[38563],G446gat,0.05413,0.03003,0
[38563],[37705],0.05136,0.0328,0
[38563],G447gat,0.0328,0.05136,0
[38563],[37709],0.05254,0.03162,0
[38563],G448gat,0.03024,0.05392,0
[38563],[37714],0.0509,0.03326,0
[38563],G449gat,0.03005,0.05411,0
[38563],[37730],0.0428,0.04136,0
[38563],G366gat,0.04137,0.04279,1
[38563],G463gat,0.04282,0.04134,0
[38563],G533gat,0.04201,0.04215,1
[38563],G767gat,0.04131,0.04285,0
[38563],[37747],0.07278,0.01138,0
[38563],G385gat,0.04206,0.0421,1
[38563],G495gat,0.0419,0.04226,1
[38563],G547gat,0.04278,0.04138,0
[38563],G768gat,0.04231,0.04185,0
[38563],[37787],0.05264,0.03152,0
[38563],G348gat,0.0299,0.05426,1
[38563],[37789],0.05428,0.02988,0
[38563],[37756],0.05142,0.03274,0
[38563],[37707],0.04194,0.04222,1
[38563],G491gat,0.02985,0.05431,1
[38563],[38719],0.05431,0.02985,0
[38563],[39009],0.04816,0.036,0
[38563],[39003],0.0537,0.03046,0
[38563],[38927],0.0394,0.04476,1
[38563],[37698],0.04179,0.04237,1
[38563],G294gat,0.033,0.05116,1
[38563],[37767],0.05329,0.03087,0
[38563],G375gat,0.04183,0.04233,1
[38563],[39005],0.0541,0.03006,0
[38563],[38932],0.03071,0.05345,1
[38563],G543gat,0.05433,0.02983,0
[38563],[37770],0.02987,0.05429,1
[38563],G731gat,0.05437,0.02979,0
[38563],[37790],0.02979,0.05437,1
[38563],[37771],0.04864,0.03552,0
[38563],[38714],0.00573,0.07843,1
[38563],G540gat,0.04959,0.03457,0
[38563],[37793],0.03465,0.04951,1
[38563],[38447],0.02988,0.05428,1
[38563],G704gat,0.05205,0.03211,0
[38563],[37795],0.052,0.03216,0
[38563],[38732],0.0441,0.04006,0
[38563],[37796],0.04243,0.04173,1
[38563],G541gat,0.04904,0.03512,0
[38563],[37799],0.03517,0.04899,1
[38563],[37800],0.05131,0.03285,0
[38563],[38741],0.04447,0.03969,0
[38563],G542gat,0.04917,0.03499,0
[38563],[37803],0.03505,0.04911,1
[38563],[38752],0.0459,0.03826,0
[38563],[37807],0.05208,0.03208,0
[38563],[38621],0.03208,0.05208,1
[38563],[38574],0.03552,0.04864,1
[38563],[38585],0.04173,0.04243,1
[38563],G712gat,0.04775,0.03641,0
[38563],[37825],0.03643,0.04773,1
[38563],[37815],0.04275,0.04141,1
[38563],[38599],0.04141,0.04275,1
[38563],[37826],0.04055,0.04361,1
[38563],G782gat,0.04864,0.03552,1
[38563],[38617],0.04361,0.04055,1
[38563],[38379],0.05429,0.02987,0
[38563],G721gat,0.0475,0.03666,0
[38563],G536gat,0.04867,0.03549,0
[38563],[37838],0.05317,0.03099,0
[38563],[38955],0.03099,0.05317,1
[38563],[38862],0.05367,0.03049,0
[38563],[37754],0.0423,0.04186,0
[38563],[38925],0.03274,0.05142,1
[38563],[38864],0.05437,0.02979,0
[38563],[37842],0.0361,0.04806,1
[38563],[37843],0.05112,0.03304,0
[38563],G537gat,0.04814,0.03602,0
[38563],[38888],0.0538,0.03036,0
[38563],[37846],0.03631,0.04785,1
[38563],[37847],0.05091,0.03325,0
[38563],[38791],0.04449,0.03967,0
[38563],G538gat,0.048,0.03616,0
[38563],[38897],0.05384,0.03032,0
[38563],[37850],0.0366,0.04756,1
[38563],[37851],0.05088,0.03328,0
[38563],[38690],0.03328,0.05088,1
[38563],G539gat,0.04856,0.0356,0
[38563],[38879],0.05399,0.03017,0
[38563],[37856],0.03593,0.04823,1
[38563],[37857],0.05148,0.03268,0
[38563],[38653],0.03268,0.05148,1
[38563],[38804],0.04542,0.03874,0
[38563],[38774],0.04501,0.03915,0
[38563],[38637],0.04492,0.03924,0
[38563],G696gat,0.05137,0.03279,0
[38563],[37865],0.04204,0.04212,1
[38563],G669gat,0.05149,0.03267,0
[38563],[37871],0.04249,0.04167,1
[38563],G677gat,0.05156,0.0326,0
[38563],[37877],0.04313,0.04103,1
[38563],[37064],0.04951,0.03465,1
[38563],G686gat,0.0509,0.03326,0
[38563],[37886],0.04223,0.04193,1
[38563],G1gat,0.04543,0.03873,0
[38563],G8gat,0.04167,0.04249,0
[38563],G17gat,0.04181,0.04235,0
[38563],G26gat,0.04195,0.04221,0
[38563],G29gat,0.0424,0.04176,0
[38563],G42gat,0.04205,0.04211,0
[38563],G51gat,0.04151,0.04265,0
[38563],G55gat,0.04222,0.04194,0
[38563],G59gat,0.04237,0.04179,0
[38563],G75gat,0.0413,0.04286,0
[38563],G80gat,0.04191,0.04225,0
[38563],G126gat,0.04136,0.0428,0
[38563],G153gat,0.03775,0.04641,0
[38563],G156gat,0.04183,0.04233,0
[38563],G201gat,0.01138,0.07278,0
[38563],G268gat,0.04186,0.0423,0
[37772],[37747],0.03986,0.24276,2
[37772],G201gat,0.24276,0.03986,1
[38714],[37747],0.30742,0.03987,2
[38714],G201gat,0.03987,0.30742,2
[37771],1,0.03519,,2
[37771],G446gat,0.03753,0.31867,1
[37771],G448gat,0.31564,0.04056,1
[37771],G449gat,0.31827,0.03793,1
[37771],G348gat,0.31987,0.03633,1
[37771],[37789],0.03569,0.32051,2
[37771],G491gat,0.321,0.0352,1
[37771],[38719],0.0352,0.321,2
[37771],[39003],0.04184,0.31436,2
[37771],[37767],0.04609,0.31011,2
[37771],[39005],0.0381,0.3181,2
[37771],[38932],0.31042,0.04578,1
[37771],G543gat,0.03398,0.32222,2
[37771],[38447],0.32051,0.03569,1
[37771],[38379],0.03549,0.32071,2
[37771],[37838],0.04873,0.30747,2
[37771],[38955],0.30747,0.04873,1
[37771],[38862],0.04188,0.31432,2
[37771],[38864],0.03546,0.32074,2
[37771],[38888],0.0418,0.3144,2
[37771],[38897],0.04221,0.31399,2
[37771],[38879],0.04029,0.31591,2
[37752],G219gat,0.2795,0,0
[37751],G210gat,0.30076,0,0
[38932],0,0.04816,,19
[38932],[37789],0.73881,0.04904,18
[38932],G491gat,0.04872,0.73913,19
[38932],[38447],0.04904,0.73881,19
[38932],[38864],0.73956,0.04829,18
[39005],1,0.01002,,8
[39005],[37697],0.0436,0.70611,8
[39005],[38330],0.70611,0.0436,7
[39005],G419gat,0.03865,0.71106,7
[39005],G446gat,0.01497,0.73474,7
[39005],[37709],0.04788,0.70183,8
[39005],G449gat,0.73526,0.01445,7
[39005],G348gat,0.73758,0.01213,7
[39005],[37789],0.011,0.73871,8
[39005],[39003],0.0253,0.72441,8
[39005],[37767],0.01538,0.73433,8
[39005],[37838],0.03327,0.71644,8
[39005],[38864],0.01041,0.7393,8
G375gat,0,0.01002,,4
G375gat,1,0.01062,,4
G375gat,[37685],0.01145,0.00919,3
G375gat,G390gat,0.00919,0.01145,3
G375gat,[37697],0.01042,0.01022,3
G375gat,[38330],0.01022,0.01042,4
G375gat,G422gat,0.01173,0.00891,3
G375gat,[37787],0.01115,0.00949,3
G375gat,G348gat,0.00983,0.01081,4
G375gat,[37767],0.00924,0.0114,4
G375gat,G17gat,0.0112,0.00944,3
G375gat,G42gat,0.00776,0.01288,3
[37767],1,0.03527,,4
G294gat,0,0.00536,,4
G294gat,1,0.03527,,4
G294gat,G388gat,0.0053,0.03533,3
G294gat,[37685],0.03252,0.00811,3
G294gat,G390gat,0.00811,0.03252,3
G294gat,G419gat,0.0302,0.01043,4
G294gat,G420gat,0.03585,0.00478,3
G294gat,G421gat,0.03298,0.00765,3
G294gat,G422gat,0.03527,0.00536,3
G294gat,[37714],0.03307,0.00756,3
G294gat,G449gat,0.00594,0.03469,3
G294gat,[37787],0.0352,0.00543,3
G294gat,G348gat,0.00528,0.03535,4
G294gat,[37756],0.03345,0.00718,3
G294gat,[39009],0.03212,0.00851,3
G294gat,[39003],0.02418,0.01645,4
G294gat,G375gat,0.02435,0.01628,4
G294gat,[37838],0.03039,0.01024,4
G294gat,[38925],0.00718,0.03345,4
G294gat,G42gat,0.01628,0.02435,3
G294gat,G59gat,0.01359,0.02704,3
G294gat,G75gat,0.01443,0.0262,3
[37698],0,0.00516,,1
[37698],1,0.00536,,1
[37698],G59gat,0.01052,0,0
[38927],[37688],0.02228,0.57275,5
[38927],G1gat,0.57275,0.02228,4
[39003],1,0.02228,,3
[39003],[37688],0.26227,0.02228,2
[39003],[37697],0.03253,0.25202,3
[39003],[37705],0.04101,0.24354,3
[39003],[37787],0.03842,0.24613,3
[39003],[37767],0.02782,0.25673,3
[39003],[37838],0.02493,0.25962,3
[39003],G1gat,0.02228,0.26227,2
[39009],0,0.04068,,2
[39009],1,0.0117,,2
[39009],[37698],0.01365,0.03873,2
[39009],G59gat,0.03873,0.01365,1
[39009],G156gat,0.03854,0.01384,1
[38719],1,0.00232,,6
[38719],G418gat,0.60097,0.04041,5
[38719],[37697],0.04009,0.60129,6
[38719],[38330],0.60129,0.04009,5
[38719],G419gat,0.03535,0.60603,5
[38719],G446gat,0.00706,0.63432,5
[38719],[37709],0.04433,0.59705,6
[38719],G448gat,0.62887,0.01251,5
[38719],G449gat,0.63391,0.00747,5
[38719],G348gat,0.63655,0.00483,5
[38719],[37789],0.00351,0.63787,6
[38719],[39003],0.02183,0.61955,6
[38719],[37767],0.03112,0.61026,6
[38719],[39005],0.00993,0.63145,6
[38719],[38447],0.63787,0.00351,5
[38719],[38379],0.00293,0.63845,6
[38719],[37838],0.02749,0.61389,6
[38719],[38955],0.61389,0.02749,5
[38719],[38862],0.01388,0.6275,6
[38719],[38864],0.00219,0.63919,6
[38719],[38888],0.01396,0.62742,6
[38719],[38897],0.01446,0.62692,6
[38719],[38879],0.01386,0.62752,6
G491gat,0,0.00232,,5
G491gat,G418gat,0.04041,0.60097,4
G491gat,[37697],0.60129,0.04009,4
G491gat,[38330],0.04009,0.60129,5
G491gat,G419gat,0.60603,0.03535,4
G491gat,G446gat,0.63432,0.00706,4
G491gat,[37709],0.59705,0.04433,4
G491gat,G448gat,0.01251,0.62887,4
G491gat,G449gat,0.00747,0.63391,4
G491gat,G348gat,0.00483,0.63655,5
G491gat,[37789],0.63787,0.00351,4
G491gat,[39003],0.61955,0.02183,4
G491gat,[37767],0.61026,0.03112,4
G491gat,[38447],0.00351,0.63787,5
G491gat,[37838],0.61389,0.02749,4
G491gat,[38955],0.02749,0.61389,5
G491gat,[38864],0.63919,0.00219,4
[37707],0,0.0023,,1
[37707],1,0.00232,,1
[37707],G55gat,0.00462,0,0
[37756],0,0.0281,,3
[37756],1,0.00393,,3
[37756],[37678],0.01172,0.02031,3
[37756],[37679],0.01287,0.01916,3
[37756],[37681],0.01238,0.01965,3
[37756],[37685],0.00594,0.02609,3
[37756],G420gat,0.00424,0.02779,2
[37756],G421gat,0.00585,0.02618,2
[37756],G29gat,0.02031,0.01172,2
[37756],G75gat,0.01916,0.01287,2
[37756],G80gat,0.01965,0.01238,2
[37789],1,0.00064,,8
[37789],[37685],0.04605,0.32006,8
[37789],G390gat,0.32006,0.04605,7
[37789],[37697],0.02143,0.34468,8
[37789],[38330],0.34468,0.02143,7
[37789],G419gat,0.01891,0.3472,7
[37789],G420gat,0.04587,0.32024,7
[37789],G421gat,0.0458,0.32031,7
[37789],G422gat,0.04624,0.31987,7
[37789],G446gat,0.00316,0.36295,7
[37789],[37705],0.04601,0.3201,8
[37789],G447gat,0.3201,0.04601,7
[37789],[37709],0.02043,0.34568,8
[37789],[37714],0.04648,0.31963,8
[37789],G449gat,0.36335,0.00276,7
[37789],[37787],0.02249,0.34362,4
[37789],[39003],0.01804,0.34807,8
[37789],[37767],0.02311,0.343,8
[37789],[37838],0.01735,0.34876,8
[37789],[38864],0.00158,0.36453,8
G348gat,0,0.00064,,6
G348gat,[37685],0.15997,0.02335,5
G348gat,G390gat,0.02335,0.15997,5
G348gat,[37697],0.17232,0.011,5
G348gat,[38330],0.011,0.17232,6
G348gat,G420gat,0.16046,0.02286,5
G348gat,G421gat,0.16034,0.02298,5
G348gat,G422gat,0.16025,0.02307,5
G348gat,[37705],0.15971,0.02361,5
G348gat,G447gat,0.02361,0.15971,5
G348gat,[37714],0.16061,0.02271,5
G348gat,G449gat,0.00139,0.18193,5
G348gat,[39009],0.13741,0.04591,5
G348gat,[37767],0.17174,0.01158,5
[37787],0,0.01015,,4
[37787],1,0.00064,,4
[37787],[37677],0.00466,0.00613,4
[37787],[37685],0.00161,0.00918,4
[37787],G420gat,0.0016,0.00919,3
[37787],G421gat,0.00158,0.00921,3
[37787],G422gat,0.00139,0.0094,3
[37787],[37710],0.00482,0.00597,4
[37787],[37714],0.00139,0.0094,4
[37787],[39009],0.00278,0.00801,4
[37787],[37698],0.00479,0.006,4
[37787],G42gat,0.00613,0.00466,3
[37787],G59gat,0.006,0.00479,3
[37787],G68gat,0.00597,0.00482,3
[37787],G72gat,0.00594,0.00485,3
[37747],G201gat,0.50229,0,0
[37746],G195gat,0.50004,0,0
[37744],G189gat,0.50081,0,0
[37743],G183gat,0.50058,0,0
[37738],G177gat,0.49917,0,0
[37737],G171gat,0.50116,0,0
[37735],G165gat,0.49869,0,0
[37734],G159gat,0.49885,0,0
[37730],G126gat,0.49912,0,0
[37729],G121gat,0.58205,0,0
[37727],G116gat,0.50003,0,0
[37726],G111gat,0.58698,0,0
[37721],G106gat,0.50224,0,0
[37720],G101gat,0.50105,0,0
[37718],G96gat,0.50151,0,0
[37717],G91gat,0.49953,0,0
G449gat,0,0.00783,,5
G449gat,G348gat,0.0078,0.9922,5
[37714],1,0.00783,,3
[37714],G420gat,0.0112,0.05091,2
[37714],G421gat,0.01147,0.05064,2
[37714],G422gat,0.0119,0.05021,2
[37714],[37710],0.02359,0.03852,3
[37714],[39009],0.01527,0.04684,3
[37714],[37698],0.02271,0.0394,3
[37714],G59gat,0.0394,0.02271,2
[37714],G68gat,0.03852,0.02359,2
[37714],G74gat,0.03858,0.02353,2
G448gat,0,0.01559,,4
G448gat,G449gat,0.01542,0.98458,3
G448gat,G348gat,0.0159,0.9841,4
[37710],0,0.01535,,1
[37710],1,0.01559,,1
[37710],G68gat,0.03094,0,0
[37709],1,0.01957,,4
[37709],[37697],0.02961,0.2851,4
[37709],[37705],0.04979,0.26492,4
[37709],[37767],0.02984,0.28487,4
G446gat,1,0.00802,,3
G446gat,G449gat,0.98473,0.01527,2
G446gat,G348gat,0.98847,0.01153,2
G446gat,[37789],0.00983,0.99017,3
G446gat,[39003],0.04986,0.95014,3
G446gat,[38864],0.01057,0.98943,3
G419gat,[37697],0.00802,0.99198,3
[37692],G17gat,0.13236,0,0
[37691],G13gat,0.12427,0,0
[37689],G8gat,0.12368,0,0
[37688],G1gat,0.12587,0,0
[37682],G36gat,0.25124,0,0
[37681],G80gat,0.25038,0,0
[37679],G75gat,0.25585,0,0
[37678],G29gat,0.45443,0,0
[37677],G42gat,0.2651,0,0
